{"value": [{"zip_code":"59923","country":"US","city":"Libby","state":"Montana","state_ab":"MT","county":"Lincoln","geo_location":{"type": "Point", "coordinates": [48.3773,-115.5391]}},
{"zip_code":"59729","country":"US","city":"Ennis","state":"Montana","state_ab":"MT","county":"Madison","geo_location":{"type": "Point", "coordinates": [45.3545,-111.687]}},
{"zip_code":"59820","country":"US","city":"Alberton","state":"Montana","state_ab":"MT","county":"Mineral","geo_location":{"type": "Point", "coordinates": [46.9806,-114.4921]}},
{"zip_code":"59806","country":"US","city":"Missoula","state":"Montana","state_ab":"MT","county":"Missoula","geo_location":{"type": "Point", "coordinates": [47.116,-114.0498]}},
{"zip_code":"59846","country":"US","city":"Huson","state":"Montana","state_ab":"MT","county":"Missoula","geo_location":{"type": "Point", "coordinates": [47.066,-114.4219]}},
{"zip_code":"59059","country":"US","city":"Musselshell","state":"Montana","state_ab":"MT","county":"Musselshell","geo_location":{"type": "Point", "coordinates": [46.5171,-108.0031]}},
{"zip_code":"59073","country":"US","city":"Roundup","state":"Montana","state_ab":"MT","county":"Musselshell","geo_location":{"type": "Point", "coordinates": [46.4442,-108.3955]}},
{"zip_code":"59020","country":"US","city":"Cooke City","state":"Montana","state_ab":"MT","county":"Park","geo_location":{"type": "Point", "coordinates": [45.0234,-109.907]}},
{"zip_code":"59086","country":"US","city":"Wilsall","state":"Montana","state_ab":"MT","county":"Park","geo_location":{"type": "Point", "coordinates": [45.9484,-110.6061]}},
{"zip_code":"59486","country":"US","city":"Valier","state":"Montana","state_ab":"MT","county":"Pondera","geo_location":{"type": "Point", "coordinates": [48.2795,-112.3033]}},
{"zip_code":"59343","country":"US","city":"Olive","state":"Montana","state_ab":"MT","county":"Powder River","geo_location":{"type": "Point", "coordinates": [45.3911,-105.6305]}},
{"zip_code":"59833","country":"US","city":"Florence","state":"Montana","state_ab":"MT","county":"Ravalli","geo_location":{"type": "Point", "coordinates": [46.631,-114.0945]}},
{"zip_code":"59213","country":"US","city":"Brockton","state":"Montana","state_ab":"MT","county":"Roosevelt","geo_location":{"type": "Point", "coordinates": [48.2101,-104.8548]}},
{"zip_code":"59226","country":"US","city":"Froid","state":"Montana","state_ab":"MT","county":"Roosevelt","geo_location":{"type": "Point", "coordinates": [48.3201,-104.4518]}},
{"zip_code":"59859","country":"US","city":"Plains","state":"Montana","state_ab":"MT","county":"Sanders","geo_location":{"type": "Point", "coordinates": [47.4734,-114.893]}},
{"zip_code":"59873","country":"US","city":"Thompson Falls","state":"Montana","state_ab":"MT","county":"Sanders","geo_location":{"type": "Point", "coordinates": [47.6016,-115.3602]}},
{"zip_code":"59703","country":"US","city":"Butte","state":"Montana","state_ab":"MT","county":"Silver Bow","geo_location":{"type": "Point", "coordinates": [45.9053,-112.6377]}},
{"zip_code":"59743","country":"US","city":"Melrose","state":"Montana","state_ab":"MT","county":"Silver Bow","geo_location":{"type": "Point", "coordinates": [45.9053,-112.6377]}},
{"zip_code":"59019","country":"US","city":"Columbus","state":"Montana","state_ab":"MT","county":"Stillwater","geo_location":{"type": "Point", "coordinates": [45.6262,-109.2571]}},
{"zip_code":"59033","country":"US","city":"Greycliff","state":"Montana","state_ab":"MT","county":"Sweet Grass","geo_location":{"type": "Point", "coordinates": [45.6963,-109.8551]}},
{"zip_code":"59419","country":"US","city":"Bynum","state":"Montana","state_ab":"MT","county":"Teton","geo_location":{"type": "Point", "coordinates": [47.99,-112.2762]}},
{"zip_code":"59433","country":"US","city":"Dutton","state":"Montana","state_ab":"MT","county":"Teton","geo_location":{"type": "Point", "coordinates": [47.8601,-111.69]}},
{"zip_code":"59240","country":"US","city":"Glentana","state":"Montana","state_ab":"MT","county":"Valley","geo_location":{"type": "Point", "coordinates": [48.3302,-106.6097]}},
{"zip_code":"59006","country":"US","city":"Ballantine","state":"Montana","state_ab":"MT","county":"Yellowstone","geo_location":{"type": "Point", "coordinates": [45.9547,-108.1231]}},
{"zip_code":"27340","country":"US","city":"Saxapahaw","state":"North Carolina","state_ab":"NC","county":"Alamance","geo_location":{"type": "Point", "coordinates": [35.9488,-79.3297]}},
{"zip_code":"28626","country":"US","city":"Fleetwood","state":"North Carolina","state_ab":"NC","county":"Ashe","geo_location":{"type": "Point", "coordinates": [36.2814,-81.514]}},
{"zip_code":"28640","country":"US","city":"Jefferson","state":"North Carolina","state_ab":"NC","county":"Ashe","geo_location":{"type": "Point", "coordinates": [36.409,-81.4396]}},
{"zip_code":"28693","country":"US","city":"Warrensville","state":"North Carolina","state_ab":"NC","county":"Ashe","geo_location":{"type": "Point", "coordinates": [36.4572,-81.5465]}},
{"zip_code":"28653","country":"US","city":"Montezuma","state":"North Carolina","state_ab":"NC","county":"Avery","geo_location":{"type": "Point", "coordinates": [36.0651,-81.9017]}},
{"zip_code":"28433","country":"US","city":"Clarkton","state":"North Carolina","state_ab":"NC","county":"Bladen","geo_location":{"type": "Point", "coordinates": [34.503,-78.6313]}},
{"zip_code":"28420","country":"US","city":"Ash","state":"North Carolina","state_ab":"NC","county":"Brunswick","geo_location":{"type": "Point", "coordinates": [34.0659,-78.5056]}},
{"zip_code":"28459","country":"US","city":"Shallotte","state":"North Carolina","state_ab":"NC","county":"Brunswick","geo_location":{"type": "Point", "coordinates": [33.9334,-78.4129]}},
{"zip_code":"28730","country":"US","city":"Fairview","state":"North Carolina","state_ab":"NC","county":"Buncombe","geo_location":{"type": "Point", "coordinates": [35.5258,-82.3985]}},
{"zip_code":"28770","country":"US","city":"Ridgecrest","state":"North Carolina","state_ab":"NC","county":"Buncombe","geo_location":{"type": "Point", "coordinates": [35.6186,-82.3005]}},
{"zip_code":"28806","country":"US","city":"Asheville","state":"North Carolina","state_ab":"NC","county":"Buncombe","geo_location":{"type": "Point", "coordinates": [35.5808,-82.6078]}},
{"zip_code":"28666","country":"US","city":"Icard","state":"North Carolina","state_ab":"NC","county":"Burke","geo_location":{"type": "Point", "coordinates": [35.73,-81.4954]}},
{"zip_code":"28680","country":"US","city":"Morganton","state":"North Carolina","state_ab":"NC","county":"Burke","geo_location":{"type": "Point", "coordinates": [35.7507,-81.6953]}},
{"zip_code":"28589","country":"US","city":"Williston","state":"North Carolina","state_ab":"NC","county":"Carteret","geo_location":{"type": "Point", "coordinates": [34.8739,-76.5871]}},
{"zip_code":"27379","country":"US","city":"Yanceyville","state":"North Carolina","state_ab":"NC","county":"Caswell","geo_location":{"type": "Point", "coordinates": [36.3907,-79.3465]}},
{"zip_code":"28613","country":"US","city":"Conover","state":"North Carolina","state_ab":"NC","county":"Catawba","geo_location":{"type": "Point", "coordinates": [35.7313,-81.2165]}},
{"zip_code":"27559","country":"US","city":"Moncure","state":"North Carolina","state_ab":"NC","county":"Chatham","geo_location":{"type": "Point", "coordinates": [35.6306,-79.0839]}},
{"zip_code":"7076","country":"US","city":"Scotch Plains","state":"New Jersey","state_ab":"NJ","county":"Union","geo_location":{"type": "Point", "coordinates": [40.6379,-74.3682]}},
{"zip_code":"7090","country":"US","city":"Westfield","state":"New Jersey","state_ab":"NJ","county":"Union","geo_location":{"type": "Point", "coordinates": [40.6479,-74.3451]}},
{"zip_code":"7203","country":"US","city":"Roselle","state":"New Jersey","state_ab":"NJ","county":"Union","geo_location":{"type": "Point", "coordinates": [40.653,-74.261]}},
{"zip_code":"7216","country":"US","city":"Elizabeth","state":"New Jersey","state_ab":"NJ","county":"Union County","geo_location":{"type": "Point", "coordinates": [40.6638,-74.2109]}},
{"zip_code":"7823","country":"US","city":"Belvidere","state":"New Jersey","state_ab":"NJ","county":"Warren","geo_location":{"type": "Point", "coordinates": [40.8308,-75.0503]}},
{"zip_code":"7863","country":"US","city":"Oxford","state":"New Jersey","state_ab":"NJ","county":"Warren","geo_location":{"type": "Point", "coordinates": [40.8105,-75.0019]}},
{"zip_code":"87113","country":"US","city":"Albuquerque","state":"New Mexico","state_ab":"NM","county":"Bernalillo","geo_location":{"type": "Point", "coordinates": [35.1759,-106.6015]}},
{"zip_code":"87140","country":"US","city":"Albuquerque","state":"New Mexico","state_ab":"NM","county":"Bernalillo","geo_location":{"type": "Point", "coordinates": [35.0443,-106.6729]}},
{"zip_code":"87153","country":"US","city":"Albuquerque","state":"New Mexico","state_ab":"NM","county":"Bernalillo","geo_location":{"type": "Point", "coordinates": [35.0443,-106.6729]}},
{"zip_code":"87180","country":"US","city":"Albuquerque","state":"New Mexico","state_ab":"NM","county":"Bernalillo","geo_location":{"type": "Point", "coordinates": [35.0443,-106.6729]}},
{"zip_code":"87193","country":"US","city":"Albuquerque","state":"New Mexico","state_ab":"NM","county":"Bernalillo","geo_location":{"type": "Point", "coordinates": [35.0443,-106.6729]}},
{"zip_code":"88039","country":"US","city":"Glenwood","state":"New Mexico","state_ab":"NM","county":"Catron","geo_location":{"type": "Point", "coordinates": [33.3048,-108.7743]}},
{"zip_code":"87049","country":"US","city":"San Fidel","state":"New Mexico","state_ab":"NM","county":"Cibola","geo_location":{"type": "Point", "coordinates": [35.1454,-107.8373]}},
{"zip_code":"88103","country":"US","city":"Cannon Afb","state":"New Mexico","state_ab":"NM","county":"Curry","geo_location":{"type": "Point", "coordinates": [34.3841,-103.3154]}},
{"zip_code":"87940","country":"US","city":"Rincon","state":"New Mexico","state_ab":"NM","county":"Doña Ana","geo_location":{"type": "Point", "coordinates": [32.6597,-107.0643]}},
{"zip_code":"88220","country":"US","city":"Carlsbad","state":"New Mexico","state_ab":"NM","county":"Eddy","geo_location":{"type": "Point", "coordinates": [32.4119,-104.2395]}},
{"zip_code":"88026","country":"US","city":"Santa Clara","state":"New Mexico","state_ab":"NM","county":"Grant","geo_location":{"type": "Point", "coordinates": [32.7936,-108.0752]}},
{"zip_code":"88040","country":"US","city":"Hachita","state":"New Mexico","state_ab":"NM","county":"Grant","geo_location":{"type": "Point", "coordinates": [31.8904,-108.3316]}},
{"zip_code":"88053","country":"US","city":"Pinos Altos","state":"New Mexico","state_ab":"NM","county":"Grant","geo_location":{"type": "Point", "coordinates": [32.8614,-108.2192]}},
{"zip_code":"87733","country":"US","city":"Mosquero","state":"New Mexico","state_ab":"NM","county":"Harding","geo_location":{"type": "Point", "coordinates": [35.8041,-103.9021]}},
{"zip_code":"87746","country":"US","city":"Solano","state":"New Mexico","state_ab":"NM","county":"Harding","geo_location":{"type": "Point", "coordinates": [35.8041,-103.9021]}},
{"zip_code":"88260","country":"US","city":"Lovington","state":"New Mexico","state_ab":"NM","county":"Lea","geo_location":{"type": "Point", "coordinates": [32.9512,-103.3488]}},
{"zip_code":"88323","country":"US","city":"Fort Stanton","state":"New Mexico","state_ab":"NM","county":"Lincoln","geo_location":{"type": "Point", "coordinates": [33.6444,-105.874]}},
{"zip_code":"88336","country":"US","city":"Hondo","state":"New Mexico","state_ab":"NM","county":"Lincoln","geo_location":{"type": "Point", "coordinates": [33.7397,-105.6294]}},
{"zip_code":"87319","country":"US","city":"Mentmore","state":"New Mexico","state_ab":"NM","county":"McKinley","geo_location":{"type": "Point", "coordinates": [35.5042,-108.8317]}},
{"zip_code":"87320","country":"US","city":"Mexican Springs","state":"New Mexico","state_ab":"NM","county":"McKinley","geo_location":{"type": "Point", "coordinates": [35.7837,-108.819]}},
{"zip_code":"88310","country":"US","city":"Alamogordo","state":"New Mexico","state_ab":"NM","county":"Otero","geo_location":{"type": "Point", "coordinates": [32.8932,-105.9485]}},
{"zip_code":"88349","country":"US","city":"Sunspot","state":"New Mexico","state_ab":"NM","county":"Otero","geo_location":{"type": "Point", "coordinates": [32.8672,-105.7811]}},
{"zip_code":"88350","country":"US","city":"Timberon","state":"New Mexico","state_ab":"NM","county":"Otero","geo_location":{"type": "Point", "coordinates": [32.6295,-105.6945]}},
{"zip_code":"88426","country":"US","city":"Logan","state":"New Mexico","state_ab":"NM","county":"Quay","geo_location":{"type": "Point", "coordinates": [35.3681,-103.4383]}},
{"zip_code":"87539","country":"US","city":"La Madera","state":"New Mexico","state_ab":"NM","county":"Rio Arriba","geo_location":{"type": "Point", "coordinates": [36.4654,-106.5785]}},
{"zip_code":"87566","country":"US","city":"San Juan Pueblo","state":"New Mexico","state_ab":"NM","county":"Rio Arriba","geo_location":{"type": "Point", "coordinates": [36.0489,-106.0793]}},
{"zip_code":"88116","country":"US","city":"Elida","state":"New Mexico","state_ab":"NM","county":"Roosevelt","geo_location":{"type": "Point", "coordinates": [33.9405,-103.6323]}},
{"zip_code":"88130","country":"US","city":"Portales","state":"New Mexico","state_ab":"NM","county":"Roosevelt","geo_location":{"type": "Point", "coordinates": [34.1799,-103.3363]}},
{"zip_code":"87410","country":"US","city":"Aztec","state":"New Mexico","state_ab":"NM","county":"San Juan","geo_location":{"type": "Point", "coordinates": [36.8205,-108.011]}},
{"zip_code":"88439","country":"US","city":"Trementina","state":"New Mexico","state_ab":"NM","county":"San Miguel","geo_location":{"type": "Point", "coordinates": [35.4563,-104.6796]}},
{"zip_code":"87010","country":"US","city":"Cerrillos","state":"New Mexico","state_ab":"NM","county":"Santa Fe","geo_location":{"type": "Point", "coordinates": [35.423,-106.1317]}},
{"zip_code":"87540","country":"US","city":"Lamy","state":"New Mexico","state_ab":"NM","county":"Santa Fe","geo_location":{"type": "Point", "coordinates": [35.4311,-105.9409]}},
{"zip_code":"87939","country":"US","city":"Monticello","state":"New Mexico","state_ab":"NM","county":"Sierra","geo_location":{"type": "Point", "coordinates": [33.4127,-107.4886]}},
{"zip_code":"87823","country":"US","city":"Lemitar","state":"New Mexico","state_ab":"NM","county":"Socorro","geo_location":{"type": "Point", "coordinates": [34.156,-106.9044]}},
{"zip_code":"87513","country":"US","city":"Arroyo Hondo","state":"New Mexico","state_ab":"NM","county":"Taos","geo_location":{"type": "Point", "coordinates": [36.5796,-105.6873]}},
{"zip_code":"87553","country":"US","city":"Penasco","state":"New Mexico","state_ab":"NM","county":"Taos","geo_location":{"type": "Point", "coordinates": [36.1763,-105.7105]}},
{"zip_code":"87579","country":"US","city":"Vadito","state":"New Mexico","state_ab":"NM","county":"Taos","geo_location":{"type": "Point", "coordinates": [36.1338,-105.5712]}},
{"zip_code":"87580","country":"US","city":"Valdez","state":"New Mexico","state_ab":"NM","county":"Taos","geo_location":{"type": "Point", "coordinates": [36.5701,-105.5658]}},
{"zip_code":"87009","country":"US","city":"Cedarvale","state":"New Mexico","state_ab":"NM","county":"Torrance","geo_location":{"type": "Point", "coordinates": [34.6509,-105.8806]}},
{"zip_code":"87036","country":"US","city":"Mountainair","state":"New Mexico","state_ab":"NM","county":"Torrance","geo_location":{"type": "Point", "coordinates": [34.5158,-106.2577]}},
{"zip_code":"87063","country":"US","city":"Willard","state":"New Mexico","state_ab":"NM","county":"Torrance","geo_location":{"type": "Point", "coordinates": [34.5754,-106.0307]}},
{"zip_code":"87023","country":"US","city":"Jarales","state":"New Mexico","state_ab":"NM","county":"Valencia","geo_location":{"type": "Point", "coordinates": [34.592,-106.7611]}},
{"zip_code":"89496","country":"US","city":"Fallon","state":"Nevada","state_ab":"NV","county":"Churchill","geo_location":{"type": "Point", "coordinates": [39.538,-118.3436]}},
{"zip_code":"88903","country":"US","city":"Winchester","state":"Nevada","state_ab":"NV","county":"Clark County","geo_location":{"type": "Point", "coordinates": [36.1749,-115.1363]}},
{"zip_code":"89016","country":"US","city":"Henderson","state":"Nevada","state_ab":"NV","county":"Clark","geo_location":{"type": "Point", "coordinates": [35.9279,-114.9721]}},
{"zip_code":"89029","country":"US","city":"Laughlin","state":"Nevada","state_ab":"NV","county":"Clark","geo_location":{"type": "Point", "coordinates": [35.1321,-114.6368]}},
{"zip_code":"89030","country":"US","city":"North Las Vegas","state":"Nevada","state_ab":"NV","county":"Clark","geo_location":{"type": "Point", "coordinates": [36.2115,-115.1241]}},
{"zip_code":"89070","country":"US","city":"Indian Springs","state":"Nevada","state_ab":"NV","county":"Clark","geo_location":{"type": "Point", "coordinates": [35.9279,-114.9721]}},
{"zip_code":"89106","country":"US","city":"Las Vegas","state":"Nevada","state_ab":"NV","county":"Clark","geo_location":{"type": "Point", "coordinates": [36.1847,-115.1617]}},
{"zip_code":"89119","country":"US","city":"Las Vegas","state":"Nevada","state_ab":"NV","county":"Clark","geo_location":{"type": "Point", "coordinates": [36.1008,-115.1365]}},
{"zip_code":"89120","country":"US","city":"Las Vegas","state":"Nevada","state_ab":"NV","county":"Clark","geo_location":{"type": "Point", "coordinates": [36.0914,-115.0885]}},
{"zip_code":"89133","country":"US","city":"Las Vegas","state":"Nevada","state_ab":"NV","county":"Clark","geo_location":{"type": "Point", "coordinates": [35.9279,-114.9721]}},
{"zip_code":"89146","country":"US","city":"Las Vegas","state":"Nevada","state_ab":"NV","county":"Clark","geo_location":{"type": "Point", "coordinates": [36.1424,-115.2242]}},
{"zip_code":"89159","country":"US","city":"Las Vegas","state":"Nevada","state_ab":"NV","county":"Clark","geo_location":{"type": "Point", "coordinates": [35.9279,-114.9721]}},
{"zip_code":"89160","country":"US","city":"Las Vegas","state":"Nevada","state_ab":"NV","county":"Clark","geo_location":{"type": "Point", "coordinates": [35.9279,-114.9721]}},
{"zip_code":"89173","country":"US","city":"Las Vegas","state":"Nevada","state_ab":"NV","county":"Clark","geo_location":{"type": "Point", "coordinates": [35.9279,-114.9721]}},
{"zip_code":"89199","country":"US","city":"Las Vegas","state":"Nevada","state_ab":"NV","county":"Clark","geo_location":{"type": "Point", "coordinates": [35.9279,-114.9721]}},
{"zip_code":"89803","country":"US","city":"Elko","state":"Nevada","state_ab":"NV","county":"Elko","geo_location":{"type": "Point", "coordinates": [41.0594,-115.5296]}},
{"zip_code":"89830","country":"US","city":"Montello","state":"Nevada","state_ab":"NV","county":"Elko","geo_location":{"type": "Point", "coordinates": [41.0594,-115.5296]}},
{"zip_code":"89883","country":"US","city":"West Wendover","state":"Nevada","state_ab":"NV","county":"Elko","geo_location":{"type": "Point", "coordinates": [40.5045,-114.4126]}},
{"zip_code":"89043","country":"US","city":"Pioche","state":"Nevada","state_ab":"NV","county":"Lincoln","geo_location":{"type": "Point", "coordinates": [37.8981,-114.3968]}},
{"zip_code":"89403","country":"US","city":"Dayton","state":"Nevada","state_ab":"NV","county":"Lyon","geo_location":{"type": "Point", "coordinates": [39.2806,-119.5287]}},
{"zip_code":"89429","country":"US","city":"Silver Springs","state":"Nevada","state_ab":"NV","county":"Lyon","geo_location":{"type": "Point", "coordinates": [39.38,-119.2705]}},
{"zip_code":"89430","country":"US","city":"Smith","state":"Nevada","state_ab":"NV","county":"Lyon","geo_location":{"type": "Point", "coordinates": [38.7733,-119.3029]}},
{"zip_code":"89416","country":"US","city":"Hawthorne","state":"Nevada","state_ab":"NV","county":"Mineral County","geo_location":{"type": "Point", "coordinates": [38.5252,-118.627]}},
{"zip_code":"89003","country":"US","city":"Beatty","state":"Nevada","state_ab":"NV","county":"Nye","geo_location":{"type": "Point", "coordinates": [36.8199,-116.6094]}},
{"zip_code":"89506","country":"US","city":"Reno","state":"Nevada","state_ab":"NV","county":"Washoe","geo_location":{"type": "Point", "coordinates": [39.6412,-119.8735]}},
{"zip_code":"89519","country":"US","city":"Reno","state":"Nevada","state_ab":"NV","county":"Washoe County","geo_location":{"type": "Point", "coordinates": [39.4814,-119.8591]}},
{"zip_code":"89520","country":"US","city":"Reno","state":"Nevada","state_ab":"NV","county":"Washoe","geo_location":{"type": "Point", "coordinates": [40.5412,-119.5869]}},
{"zip_code":"89533","country":"US","city":"Reno","state":"Nevada","state_ab":"NV","county":"Washoe","geo_location":{"type": "Point", "coordinates": [39.5439,-119.9061]}},
{"zip_code":"89599","country":"US","city":"Reno","state":"Nevada","state_ab":"NV","county":"Washoe","geo_location":{"type": "Point", "coordinates": [40.5412,-119.5869]}},
{"zip_code":"89713","country":"US","city":"Carson City","state":"Nevada","state_ab":"NV","county":"Carson City (city)","geo_location":{"type": "Point", "coordinates": [39.1678,-119.7764]}},
{"zip_code":"12009","country":"US","city":"Altamont","state":"New York","state_ab":"NY","county":"Albany","geo_location":{"type": "Point", "coordinates": [42.7063,-74.0193]}},
{"zip_code":"12023","country":"US","city":"Berne","state":"New York","state_ab":"NY","county":"Albany","geo_location":{"type": "Point", "coordinates": [42.6108,-74.1466]}},
{"zip_code":"12193","country":"US","city":"Westerlo","state":"New York","state_ab":"NY","county":"Albany","geo_location":{"type": "Point", "coordinates": [42.5156,-74.0394]}},
{"zip_code":"12203","country":"US","city":"Albany","state":"New York","state_ab":"NY","county":"Albany","geo_location":{"type": "Point", "coordinates": [42.7003,-73.8575]}},
{"zip_code":"12229","country":"US","city":"Albany","state":"New York","state_ab":"NY","county":"Albany","geo_location":{"type": "Point", "coordinates": [42.6149,-73.9708]}},
{"zip_code":"12230","country":"US","city":"Albany","state":"New York","state_ab":"NY","county":"Albany","geo_location":{"type": "Point", "coordinates": [42.6149,-73.9708]}},
{"zip_code":"12243","country":"US","city":"Albany","state":"New York","state_ab":"NY","county":"Albany","geo_location":{"type": "Point", "coordinates": [42.6149,-73.9708]}},
{"zip_code":"12256","country":"US","city":"Albany","state":"New York","state_ab":"NY","county":"Albany","geo_location":{"type": "Point", "coordinates": [42.6149,-73.9708]}},
{"zip_code":"14029","country":"US","city":"Centerville","state":"New York","state_ab":"NY","county":"Allegany","geo_location":{"type": "Point", "coordinates": [42.4743,-78.2474]}},
{"zip_code":"14739","country":"US","city":"Friendship","state":"New York","state_ab":"NY","county":"Allegany","geo_location":{"type": "Point", "coordinates": [42.1907,-78.1359]}},
{"zip_code":"14803","country":"US","city":"Alfred Station","state":"New York","state_ab":"NY","county":"Allegany","geo_location":{"type": "Point", "coordinates": [42.2558,-77.7781]}},
{"zip_code":"14896","country":"US","city":"West Danby","state":"New York","state_ab":"NY","county":"Allegany County","geo_location":{"type": "Point", "coordinates": [42.3188,-76.5256]}},
{"zip_code":"10456","country":"US","city":"Bronx","state":"New York","state_ab":"NY","county":"Bronx","geo_location":{"type": "Point", "coordinates": [40.8316,-73.9099]}},
{"zip_code":"10469","country":"US","city":"Bronx","state":"New York","state_ab":"NY","county":"Bronx","geo_location":{"type": "Point", "coordinates": [40.8702,-73.8495]}},
{"zip_code":"10470","country":"US","city":"Bronx","state":"New York","state_ab":"NY","county":"Bronx","geo_location":{"type": "Point", "coordinates": [40.9,-73.8622]}},
{"zip_code":"13749","country":"US","city":"Corbettsville","state":"New York","state_ab":"NY","county":"Broome","geo_location":{"type": "Point", "coordinates": [42.2067,-75.7449]}},
{"zip_code":"13763","country":"US","city":"Endicott","state":"New York","state_ab":"NY","county":"Broome","geo_location":{"type": "Point", "coordinates": [42.2067,-75.7449]}},
{"zip_code":"13790","country":"US","city":"Johnson City","state":"New York","state_ab":"NY","county":"Broome","geo_location":{"type": "Point", "coordinates": [42.1267,-75.9685]}},
{"zip_code":"13813","country":"US","city":"Nineveh","state":"New York","state_ab":"NY","county":"Broome","geo_location":{"type": "Point", "coordinates": [42.1625,-75.5484]}},
{"zip_code":"13826","country":"US","city":"Ouaquaga","state":"New York","state_ab":"NY","county":"Broome","geo_location":{"type": "Point", "coordinates": [42.1121,-75.6396]}},
{"zip_code":"13903","country":"US","city":"Binghamton","state":"New York","state_ab":"NY","county":"Broome","geo_location":{"type": "Point", "coordinates": [42.0811,-75.8977]}},
{"zip_code":"14070","country":"US","city":"Gowanda","state":"New York","state_ab":"NY","county":"Cattaraugus","geo_location":{"type": "Point", "coordinates": [42.4712,-78.9339]}},
{"zip_code":"14133","country":"US","city":"Sandusky","state":"New York","state_ab":"NY","county":"Cattaraugus","geo_location":{"type": "Point", "coordinates": [42.4891,-78.367]}},
{"zip_code":"14173","country":"US","city":"Yorkshire","state":"New York","state_ab":"NY","county":"Cattaraugus","geo_location":{"type": "Point", "coordinates": [42.5247,-78.4755]}},
{"zip_code":"14726","country":"US","city":"Conewango Valley","state":"New York","state_ab":"NY","county":"Cattaraugus","geo_location":{"type": "Point", "coordinates": [42.2625,-79.022]}},
{"zip_code":"14753","country":"US","city":"Limestone","state":"New York","state_ab":"NY","county":"Cattaraugus","geo_location":{"type": "Point", "coordinates": [42.0639,-78.632]}},
{"zip_code":"14766","country":"US","city":"Otto","state":"New York","state_ab":"NY","county":"Cattaraugus","geo_location":{"type": "Point", "coordinates": [42.3575,-78.8073]}},
{"zip_code":"14779","country":"US","city":"Salamanca","state":"New York","state_ab":"NY","county":"Cattaraugus","geo_location":{"type": "Point", "coordinates": [42.1604,-78.7304]}},
{"zip_code":"13026","country":"US","city":"Aurora","state":"New York","state_ab":"NY","county":"Cayuga","geo_location":{"type": "Point", "coordinates": [42.7472,-76.6775]}},
{"zip_code":"13130","country":"US","city":"Owasco","state":"New York","state_ab":"NY","county":"Cayuga County","geo_location":{"type": "Point", "coordinates": [42.8548,-76.4629]}},
{"zip_code":"13156","country":"US","city":"Sterling","state":"New York","state_ab":"NY","county":"Cayuga","geo_location":{"type": "Point", "coordinates": [43.3296,-76.6747]}},
{"zip_code":"14740","country":"US","city":"Gerry","state":"New York","state_ab":"NY","county":"Chautauqua","geo_location":{"type": "Point", "coordinates": [42.2147,-79.1649]}},
{"zip_code":"14816","country":"US","city":"Breesport","state":"New York","state_ab":"NY","county":"Chemung","geo_location":{"type": "Point", "coordinates": [42.1939,-76.7361]}},
{"zip_code":"13129","country":"US","city":"Georgetown","state":"New York","state_ab":"NY","county":"Chenango","geo_location":{"type": "Point", "coordinates": [42.7127,-75.7314]}},
{"zip_code":"12979","country":"US","city":"Rouses Point","state":"New York","state_ab":"NY","county":"Clinton","geo_location":{"type": "Point", "coordinates": [44.9884,-73.3691]}},
{"zip_code":"12050","country":"US","city":"Columbiaville","state":"New York","state_ab":"NY","county":"Columbia","geo_location":{"type": "Point", "coordinates": [42.3172,-73.7486]}},
{"zip_code":"12513","country":"US","city":"Claverack","state":"New York","state_ab":"NY","county":"Columbia","geo_location":{"type": "Point", "coordinates": [42.2069,-73.6946]}},
{"zip_code":"12526","country":"US","city":"Germantown","state":"New York","state_ab":"NY","county":"Columbia","geo_location":{"type": "Point", "coordinates": [42.1219,-73.8625]}},
{"zip_code":"12593","country":"US","city":"West Copake","state":"New York","state_ab":"NY","county":"Columbia","geo_location":{"type": "Point", "coordinates": [42.244,-73.6411]}},
{"zip_code":"13040","country":"US","city":"Cincinnatus","state":"New York","state_ab":"NY","county":"Cortland","geo_location":{"type": "Point", "coordinates": [42.5385,-75.903]}},
{"zip_code":"11406","country":"US","city":"Jamaica","state":"New York","state_ab":"NY","county":"Delaware County","geo_location":{"type": "Point", "coordinates": [40.6913,-73.8059]}},
{"zip_code":"13750","country":"US","city":"Davenport","state":"New York","state_ab":"NY","county":"Delaware","geo_location":{"type": "Point", "coordinates": [42.4711,-74.8357]}},
{"zip_code":"13839","country":"US","city":"Sidney Center","state":"New York","state_ab":"NY","county":"Delaware","geo_location":{"type": "Point", "coordinates": [42.2441,-75.2871]}},
{"zip_code":"12540","country":"US","city":"Lagrangeville","state":"New York","state_ab":"NY","county":"Dutchess","geo_location":{"type": "Point", "coordinates": [41.6615,-73.745]}},
{"zip_code":"12580","country":"US","city":"Staatsburg","state":"New York","state_ab":"NY","county":"Dutchess","geo_location":{"type": "Point", "coordinates": [41.8502,-73.8988]}},
{"zip_code":"12603","country":"US","city":"Poughkeepsie","state":"New York","state_ab":"NY","county":"Dutchess","geo_location":{"type": "Point", "coordinates": [41.6907,-73.8621]}},
{"zip_code":"14030","country":"US","city":"Chaffee","state":"New York","state_ab":"NY","county":"Erie","geo_location":{"type": "Point", "coordinates": [42.5605,-78.5025]}},
{"zip_code":"14043","country":"US","city":"Depew","state":"New York","state_ab":"NY","county":"Erie","geo_location":{"type": "Point", "coordinates": [42.905,-78.7041]}},
{"zip_code":"14069","country":"US","city":"Glenwood","state":"New York","state_ab":"NY","county":"Erie","geo_location":{"type": "Point", "coordinates": [42.6001,-78.6386]}},
{"zip_code":"14209","country":"US","city":"Buffalo","state":"New York","state_ab":"NY","county":"Erie","geo_location":{"type": "Point", "coordinates": [42.913,-78.8656]}},
{"zip_code":"14210","country":"US","city":"Buffalo","state":"New York","state_ab":"NY","county":"Erie","geo_location":{"type": "Point", "coordinates": [42.8614,-78.8205]}},
{"zip_code":"14223","country":"US","city":"Buffalo","state":"New York","state_ab":"NY","county":"Erie","geo_location":{"type": "Point", "coordinates": [42.9731,-78.845]}},
{"zip_code":"14263","country":"US","city":"Buffalo","state":"New York","state_ab":"NY","county":"Erie","geo_location":{"type": "Point", "coordinates": [42.7684,-78.8871]}},
{"zip_code":"14276","country":"US","city":"Buffalo","state":"New York","state_ab":"NY","county":"Erie","geo_location":{"type": "Point", "coordinates": [42.7684,-78.8871]}},
{"zip_code":"12913","country":"US","city":"Bloomingdale","state":"New York","state_ab":"NY","county":"Essex","geo_location":{"type": "Point", "coordinates": [44.3985,-74.0829]}},
{"zip_code":"12993","country":"US","city":"Westport","state":"New York","state_ab":"NY","county":"Essex","geo_location":{"type": "Point", "coordinates": [44.205,-73.4702]}},
{"zip_code":"12926","country":"US","city":"Constable","state":"New York","state_ab":"NY","county":"Franklin","geo_location":{"type": "Point", "coordinates": [44.9417,-74.3297]}},
{"zip_code":"12939","country":"US","city":"Gabriels","state":"New York","state_ab":"NY","county":"Franklin","geo_location":{"type": "Point", "coordinates": [44.5527,-74.318]}},
{"zip_code":"12953","country":"US","city":"Malone","state":"New York","state_ab":"NY","county":"Franklin","geo_location":{"type": "Point", "coordinates": [44.8482,-74.2928]}},
{"zip_code":"12966","country":"US","city":"North Bangor","state":"New York","state_ab":"NY","county":"Franklin","geo_location":{"type": "Point", "coordinates": [44.8532,-74.4191]}},
{"zip_code":"12980","country":"US","city":"Saint Regis Falls","state":"New York","state_ab":"NY","county":"Franklin","geo_location":{"type": "Point", "coordinates": [44.6578,-74.5155]}},
{"zip_code":"14003","country":"US","city":"Alabama","state":"New York","state_ab":"NY","county":"Genesee","geo_location":{"type": "Point", "coordinates": [42.9981,-78.1848]}},
{"zip_code":"14056","country":"US","city":"East Pembroke","state":"New York","state_ab":"NY","county":"Genesee","geo_location":{"type": "Point", "coordinates": [42.9912,-78.3122]}},
{"zip_code":"14416","country":"US","city":"Bergen","state":"New York","state_ab":"NY","county":"Genesee","geo_location":{"type": "Point", "coordinates": [43.0869,-77.9603]}},
{"zip_code":"12423","country":"US","city":"East Durham","state":"New York","state_ab":"NY","county":"Greene","geo_location":{"type": "Point", "coordinates": [42.386,-74.1117]}},
{"zip_code":"12436","country":"US","city":"Haines Falls","state":"New York","state_ab":"NY","county":"Greene","geo_location":{"type": "Point", "coordinates": [42.1955,-74.1023]}},
{"zip_code":"12450","country":"US","city":"Lanesville","state":"New York","state_ab":"NY","county":"Greene","geo_location":{"type": "Point", "coordinates": [42.1332,-74.2443]}},
{"zip_code":"12463","country":"US","city":"Palenville","state":"New York","state_ab":"NY","county":"Greene","geo_location":{"type": "Point", "coordinates": [42.1729,-74.0167]}},
{"zip_code":"12139","country":"US","city":"Piseco","state":"New York","state_ab":"NY","county":"Hamilton","geo_location":{"type": "Point", "coordinates": [43.4481,-74.5263]}},
{"zip_code":"13350","country":"US","city":"Herkimer","state":"New York","state_ab":"NY","county":"Herkimer","geo_location":{"type": "Point", "coordinates": [43.0307,-74.9876]}},
{"zip_code":"13606","country":"US","city":"Adams Center","state":"New York","state_ab":"NY","county":"Jefferson","geo_location":{"type": "Point", "coordinates": [43.8631,-76.0041]}},
{"zip_code":"13619","country":"US","city":"Carthage","state":"New York","state_ab":"NY","county":"Jefferson","geo_location":{"type": "Point", "coordinates": [43.9791,-75.6013]}},
{"zip_code":"13659","country":"US","city":"Lorraine","state":"New York","state_ab":"NY","county":"Jefferson","geo_location":{"type": "Point", "coordinates": [43.7568,-75.9053]}},
{"zip_code":"13673","country":"US","city":"Philadelphia","state":"New York","state_ab":"NY","county":"Jefferson","geo_location":{"type": "Point", "coordinates": [44.1589,-75.7099]}},
{"zip_code":"11213","country":"US","city":"Brooklyn","state":"New York","state_ab":"NY","county":"Kings","geo_location":{"type": "Point", "coordinates": [40.67,-73.9367]}},
{"zip_code":"11226","country":"US","city":"Brooklyn","state":"New York","state_ab":"NY","county":"Kings","geo_location":{"type": "Point", "coordinates": [40.6467,-73.957]}},
{"zip_code":"11239","country":"US","city":"Brooklyn","state":"New York","state_ab":"NY","county":"Kings","geo_location":{"type": "Point", "coordinates": [40.6497,-73.8824]}},
{"zip_code":"11240","country":"US","city":"Brooklyn","state":"New York","state_ab":"NY","county":"Kings","geo_location":{"type": "Point", "coordinates": [40.6451,-73.945]}},
{"zip_code":"13620","country":"US","city":"Castorland","state":"New York","state_ab":"NY","county":"Lewis","geo_location":{"type": "Point", "coordinates": [43.8843,-75.4604]}},
{"zip_code":"14533","country":"US","city":"Piffard","state":"New York","state_ab":"NY","county":"Livingston","geo_location":{"type": "Point", "coordinates": [42.8435,-77.8962]}},
{"zip_code":"14560","country":"US","city":"Springwater","state":"New York","state_ab":"NY","county":"Livingston","geo_location":{"type": "Point", "coordinates": [42.6776,-77.5775]}},
{"zip_code":"13310","country":"US","city":"Bouckville","state":"New York","state_ab":"NY","county":"Madison","geo_location":{"type": "Point", "coordinates": [42.894,-75.5678]}},
{"zip_code":"14430","country":"US","city":"Clarkson","state":"New York","state_ab":"NY","county":"Monroe","geo_location":{"type": "Point", "coordinates": [43.286,-77.6843]}},
{"zip_code":"14506","country":"US","city":"Mendon","state":"New York","state_ab":"NY","county":"Monroe","geo_location":{"type": "Point", "coordinates": [42.9953,-77.5001]}},
{"zip_code":"14546","country":"US","city":"Scottsville","state":"New York","state_ab":"NY","county":"Monroe","geo_location":{"type": "Point", "coordinates": [43.0246,-77.7743]}},
{"zip_code":"14559","country":"US","city":"Spencerport","state":"New York","state_ab":"NY","county":"Monroe","geo_location":{"type": "Point", "coordinates": [43.1895,-77.8043]}},
{"zip_code":"14586","country":"US","city":"West Henrietta","state":"New York","state_ab":"NY","county":"Monroe","geo_location":{"type": "Point", "coordinates": [43.0397,-77.6871]}},
{"zip_code":"14609","country":"US","city":"Rochester","state":"New York","state_ab":"NY","county":"Monroe","geo_location":{"type": "Point", "coordinates": [43.174,-77.5637]}},
{"zip_code":"14610","country":"US","city":"Rochester","state":"New York","state_ab":"NY","county":"Monroe","geo_location":{"type": "Point", "coordinates": [43.1452,-77.5495]}},
{"zip_code":"14623","country":"US","city":"Rochester","state":"New York","state_ab":"NY","county":"Monroe","geo_location":{"type": "Point", "coordinates": [43.0834,-77.6344]}},
{"zip_code":"14649","country":"US","city":"Rochester","state":"New York","state_ab":"NY","county":"Monroe","geo_location":{"type": "Point", "coordinates": [43.286,-77.6843]}},
{"zip_code":"14650","country":"US","city":"Rochester","state":"New York","state_ab":"NY","county":"Monroe","geo_location":{"type": "Point", "coordinates": [43.286,-77.6843]}},
{"zip_code":"12010","country":"US","city":"Amsterdam","state":"New York","state_ab":"NY","county":"Montgomery","geo_location":{"type": "Point", "coordinates": [42.9063,-74.229]}},
{"zip_code":"12166","country":"US","city":"Sprakers","state":"New York","state_ab":"NY","county":"Montgomery","geo_location":{"type": "Point", "coordinates": [42.8484,-74.4536]}},
{"zip_code":"11020","country":"US","city":"Great Neck","state":"New York","state_ab":"NY","county":"Nassau","geo_location":{"type": "Point", "coordinates": [40.7742,-73.7189]}},
{"zip_code":"11099","country":"US","city":"New Hyde Park","state":"New York","state_ab":"NY","county":"Nassau","geo_location":{"type": "Point", "coordinates": [40.7548,-73.6018]}},
{"zip_code":"11509","country":"US","city":"Atlantic Beach","state":"New York","state_ab":"NY","county":"Nassau","geo_location":{"type": "Point", "coordinates": [40.5887,-73.7255]}},
{"zip_code":"11510","country":"US","city":"Baldwin","state":"New York","state_ab":"NY","county":"Nassau","geo_location":{"type": "Point", "coordinates": [40.6548,-73.6097]}},
{"zip_code":"11536","country":"US","city":"Garden City","state":"New York","state_ab":"NY","county":"Nassau","geo_location":{"type": "Point", "coordinates": [40.7548,-73.6018]}},
{"zip_code":"11549","country":"US","city":"Hempstead","state":"New York","state_ab":"NY","county":"Nassau","geo_location":{"type": "Point", "coordinates": [40.7172,-73.6027]}},
{"zip_code":"11550","country":"US","city":"Hempstead","state":"New York","state_ab":"NY","county":"Nassau","geo_location":{"type": "Point", "coordinates": [40.7049,-73.6176]}},
{"zip_code":"11563","country":"US","city":"Lynbrook","state":"New York","state_ab":"NY","county":"Nassau","geo_location":{"type": "Point", "coordinates": [40.6571,-73.6741]}},
{"zip_code":"11576","country":"US","city":"Roslyn","state":"New York","state_ab":"NY","county":"Nassau","geo_location":{"type": "Point", "coordinates": [40.7984,-73.6477]}},
{"zip_code":"11590","country":"US","city":"Westbury","state":"New York","state_ab":"NY","county":"Nassau","geo_location":{"type": "Point", "coordinates": [40.7557,-73.5723]}},
{"zip_code":"11756","country":"US","city":"Levittown","state":"New York","state_ab":"NY","county":"Nassau","geo_location":{"type": "Point", "coordinates": [40.7254,-73.5166]}},
{"zip_code":"11783","country":"US","city":"Seaford","state":"New York","state_ab":"NY","county":"Nassau","geo_location":{"type": "Point", "coordinates": [40.6795,-73.491]}},
{"zip_code":"11819","country":"US","city":"Hicksville","state":"New York","state_ab":"NY","county":"Nassau","geo_location":{"type": "Point", "coordinates": [40.7548,-73.6018]}},
{"zip_code":"10003","country":"US","city":"New York City","state":"New York","state_ab":"NY","county":"New York","geo_location":{"type": "Point", "coordinates": [40.7313,-73.9892]}},
{"zip_code":"10016","country":"US","city":"New York City","state":"New York","state_ab":"NY","county":"New York","geo_location":{"type": "Point", "coordinates": [40.7443,-73.9781]}},
{"zip_code":"10029","country":"US","city":"New York City","state":"New York","state_ab":"NY","county":"New York","geo_location":{"type": "Point", "coordinates": [40.7918,-73.9447]}},
{"zip_code":"10030","country":"US","city":"New York City","state":"New York","state_ab":"NY","county":"New York","geo_location":{"type": "Point", "coordinates": [40.8183,-73.9426]}},
{"zip_code":"10043","country":"US","city":"New York City","state":"New York","state_ab":"NY","county":"New York","geo_location":{"type": "Point", "coordinates": [40.7808,-73.9772]}},
{"zip_code":"10069","country":"US","city":"New York City","state":"New York","state_ab":"NY","county":"New York","geo_location":{"type": "Point", "coordinates": [40.778,-73.9884]}},
{"zip_code":"10096","country":"US","city":"New York City","state":"New York","state_ab":"NY","county":"New York","geo_location":{"type": "Point", "coordinates": [40.7808,-73.9772]}},
{"zip_code":"10106","country":"US","city":"New York City","state":"New York","state_ab":"NY","county":"New York","geo_location":{"type": "Point", "coordinates": [40.7652,-73.9804]}},
{"zip_code":"10119","country":"US","city":"New York City","state":"New York","state_ab":"NY","county":"New York","geo_location":{"type": "Point", "coordinates": [40.7808,-73.9772]}},
{"zip_code":"10120","country":"US","city":"New York City","state":"New York","state_ab":"NY","county":"New York","geo_location":{"type": "Point", "coordinates": [40.7506,-73.9894]}},
{"zip_code":"10133","country":"US","city":"New York City","state":"New York","state_ab":"NY","county":"New York","geo_location":{"type": "Point", "coordinates": [40.7808,-73.9772]}},
{"zip_code":"10159","country":"US","city":"New York City","state":"New York","state_ab":"NY","county":"New York","geo_location":{"type": "Point", "coordinates": [40.7808,-73.9772]}},
{"zip_code":"10160","country":"US","city":"New York City","state":"New York","state_ab":"NY","county":"New York","geo_location":{"type": "Point", "coordinates": [40.7808,-73.9772]}},
{"zip_code":"10173","country":"US","city":"New York City","state":"New York","state_ab":"NY","county":"New York","geo_location":{"type": "Point", "coordinates": [40.7543,-73.9796]}},
{"zip_code":"10199","country":"US","city":"New York City","state":"New York","state_ab":"NY","county":"New York","geo_location":{"type": "Point", "coordinates": [40.7503,-74.0006]}},
{"zip_code":"10249","country":"US","city":"New York City","state":"New York","state_ab":"NY","county":"New York","geo_location":{"type": "Point", "coordinates": [40.7808,-73.9772]}},
{"zip_code":"10276","country":"US","city":"New York City","state":"New York","state_ab":"NY","county":"New York","geo_location":{"type": "Point", "coordinates": [40.7808,-73.9772]}},
{"zip_code":"14120","country":"US","city":"North Tonawanda","state":"New York","state_ab":"NY","county":"Niagara","geo_location":{"type": "Point", "coordinates": [43.0498,-78.851]}},
{"zip_code":"13309","country":"US","city":"Boonville","state":"New York","state_ab":"NY","county":"Oneida","geo_location":{"type": "Point", "coordinates": [43.4786,-75.344]}},
{"zip_code":"13323","country":"US","city":"Clinton","state":"New York","state_ab":"NY","county":"Oneida","geo_location":{"type": "Point", "coordinates": [43.0586,-75.3808]}},
{"zip_code":"13336","country":"US","city":"Middleville","state":"New York","state_ab":"NY","county":"Oneida County","geo_location":{"type": "Point", "coordinates": [43.1372,-74.9134]}},
{"zip_code":"13363","country":"US","city":"Lee Center","state":"New York","state_ab":"NY","county":"Oneida","geo_location":{"type": "Point", "coordinates": [43.3148,-75.5055]}},
{"zip_code":"13413","country":"US","city":"New Hartford","state":"New York","state_ab":"NY","county":"Oneida","geo_location":{"type": "Point", "coordinates": [43.0654,-75.2906]}},
{"zip_code":"40219","country":"US","city":"Louisville","state":"Kentucky","state_ab":"KY","county":"Jefferson","geo_location":{"type": "Point", "coordinates": [38.1381,-85.6953]}},
{"zip_code":"40220","country":"US","city":"Louisville","state":"Kentucky","state_ab":"KY","county":"Jefferson","geo_location":{"type": "Point", "coordinates": [38.2149,-85.6245]}},
{"zip_code":"40233","country":"US","city":"Louisville","state":"Kentucky","state_ab":"KY","county":"Jefferson","geo_location":{"type": "Point", "coordinates": [38.189,-85.6768]}},
{"zip_code":"40259","country":"US","city":"Louisville","state":"Kentucky","state_ab":"KY","county":"Jefferson","geo_location":{"type": "Point", "coordinates": [38.189,-85.6768]}},
{"zip_code":"40299","country":"US","city":"Louisville","state":"Kentucky","state_ab":"KY","county":"Jefferson","geo_location":{"type": "Point", "coordinates": [38.1768,-85.5218]}},
{"zip_code":"40390","country":"US","city":"Wilmore","state":"Kentucky","state_ab":"KY","county":"Jessamine","geo_location":{"type": "Point", "coordinates": [37.8602,-84.6714]}},
{"zip_code":"41263","country":"US","city":"Tutor Key","state":"Kentucky","state_ab":"KY","county":"Johnson","geo_location":{"type": "Point", "coordinates": [37.8507,-82.7602]}},
{"zip_code":"41016","country":"US","city":"Covington","state":"Kentucky","state_ab":"KY","county":"Kenton","geo_location":{"type": "Point", "coordinates": [39.0873,-84.549]}},
{"zip_code":"41740","country":"US","city":"Emmalena","state":"Kentucky","state_ab":"KY","county":"Knott","geo_location":{"type": "Point", "coordinates": [37.3499,-83.0471]}},
{"zip_code":"41843","country":"US","city":"Pine Top","state":"Kentucky","state_ab":"KY","county":"Knott","geo_location":{"type": "Point", "coordinates": [37.2868,-82.8741]}},
{"zip_code":"40903","country":"US","city":"Artemus","state":"Kentucky","state_ab":"KY","county":"Knox","geo_location":{"type": "Point", "coordinates": [36.8388,-83.8329]}},
{"zip_code":"40930","country":"US","city":"Dewitt","state":"Kentucky","state_ab":"KY","county":"Knox","geo_location":{"type": "Point", "coordinates": [36.8713,-83.83]}},
{"zip_code":"40943","country":"US","city":"Girdler","state":"Kentucky","state_ab":"KY","county":"Knox","geo_location":{"type": "Point", "coordinates": [36.9691,-83.8539]}},
{"zip_code":"40970","country":"US","city":"Mills","state":"Kentucky","state_ab":"KY","county":"Knox County","geo_location":{"type": "Point", "coordinates": [36.929,-83.6237]}},
{"zip_code":"42716","country":"US","city":"Buffalo","state":"Kentucky","state_ab":"KY","county":"Larue","geo_location":{"type": "Point", "coordinates": [37.4786,-85.6434]}},
{"zip_code":"41159","country":"US","city":"Martha","state":"Kentucky","state_ab":"KY","county":"Lawrence","geo_location":{"type": "Point", "coordinates": [38.0152,-82.9558]}},
{"zip_code":"41160","country":"US","city":"Mazie","state":"Kentucky","state_ab":"KY","county":"Lawrence","geo_location":{"type": "Point", "coordinates": [38.0741,-82.7447]}},
{"zip_code":"40840","country":"US","city":"Helton","state":"Kentucky","state_ab":"KY","county":"Leslie","geo_location":{"type": "Point", "coordinates": [36.9543,-83.4313]}},
{"zip_code":"41766","country":"US","city":"Thousandsticks","state":"Kentucky","state_ab":"KY","county":"Leslie","geo_location":{"type": "Point", "coordinates": [37.1586,-83.3847]}},
{"zip_code":"40826","country":"US","city":"Eolia","state":"Kentucky","state_ab":"KY","county":"Letcher","geo_location":{"type": "Point", "coordinates": [37.0618,-82.7706]}},
{"zip_code":"41829","country":"US","city":"Kona","state":"Kentucky","state_ab":"KY","county":"Letcher County","geo_location":{"type": "Point", "coordinates": [37.1663,-82.748]}},
{"zip_code":"42059","country":"US","city":"Lola","state":"Kentucky","state_ab":"KY","county":"Livingston County","geo_location":{"type": "Point", "coordinates": [37.3185,-88.3076]}},
{"zip_code":"42086","country":"US","city":"West Paducah","state":"Kentucky","state_ab":"KY","county":"McCracken","geo_location":{"type": "Point", "coordinates": [37.0922,-88.7611]}},
{"zip_code":"42563","country":"US","city":"Brodhead","state":"Kentucky","state_ab":"KY","county":"McCreary County","geo_location":{"type": "Point", "coordinates": [37.2715,-84.4507]}},
{"zip_code":"42653","country":"US","city":"Whitley City","state":"Kentucky","state_ab":"KY","county":"McCreary","geo_location":{"type": "Point", "coordinates": [36.7217,-84.4676]}},
{"zip_code":"41443","country":"US","city":"Insko","state":"Kentucky","state_ab":"KY","county":"Magoffin County","geo_location":{"type": "Point", "coordinates": [37.7572,-83.3011]}},
{"zip_code":"41456","country":"US","city":"Blaine","state":"Kentucky","state_ab":"KY","county":"Magoffin County","geo_location":{"type": "Point", "coordinates": [37.9204,-83.0365]}},
{"zip_code":"41906","country":"US","city":"Migrate","state":"Kentucky","state_ab":"KY","county":"Magoffin County","geo_location":{"type": "Point", "coordinates": [38.0638,-84.5027]}},
{"zip_code":"41250","country":"US","city":"Pilgrim","state":"Kentucky","state_ab":"KY","county":"Martin","geo_location":{"type": "Point", "coordinates": [37.7379,-82.4523]}},
{"zip_code":"41056","country":"US","city":"Maysville","state":"Kentucky","state_ab":"KY","county":"Mason","geo_location":{"type": "Point", "coordinates": [38.6207,-83.8067]}},
{"zip_code":"41096","country":"US","city":"Washington","state":"Kentucky","state_ab":"KY","county":"Mason","geo_location":{"type": "Point", "coordinates": [38.6123,-83.808]}},
{"zip_code":"40310","country":"US","city":"Burgin","state":"Kentucky","state_ab":"KY","county":"Mercer","geo_location":{"type": "Point", "coordinates": [37.7548,-84.7499]}},
{"zip_code":"42330","country":"US","city":"Central City","state":"Kentucky","state_ab":"KY","county":"Muhlenberg","geo_location":{"type": "Point", "coordinates": [37.3007,-87.1202]}},
{"zip_code":"40013","country":"US","city":"Coxs Creek","state":"Kentucky","state_ab":"KY","county":"Nelson","geo_location":{"type": "Point", "coordinates": [37.9125,-85.4658]}},
{"zip_code":"40350","country":"US","city":"Moorefield","state":"Kentucky","state_ab":"KY","county":"Nicholas","geo_location":{"type": "Point", "coordinates": [38.2926,-83.8929]}},
{"zip_code":"42343","country":"US","city":"Fordsville","state":"Kentucky","state_ab":"KY","county":"Ohio","geo_location":{"type": "Point", "coordinates": [37.6297,-86.7263]}},
{"zip_code":"42369","country":"US","city":"Rockport","state":"Kentucky","state_ab":"KY","county":"Ohio","geo_location":{"type": "Point", "coordinates": [37.3554,-87.0065]}},
{"zip_code":"42370","country":"US","city":"Rosine","state":"Kentucky","state_ab":"KY","county":"Ohio","geo_location":{"type": "Point", "coordinates": [37.449,-86.7389]}},
{"zip_code":"40026","country":"US","city":"Goshen","state":"Kentucky","state_ab":"KY","county":"Oldham","geo_location":{"type": "Point", "coordinates": [38.4113,-85.5708]}},
{"zip_code":"40363","country":"US","city":"Perry Park","state":"Kentucky","state_ab":"KY","county":"Owen","geo_location":{"type": "Point", "coordinates": [38.5218,-85.0139]}},
{"zip_code":"41713","country":"US","city":"Avawam","state":"Kentucky","state_ab":"KY","county":"Perry","geo_location":{"type": "Point", "coordinates": [37.2254,-83.2736]}},
{"zip_code":"41739","country":"US","city":"Dwarf","state":"Kentucky","state_ab":"KY","county":"Perry","geo_location":{"type": "Point", "coordinates": [37.3394,-83.1303]}},
{"zip_code":"41519","country":"US","city":"Canada","state":"Kentucky","state_ab":"KY","county":"Pike","geo_location":{"type": "Point", "coordinates": [37.5899,-82.3308]}},
{"zip_code":"41520","country":"US","city":"Dorton","state":"Kentucky","state_ab":"KY","county":"Pike","geo_location":{"type": "Point", "coordinates": [37.279,-82.5773]}},
{"zip_code":"41546","country":"US","city":"Mc Veigh","state":"Kentucky","state_ab":"KY","county":"Pike","geo_location":{"type": "Point", "coordinates": [37.5198,-82.3013]}},
{"zip_code":"41559","country":"US","city":"Regina","state":"Kentucky","state_ab":"KY","county":"Pike","geo_location":{"type": "Point", "coordinates": [37.3744,-82.3831]}},
{"zip_code":"41560","country":"US","city":"Robinson Creek","state":"Kentucky","state_ab":"KY","county":"Pike","geo_location":{"type": "Point", "coordinates": [37.3799,-82.5616]}},
{"zip_code":"40309","country":"US","city":"Bowen","state":"Kentucky","state_ab":"KY","county":"Powell County","geo_location":{"type": "Point", "coordinates": [37.841,-83.7718]}},
{"zip_code":"40376","country":"US","city":"Slade","state":"Kentucky","state_ab":"KY","county":"Powell","geo_location":{"type": "Point", "coordinates": [37.7815,-83.6946]}},
{"zip_code":"40426","country":"US","city":"Dreyfus","state":"Kentucky","state_ab":"KY","county":"Pulaski County","geo_location":{"type": "Point", "coordinates": [37.6186,-84.1624]}},
{"zip_code":"42536","country":"US","city":"Ingle","state":"Kentucky","state_ab":"KY","county":"Pulaski County","geo_location":{"type": "Point", "coordinates": [37.0815,-84.8656]}},
{"zip_code":"40066","country":"US","city":"Shelbyville","state":"Kentucky","state_ab":"KY","county":"Shelby","geo_location":{"type": "Point", "coordinates": [38.1973,-85.2122]}},
{"zip_code":"42280","country":"US","city":"Sharon Grove","state":"Kentucky","state_ab":"KY","county":"Todd","geo_location":{"type": "Point", "coordinates": [36.9278,-87.1003]}},
{"zip_code":"42459","country":"US","city":"Sturgis","state":"Kentucky","state_ab":"KY","county":"Union","geo_location":{"type": "Point", "coordinates": [37.5487,-87.9965]}},
{"zip_code":"42460","country":"US","city":"Sullivan","state":"Kentucky","state_ab":"KY","county":"Union","geo_location":{"type": "Point", "coordinates": [37.494,-87.9328]}},
{"zip_code":"40040","country":"US","city":"Mackville","state":"Kentucky","state_ab":"KY","county":"Washington","geo_location":{"type": "Point", "coordinates": [37.7568,-85.059]}},
{"zip_code":"42613","country":"US","city":"Delta","state":"Kentucky","state_ab":"KY","county":"Wayne County","geo_location":{"type": "Point", "coordinates": [36.8017,-84.684]}},
{"zip_code":"42640","country":"US","city":"Rockybranch","state":"Kentucky","state_ab":"KY","county":"Wayne County","geo_location":{"type": "Point", "coordinates": [36.6658,-84.8066]}},
{"zip_code":"40763","country":"US","city":"Siler","state":"Kentucky","state_ab":"KY","county":"Whitley","geo_location":{"type": "Point", "coordinates": [36.7025,-83.955]}},
{"zip_code":"41313","country":"US","city":"Bethany","state":"Kentucky","state_ab":"KY","county":"Wolfe","geo_location":{"type": "Point", "coordinates": [37.7405,-83.4754]}},
{"zip_code":"70526","country":"US","city":"Crowley","state":"Louisiana","state_ab":"LA","county":"Acadia","geo_location":{"type": "Point", "coordinates": [30.2148,-92.3777]}},
{"zip_code":"70346","country":"US","city":"Donaldsonville","state":"Louisiana","state_ab":"LA","county":"Ascension","geo_location":{"type": "Point", "coordinates": [30.1018,-90.997]}},
{"zip_code":"71323","country":"US","city":"Center Point","state":"Louisiana","state_ab":"LA","county":"Avoyelles","geo_location":{"type": "Point", "coordinates": [31.2631,-92.1879]}},
{"zip_code":"71350","country":"US","city":"Mansura","state":"Louisiana","state_ab":"LA","county":"Avoyelles","geo_location":{"type": "Point", "coordinates": [31.0615,-92.0543]}},
{"zip_code":"71080","country":"US","city":"Taylor","state":"Louisiana","state_ab":"LA","county":"Bienville","geo_location":{"type": "Point", "coordinates": [32.366,-93.1011]}},
{"zip_code":"71103","country":"US","city":"Shreveport","state":"Louisiana","state_ab":"LA","county":"Caddo","geo_location":{"type": "Point", "coordinates": [32.4945,-93.7727]}},
{"zip_code":"71129","country":"US","city":"Shreveport","state":"Louisiana","state_ab":"LA","county":"Caddo","geo_location":{"type": "Point", "coordinates": [32.4141,-93.8742]}},
{"zip_code":"71130","country":"US","city":"Shreveport","state":"Louisiana","state_ab":"LA","county":"Caddo","geo_location":{"type": "Point", "coordinates": [32.6076,-93.7526]}},
{"zip_code":"71156","country":"US","city":"Shreveport","state":"Louisiana","state_ab":"LA","county":"Caddo","geo_location":{"type": "Point", "coordinates": [32.6076,-93.7526]}},
{"zip_code":"70616","country":"US","city":"Lake Charles","state":"Louisiana","state_ab":"LA","county":"Calcasieu","geo_location":{"type": "Point", "coordinates": [30.2642,-93.3265]}},
{"zip_code":"70629","country":"US","city":"Lake Charles","state":"Louisiana","state_ab":"LA","county":"Calcasieu","geo_location":{"type": "Point", "coordinates": [30.2642,-93.3265]}},
{"zip_code":"70630","country":"US","city":"Bell City","state":"Louisiana","state_ab":"LA","county":"Calcasieu","geo_location":{"type": "Point", "coordinates": [30.1054,-93.0372]}},
{"zip_code":"70669","country":"US","city":"Westlake","state":"Louisiana","state_ab":"LA","county":"Calcasieu","geo_location":{"type": "Point", "coordinates": [30.2613,-93.2688]}},
{"zip_code":"70643","country":"US","city":"Grand Chenier","state":"Louisiana","state_ab":"LA","county":"Cameron","geo_location":{"type": "Point", "coordinates": [29.7644,-92.9261]}},
{"zip_code":"71363","country":"US","city":"Rhinehart","state":"Louisiana","state_ab":"LA","county":"Catahoula","geo_location":{"type": "Point", "coordinates": [31.5963,-91.7794]}},
{"zip_code":"71040","country":"US","city":"Homer","state":"Louisiana","state_ab":"LA","county":"Claiborne","geo_location":{"type": "Point", "coordinates": [32.7749,-93.0288]}},
{"zip_code":"71079","country":"US","city":"Summerfield","state":"Louisiana","state_ab":"LA","county":"Claiborne","geo_location":{"type": "Point", "coordinates": [32.9238,-92.8215]}},
{"zip_code":"70809","country":"US","city":"Baton Rouge","state":"Louisiana","state_ab":"LA","county":"East Baton Rouge","geo_location":{"type": "Point", "coordinates": [30.4089,-91.0842]}},
{"zip_code":"70810","country":"US","city":"Baton Rouge","state":"Louisiana","state_ab":"LA","county":"East Baton Rouge","geo_location":{"type": "Point", "coordinates": [30.3633,-91.0919]}},
{"zip_code":"70823","country":"US","city":"Baton Rouge","state":"Louisiana","state_ab":"LA","county":"East Baton Rouge","geo_location":{"type": "Point", "coordinates": [30.5159,-91.0804]}},
{"zip_code":"70836","country":"US","city":"Baton Rouge","state":"Louisiana","state_ab":"LA","county":"East Baton Rouge","geo_location":{"type": "Point", "coordinates": [30.392,-91.0892]}},
{"zip_code":"71286","country":"US","city":"Transylvania","state":"Louisiana","state_ab":"LA","county":"East Carroll","geo_location":{"type": "Point", "coordinates": [32.6705,-91.2288]}},
{"zip_code":"70580","country":"US","city":"Reddell","state":"Louisiana","state_ab":"LA","county":"Evangeline","geo_location":{"type": "Point", "coordinates": [30.675,-92.4265]}},
{"zip_code":"71219","country":"US","city":"Baskin","state":"Louisiana","state_ab":"LA","county":"Franklin","geo_location":{"type": "Point", "coordinates": [32.2897,-91.7132]}},
{"zip_code":"71336","country":"US","city":"Gilbert","state":"Louisiana","state_ab":"LA","county":"Franklin","geo_location":{"type": "Point", "coordinates": [32.0349,-91.592]}},
{"zip_code":"70513","country":"US","city":"Avery Island","state":"Louisiana","state_ab":"LA","county":"Iberia","geo_location":{"type": "Point", "coordinates": [29.8981,-91.9062]}},
{"zip_code":"70009","country":"US","city":"Metairie","state":"Louisiana","state_ab":"LA","county":"Jefferson","geo_location":{"type": "Point", "coordinates": [29.6779,-90.0901]}},
{"zip_code":"70010","country":"US","city":"Metairie","state":"Louisiana","state_ab":"LA","county":"Jefferson","geo_location":{"type": "Point", "coordinates": [29.6779,-90.0901]}},
{"zip_code":"70036","country":"US","city":"Barataria","state":"Louisiana","state_ab":"LA","county":"Jefferson","geo_location":{"type": "Point", "coordinates": [29.6964,-90.1122]}},
{"zip_code":"70063","country":"US","city":"Kenner","state":"Louisiana","state_ab":"LA","county":"Jefferson","geo_location":{"type": "Point", "coordinates": [29.6779,-90.0901]}},
{"zip_code":"70593","country":"US","city":"Lafayette","state":"Louisiana","state_ab":"LA","county":"Lafayette","geo_location":{"type": "Point", "coordinates": [30.2081,-92.0951]}},
{"zip_code":"70373","country":"US","city":"Larose","state":"Louisiana","state_ab":"LA","county":"Lafourche","geo_location":{"type": "Point", "coordinates": [29.5177,-90.456]}},
{"zip_code":"71479","country":"US","city":"Tullos","state":"Louisiana","state_ab":"LA","county":"La Salle","geo_location":{"type": "Point", "coordinates": [31.8569,-92.374]}},
{"zip_code":"71480","country":"US","city":"Urania","state":"Louisiana","state_ab":"LA","county":"La Salle","geo_location":{"type": "Point", "coordinates": [31.865,-92.2915]}},
{"zip_code":"71273","country":"US","city":"Ruston","state":"Louisiana","state_ab":"LA","county":"Lincoln","geo_location":{"type": "Point", "coordinates": [32.6065,-92.6484]}},
{"zip_code":"70449","country":"US","city":"Maurepas","state":"Louisiana","state_ab":"LA","county":"Livingston","geo_location":{"type": "Point", "coordinates": [30.2716,-90.7043]}},
{"zip_code":"70706","country":"US","city":"Denham Springs","state":"Louisiana","state_ab":"LA","county":"Livingston","geo_location":{"type": "Point", "coordinates": [30.6085,-90.9038]}},
{"zip_code":"70733","country":"US","city":"French Settlement","state":"Louisiana","state_ab":"LA","county":"Livingston","geo_location":{"type": "Point", "coordinates": [30.3136,-90.7788]}},
{"zip_code":"70786","country":"US","city":"Watson","state":"Louisiana","state_ab":"LA","county":"Livingston","geo_location":{"type": "Point", "coordinates": [30.5502,-90.9582]}},
{"zip_code":"71233","country":"US","city":"Delta","state":"Louisiana","state_ab":"LA","county":"Madison","geo_location":{"type": "Point", "coordinates": [32.3416,-91.2165]}},
{"zip_code":"71220","country":"US","city":"Bastrop","state":"Louisiana","state_ab":"LA","county":"Morehouse","geo_location":{"type": "Point", "coordinates": [32.7894,-91.9078]}},
{"zip_code":"71066","country":"US","city":"Powhatan","state":"Louisiana","state_ab":"LA","county":"Natchitoches","geo_location":{"type": "Point", "coordinates": [31.8741,-93.1966]}},
{"zip_code":"70113","country":"US","city":"New Orleans","state":"Louisiana","state_ab":"LA","county":"Orleans","geo_location":{"type": "Point", "coordinates": [29.9405,-90.0848]}},
{"zip_code":"70126","country":"US","city":"New Orleans","state":"Louisiana","state_ab":"LA","county":"Orleans","geo_location":{"type": "Point", "coordinates": [29.9987,-90.0446]}},
{"zip_code":"70139","country":"US","city":"New Orleans","state":"Louisiana","state_ab":"LA","county":"Orleans","geo_location":{"type": "Point", "coordinates": [30.033,-89.8826]}},
{"zip_code":"70140","country":"US","city":"New Orleans","state":"Louisiana","state_ab":"LA","county":"Orleans","geo_location":{"type": "Point", "coordinates": [29.9561,-90.0783]}},
{"zip_code":"70153","country":"US","city":"New Orleans","state":"Louisiana","state_ab":"LA","county":"Orleans","geo_location":{"type": "Point", "coordinates": [30.033,-89.8826]}},
{"zip_code":"70166","country":"US","city":"New Orleans","state":"Louisiana","state_ab":"LA","county":"Orleans","geo_location":{"type": "Point", "coordinates": [30.033,-89.8826]}},
{"zip_code":"70179","country":"US","city":"New Orleans","state":"Louisiana","state_ab":"LA","county":"Orleans","geo_location":{"type": "Point", "coordinates": [30.033,-89.8826]}},
{"zip_code":"70050","country":"US","city":"Empire","state":"Louisiana","state_ab":"LA","county":"Plaquemines","geo_location":{"type": "Point", "coordinates": [29.3814,-89.5926]}},
{"zip_code":"70759","country":"US","city":"Morganza","state":"Louisiana","state_ab":"LA","county":"Pointe Coupee","geo_location":{"type": "Point", "coordinates": [30.7245,-91.5959]}},
{"zip_code":"70760","country":"US","city":"New Roads","state":"Louisiana","state_ab":"LA","county":"Pointe Coupee","geo_location":{"type": "Point", "coordinates": [30.7014,-91.4421]}},
{"zip_code":"70773","country":"US","city":"Rougon","state":"Louisiana","state_ab":"LA","county":"Pointe Coupee","geo_location":{"type": "Point", "coordinates": [30.6035,-91.3813]}},
{"zip_code":"71309","country":"US","city":"Alexandria","state":"Louisiana","state_ab":"LA","county":"Rapides","geo_location":{"type": "Point", "coordinates": [31.3047,-92.6196]}},
{"zip_code":"71466","country":"US","city":"Otis","state":"Louisiana","state_ab":"LA","county":"Rapides","geo_location":{"type": "Point", "coordinates": [31.2077,-92.7392]}},
{"zip_code":"71259","country":"US","city":"Mangham","state":"Louisiana","state_ab":"LA","county":"Richland","geo_location":{"type": "Point", "coordinates": [32.3331,-91.7976]}},
{"zip_code":"71426","country":"US","city":"Fisher","state":"Louisiana","state_ab":"LA","county":"Sabine","geo_location":{"type": "Point", "coordinates": [31.4937,-93.4602]}},
{"zip_code":"70090","country":"US","city":"Vacherie","state":"Louisiana","state_ab":"LA","county":"St. James","geo_location":{"type": "Point", "coordinates": [29.9694,-90.7097]}},
{"zip_code":"70049","country":"US","city":"Edgard","state":"Louisiana","state_ab":"LA","county":"St. John the Baptist","geo_location":{"type": "Point", "coordinates": [30.0319,-90.5817]}},
{"zip_code":"70076","country":"US","city":"Mount Airy","state":"Louisiana","state_ab":"LA","county":"St. John the Baptist","geo_location":{"type": "Point", "coordinates": [30.0575,-90.6369]}},
{"zip_code":"70540","country":"US","city":"Garden City","state":"Louisiana","state_ab":"LA","county":"St. Mary","geo_location":{"type": "Point", "coordinates": [29.7633,-91.467]}},
{"zip_code":"70463","country":"US","city":"Sun","state":"Louisiana","state_ab":"LA","county":"St. Tammany","geo_location":{"type": "Point", "coordinates": [30.6571,-89.9079]}},
{"zip_code":"70436","country":"US","city":"Fluker","state":"Louisiana","state_ab":"LA","county":"Tangipahoa","geo_location":{"type": "Point", "coordinates": [30.8128,-90.5207]}},
{"zip_code":"70359","country":"US","city":"Gray","state":"Louisiana","state_ab":"LA","county":"Terrebonne","geo_location":{"type": "Point", "coordinates": [29.6903,-90.7807]}},
{"zip_code":"70360","country":"US","city":"Houma","state":"Louisiana","state_ab":"LA","county":"Terrebonne","geo_location":{"type": "Point", "coordinates": [29.5943,-90.7548]}},
{"zip_code":"71260","country":"US","city":"Marion","state":"Louisiana","state_ab":"LA","county":"Union","geo_location":{"type": "Point", "coordinates": [32.8716,-92.2862]}},
{"zip_code":"70656","country":"US","city":"Pitkin","state":"Louisiana","state_ab":"LA","county":"Vernon","geo_location":{"type": "Point", "coordinates": [30.933,-92.9548]}},
{"zip_code":"71439","country":"US","city":"Hornbeck","state":"Louisiana","state_ab":"LA","county":"Vernon","geo_location":{"type": "Point", "coordinates": [31.3226,-93.3683]}},
{"zip_code":"70450","country":"US","city":"Mount Hermon","state":"Louisiana","state_ab":"LA","county":"Washington","geo_location":{"type": "Point", "coordinates": [30.9536,-90.2769]}},
{"zip_code":"71039","country":"US","city":"Heflin","state":"Louisiana","state_ab":"LA","county":"Webster","geo_location":{"type": "Point", "coordinates": [32.447,-93.2852]}},
{"zip_code":"70719","country":"US","city":"Brusly","state":"Louisiana","state_ab":"LA","county":"West Baton Rouge","geo_location":{"type": "Point", "coordinates": [30.3877,-91.2526]}},
{"zip_code":"70720","country":"US","city":"Bueche","state":"Louisiana","state_ab":"LA","county":"West Baton Rouge","geo_location":{"type": "Point", "coordinates": [30.5749,-91.3383]}},
{"zip_code":"71440","country":"US","city":"Joyce","state":"Louisiana","state_ab":"LA","county":"Winn","geo_location":{"type": "Point", "coordinates": [31.9512,-92.5659]}},
{"zip_code":"2536","country":"US","city":"East Falmouth","state":"Massachusetts","state_ab":"MA","county":"Barnstable","geo_location":{"type": "Point", "coordinates": [41.5968,-70.5671]}},
{"zip_code":"2563","country":"US","city":"Sandwich","state":"Massachusetts","state_ab":"MA","county":"Barnstable","geo_location":{"type": "Point", "coordinates": [41.7113,-70.4775]}},
{"zip_code":"2639","country":"US","city":"Dennis Port","state":"Massachusetts","state_ab":"MA","county":"Barnstable","geo_location":{"type": "Point", "coordinates": [41.6649,-70.1327]}},
{"zip_code":"2653","country":"US","city":"Orleans","state":"Massachusetts","state_ab":"MA","county":"Barnstable","geo_location":{"type": "Point", "coordinates": [41.7792,-69.9822]}},
{"zip_code":"2666","country":"US","city":"Truro","state":"Massachusetts","state_ab":"MA","county":"Barnstable","geo_location":{"type": "Point", "coordinates": [41.9988,-70.0564]}},
{"zip_code":"1029","country":"US","city":"East Otis","state":"Massachusetts","state_ab":"MA","county":"Berkshire","geo_location":{"type": "Point", "coordinates": [42.1909,-73.0517]}},
{"zip_code":"1223","country":"US","city":"Becket","state":"Massachusetts","state_ab":"MA","county":"Berkshire","geo_location":{"type": "Point", "coordinates": [42.3594,-73.1203]}},
{"zip_code":"1236","country":"US","city":"Housatonic","state":"Massachusetts","state_ab":"MA","county":"Berkshire","geo_location":{"type": "Point", "coordinates": [42.2653,-73.3745]}},
{"zip_code":"1263","country":"US","city":"Stockbridge","state":"Massachusetts","state_ab":"MA","county":"Berkshire","geo_location":{"type": "Point", "coordinates": [42.3929,-73.2285]}},
{"zip_code":"2356","country":"US","city":"North Easton","state":"Massachusetts","state_ab":"MA","county":"Bristol","geo_location":{"type": "Point", "coordinates": [42.059,-71.1123]}},
{"zip_code":"2703","country":"US","city":"Attleboro","state":"Massachusetts","state_ab":"MA","county":"Bristol","geo_location":{"type": "Point", "coordinates": [41.9296,-71.3009]}},
{"zip_code":"2743","country":"US","city":"Acushnet","state":"Massachusetts","state_ab":"MA","county":"Bristol","geo_location":{"type": "Point", "coordinates": [41.6997,-70.9087]}},
{"zip_code":"2769","country":"US","city":"Rehoboth","state":"Massachusetts","state_ab":"MA","county":"Bristol","geo_location":{"type": "Point", "coordinates": [41.8515,-71.2545]}},
{"zip_code":"2783","country":"US","city":"Taunton","state":"Massachusetts","state_ab":"MA","county":"Bristol","geo_location":{"type": "Point", "coordinates": [41.7562,-71.0671]}},
{"zip_code":"1830","country":"US","city":"Haverhill","state":"Massachusetts","state_ab":"MA","county":"Essex","geo_location":{"type": "Point", "coordinates": [42.7856,-71.0721]}},
{"zip_code":"1843","country":"US","city":"Lawrence","state":"Massachusetts","state_ab":"MA","county":"Essex","geo_location":{"type": "Point", "coordinates": [42.6911,-71.1605]}},
{"zip_code":"1906","country":"US","city":"Saugus","state":"Massachusetts","state_ab":"MA","county":"Essex","geo_location":{"type": "Point", "coordinates": [42.4633,-71.0111]}},
{"zip_code":"1960","country":"US","city":"Peabody","state":"Massachusetts","state_ab":"MA","county":"Essex","geo_location":{"type": "Point", "coordinates": [42.5326,-70.9612]}},
{"zip_code":"1339","country":"US","city":"Charlemont","state":"Massachusetts","state_ab":"MA","county":"Franklin","geo_location":{"type": "Point", "coordinates": [42.608,-72.8901]}},
{"zip_code":"1340","country":"US","city":"Colrain","state":"Massachusetts","state_ab":"MA","county":"Franklin","geo_location":{"type": "Point", "coordinates": [42.679,-72.7265]}},
{"zip_code":"1379","country":"US","city":"Wendell","state":"Massachusetts","state_ab":"MA","county":"Franklin","geo_location":{"type": "Point", "coordinates": [42.5656,-72.4009]}},
{"zip_code":"1380","country":"US","city":"Wendell Depot","state":"Massachusetts","state_ab":"MA","county":"Franklin","geo_location":{"type": "Point", "coordinates": [42.5534,-72.3927]}},
{"zip_code":"1030","country":"US","city":"Feeding Hills","state":"Massachusetts","state_ab":"MA","county":"Hampden","geo_location":{"type": "Point", "coordinates": [42.0718,-72.6751]}},
{"zip_code":"1056","country":"US","city":"Ludlow","state":"Massachusetts","state_ab":"MA","county":"Hampden","geo_location":{"type": "Point", "coordinates": [42.1728,-72.471]}},
{"zip_code":"1069","country":"US","city":"Palmer","state":"Massachusetts","state_ab":"MA","county":"Hampden","geo_location":{"type": "Point", "coordinates": [42.1762,-72.3288]}},
{"zip_code":"1106","country":"US","city":"Longmeadow","state":"Massachusetts","state_ab":"MA","county":"Hampden","geo_location":{"type": "Point", "coordinates": [42.0507,-72.5676]}},
{"zip_code":"1119","country":"US","city":"Springfield","state":"Massachusetts","state_ab":"MA","county":"Hampden","geo_location":{"type": "Point", "coordinates": [42.1247,-72.5121]}},
{"zip_code":"1133","country":"US","city":"Springfield","state":"Massachusetts","state_ab":"MA","county":"Hampden","geo_location":{"type": "Point", "coordinates": [42.1707,-72.6048]}},
{"zip_code":"1199","country":"US","city":"Springfield","state":"Massachusetts","state_ab":"MA","county":"Hampden","geo_location":{"type": "Point", "coordinates": [42.1199,-72.605]}},
{"zip_code":"1003","country":"US","city":"Amherst","state":"Massachusetts","state_ab":"MA","county":"Hampshire","geo_location":{"type": "Point", "coordinates": [42.3919,-72.5248]}},
{"zip_code":"1070","country":"US","city":"Plainfield","state":"Massachusetts","state_ab":"MA","county":"Hampshire","geo_location":{"type": "Point", "coordinates": [42.5144,-72.9183]}},
{"zip_code":"1096","country":"US","city":"Williamsburg","state":"Massachusetts","state_ab":"MA","county":"Hampshire","geo_location":{"type": "Point", "coordinates": [42.4085,-72.778]}},
{"zip_code":"1469","country":"US","city":"Townsend","state":"Massachusetts","state_ab":"MA","county":"Middlesex","geo_location":{"type": "Point", "coordinates": [42.6525,-71.6896]}},
{"zip_code":"1470","country":"US","city":"Groton","state":"Massachusetts","state_ab":"MA","county":"Middlesex","geo_location":{"type": "Point", "coordinates": [42.4464,-71.4594]}},
{"zip_code":"1803","country":"US","city":"Burlington","state":"Massachusetts","state_ab":"MA","county":"Middlesex","geo_location":{"type": "Point", "coordinates": [42.5089,-71.2004]}},
{"zip_code":"2149","country":"US","city":"Everett","state":"Massachusetts","state_ab":"MA","county":"Middlesex","geo_location":{"type": "Point", "coordinates": [42.4112,-71.0514]}},
{"zip_code":"2176","country":"US","city":"Melrose","state":"Massachusetts","state_ab":"MA","county":"Middlesex","geo_location":{"type": "Point", "coordinates": [42.4581,-71.0632]}},
{"zip_code":"2239","country":"US","city":"Cambridge","state":"Massachusetts","state_ab":"MA","county":"Middlesex","geo_location":{"type": "Point", "coordinates": [42.4464,-71.4594]}},
{"zip_code":"2420","country":"US","city":"Lexington","state":"Massachusetts","state_ab":"MA","county":"Middlesex","geo_location":{"type": "Point", "coordinates": [42.4563,-71.2167]}},
{"zip_code":"2459","country":"US","city":"Newton Center","state":"Massachusetts","state_ab":"MA","county":"Middlesex","geo_location":{"type": "Point", "coordinates": [42.3341,-71.1833]}},
{"zip_code":"2460","country":"US","city":"Newtonville","state":"Massachusetts","state_ab":"MA","county":"Middlesex","geo_location":{"type": "Point", "coordinates": [42.352,-71.2084]}},
{"zip_code":"2019","country":"US","city":"Bellingham","state":"Massachusetts","state_ab":"MA","county":"Norfolk","geo_location":{"type": "Point", "coordinates": [42.0746,-71.4768]}},
{"zip_code":"2189","country":"US","city":"Weymouth","state":"Massachusetts","state_ab":"MA","county":"Norfolk","geo_location":{"type": "Point", "coordinates": [42.2116,-70.9317]}},
{"zip_code":"2190","country":"US","city":"Weymouth","state":"Massachusetts","state_ab":"MA","county":"Norfolk","geo_location":{"type": "Point", "coordinates": [42.1728,-70.9487]}},
{"zip_code":"2343","country":"US","city":"Holbrook","state":"Massachusetts","state_ab":"MA","county":"Norfolk","geo_location":{"type": "Point", "coordinates": [42.1464,-71.0083]}},
{"zip_code":"2446","country":"US","city":"Brookline","state":"Massachusetts","state_ab":"MA","county":"Norfolk","geo_location":{"type": "Point", "coordinates": [42.3431,-71.123]}},
{"zip_code":"2020","country":"US","city":"Brant Rock","state":"Massachusetts","state_ab":"MA","county":"Plymouth","geo_location":{"type": "Point", "coordinates": [42.0818,-70.6439]}},
{"zip_code":"2059","country":"US","city":"North Marshfield","state":"Massachusetts","state_ab":"MA","county":"Plymouth","geo_location":{"type": "Point", "coordinates": [41.9705,-70.7014]}},
{"zip_code":"2060","country":"US","city":"North Scituate","state":"Massachusetts","state_ab":"MA","county":"Plymouth","geo_location":{"type": "Point", "coordinates": [41.9705,-70.7014]}},
{"zip_code":"2303","country":"US","city":"Brockton","state":"Massachusetts","state_ab":"MA","county":"Plymouth","geo_location":{"type": "Point", "coordinates": [41.9705,-70.7014]}},
{"zip_code":"2330","country":"US","city":"Carver","state":"Massachusetts","state_ab":"MA","county":"Plymouth","geo_location":{"type": "Point", "coordinates": [41.8883,-70.7678]}},
{"zip_code":"2370","country":"US","city":"Rockland","state":"Massachusetts","state_ab":"MA","county":"Plymouth","geo_location":{"type": "Point", "coordinates": [42.1293,-70.9133]}},
{"zip_code":"2499","country":"US","city":"Brockton","state":"Massachusetts","state_ab":"MA","county":"Plymouth County","geo_location":{"type": "Point", "coordinates": [42.0811,-71.0255]}},
{"zip_code":"2576","country":"US","city":"West Wareham","state":"Massachusetts","state_ab":"MA","county":"Plymouth","geo_location":{"type": "Point", "coordinates": [41.7796,-70.7642]}},
{"zip_code":"2770","country":"US","city":"Rochester","state":"Massachusetts","state_ab":"MA","county":"Plymouth","geo_location":{"type": "Point", "coordinates": [41.7591,-70.8523]}},
{"zip_code":"2109","country":"US","city":"Boston","state":"Massachusetts","state_ab":"MA","county":"Suffolk","geo_location":{"type": "Point", "coordinates": [42.36,-71.0545]}},
{"zip_code":"2110","country":"US","city":"Boston","state":"Massachusetts","state_ab":"MA","county":"Suffolk","geo_location":{"type": "Point", "coordinates": [42.3576,-71.0514]}},
{"zip_code":"13440","country":"US","city":"Rome","state":"New York","state_ab":"NY","county":"Oneida","geo_location":{"type": "Point", "coordinates": [43.2193,-75.4498]}},
{"zip_code":"13479","country":"US","city":"Washington Mills","state":"New York","state_ab":"NY","county":"Oneida","geo_location":{"type": "Point", "coordinates": [43.0538,-75.2716]}},
{"zip_code":"13480","country":"US","city":"Waterville","state":"New York","state_ab":"NY","county":"Oneida","geo_location":{"type": "Point", "coordinates": [42.9332,-75.3815]}},
{"zip_code":"13503","country":"US","city":"Utica","state":"New York","state_ab":"NY","county":"Oneida","geo_location":{"type": "Point", "coordinates": [43.1019,-75.2312]}},
{"zip_code":"13039","country":"US","city":"Cicero","state":"New York","state_ab":"NY","county":"Onondaga","geo_location":{"type": "Point", "coordinates": [43.1707,-76.0962]}},
{"zip_code":"13066","country":"US","city":"Fayetteville","state":"New York","state_ab":"NY","county":"Onondaga","geo_location":{"type": "Point", "coordinates": [43.0268,-76.0145]}},
{"zip_code":"13080","country":"US","city":"Jordan","state":"New York","state_ab":"NY","county":"Onondaga","geo_location":{"type": "Point", "coordinates": [43.0651,-76.4598]}},
{"zip_code":"13116","country":"US","city":"Minoa","state":"New York","state_ab":"NY","county":"Onondaga","geo_location":{"type": "Point", "coordinates": [43.0772,-76.0098]}},
{"zip_code":"13206","country":"US","city":"Syracuse","state":"New York","state_ab":"NY","county":"Onondaga","geo_location":{"type": "Point", "coordinates": [43.0677,-76.1102]}},
{"zip_code":"13219","country":"US","city":"Syracuse","state":"New York","state_ab":"NY","county":"Onondaga","geo_location":{"type": "Point", "coordinates": [43.0409,-76.2262]}},
{"zip_code":"13220","country":"US","city":"Syracuse","state":"New York","state_ab":"NY","county":"Onondaga","geo_location":{"type": "Point", "coordinates": [43.1234,-76.1282]}},
{"zip_code":"13260","country":"US","city":"Syracuse","state":"New York","state_ab":"NY","county":"Onondaga","geo_location":{"type": "Point", "coordinates": [43.0214,-76.1977]}},
{"zip_code":"14443","country":"US","city":"East Bloomfield","state":"New York","state_ab":"NY","county":"Ontario","geo_location":{"type": "Point", "coordinates": [42.901,-77.4233]}},
{"zip_code":"14456","country":"US","city":"Geneva","state":"New York","state_ab":"NY","county":"Ontario","geo_location":{"type": "Point", "coordinates": [42.8637,-76.9913]}},
{"zip_code":"14469","country":"US","city":"Bloomfield","state":"New York","state_ab":"NY","county":"Ontario","geo_location":{"type": "Point", "coordinates": [42.8851,-77.46]}},
{"zip_code":"10919","country":"US","city":"Circleville","state":"New York","state_ab":"NY","county":"Orange","geo_location":{"type": "Point", "coordinates": [41.5244,-74.385]}},
{"zip_code":"10933","country":"US","city":"Johnson","state":"New York","state_ab":"NY","county":"Orange","geo_location":{"type": "Point", "coordinates": [41.3653,-74.5109]}},
{"zip_code":"10959","country":"US","city":"New Milford","state":"New York","state_ab":"NY","county":"Orange","geo_location":{"type": "Point", "coordinates": [41.3878,-74.3547]}},
{"zip_code":"10973","country":"US","city":"Slate Hill","state":"New York","state_ab":"NY","county":"Orange","geo_location":{"type": "Point", "coordinates": [41.376,-74.4847]}},
{"zip_code":"12553","country":"US","city":"New Windsor","state":"New York","state_ab":"NY","county":"Orange","geo_location":{"type": "Point", "coordinates": [41.4724,-74.0566]}},
{"zip_code":"12566","country":"US","city":"Pine Bush","state":"New York","state_ab":"NY","county":"Orange","geo_location":{"type": "Point", "coordinates": [41.6178,-74.3263]}},
{"zip_code":"12746","country":"US","city":"Huguenot","state":"New York","state_ab":"NY","county":"Orange","geo_location":{"type": "Point", "coordinates": [41.4372,-74.6426]}},
{"zip_code":"14429","country":"US","city":"Clarendon","state":"New York","state_ab":"NY","county":"Orleans","geo_location":{"type": "Point", "coordinates": [43.381,-78.2313]}},
{"zip_code":"14470","country":"US","city":"Holley","state":"New York","state_ab":"NY","county":"Orleans","geo_location":{"type": "Point", "coordinates": [43.2159,-78.0731]}},
{"zip_code":"13093","country":"US","city":"Lycoming","state":"New York","state_ab":"NY","county":"Oswego","geo_location":{"type": "Point", "coordinates": [43.4313,-76.2004]}},
{"zip_code":"13103","country":"US","city":"Mallory","state":"New York","state_ab":"NY","county":"Oswego","geo_location":{"type": "Point", "coordinates": [43.3399,-76.0964]}},
{"zip_code":"13426","country":"US","city":"Orwell","state":"New York","state_ab":"NY","county":"Oswego","geo_location":{"type": "Point", "coordinates": [43.5628,-75.9968]}},
{"zip_code":"13493","country":"US","city":"Williamstown","state":"New York","state_ab":"NY","county":"Oswego","geo_location":{"type": "Point", "coordinates": [43.4106,-75.9044]}},
{"zip_code":"13439","country":"US","city":"Richfield Springs","state":"New York","state_ab":"NY","county":"Otsego","geo_location":{"type": "Point", "coordinates": [42.8402,-74.9716]}},
{"zip_code":"13466","country":"US","city":"South Edmeston","state":"New York","state_ab":"NY","county":"Otsego County","geo_location":{"type": "Point", "coordinates": [42.6709,-75.2576]}},
{"zip_code":"13776","country":"US","city":"Gilbertsville","state":"New York","state_ab":"NY","county":"Otsego","geo_location":{"type": "Point", "coordinates": [42.433,-75.3609]}},
{"zip_code":"11109","country":"US","city":"Long Island City","state":"New York","state_ab":"NY","county":"Queens","geo_location":{"type": "Point", "coordinates": [40.7454,-73.9575]}},
{"zip_code":"11356","country":"US","city":"College Point","state":"New York","state_ab":"NY","county":"Queens","geo_location":{"type": "Point", "coordinates": [40.7855,-73.845]}},
{"zip_code":"11369","country":"US","city":"East Elmhurst","state":"New York","state_ab":"NY","county":"Queens","geo_location":{"type": "Point", "coordinates": [40.7613,-73.8739]}},
{"zip_code":"11370","country":"US","city":"East Elmhurst","state":"New York","state_ab":"NY","county":"Queens","geo_location":{"type": "Point", "coordinates": [40.7611,-73.8916]}},
{"zip_code":"11419","country":"US","city":"South Richmond Hill","state":"New York","state_ab":"NY","county":"Queens","geo_location":{"type": "Point", "coordinates": [40.6868,-73.823]}},
{"zip_code":"11420","country":"US","city":"South Ozone Park","state":"New York","state_ab":"NY","county":"Queens","geo_location":{"type": "Point", "coordinates": [40.6744,-73.819]}},
{"zip_code":"11433","country":"US","city":"Jamaica","state":"New York","state_ab":"NY","county":"Queens","geo_location":{"type": "Point", "coordinates": [40.6969,-73.7877]}},
{"zip_code":"11446","country":"US","city":"Jamaica","state":"New York","state_ab":"NY","county":"Queens County","geo_location":{"type": "Point", "coordinates": [40.6913,-73.8059]}},
{"zip_code":"11460","country":"US","city":"Jamaica","state":"New York","state_ab":"NY","county":"Queens County","geo_location":{"type": "Point", "coordinates": [40.6913,-73.8059]}},
{"zip_code":"11486","country":"US","city":"Jamaica","state":"New York","state_ab":"NY","county":"Queens County","geo_location":{"type": "Point", "coordinates": [40.6913,-73.8059]}},
{"zip_code":"11499","country":"US","city":"Jamaica","state":"New York","state_ab":"NY","county":"Queens","geo_location":{"type": "Point", "coordinates": [40.6514,-73.8708]}},
{"zip_code":"11693","country":"US","city":"Far Rockaway","state":"New York","state_ab":"NY","county":"Queens","geo_location":{"type": "Point", "coordinates": [40.6076,-73.8198]}},
{"zip_code":"12063","country":"US","city":"East Schodack","state":"New York","state_ab":"NY","county":"Rensselaer","geo_location":{"type": "Point", "coordinates": [42.5637,-73.6274]}},
{"zip_code":"12089","country":"US","city":"Hoosick","state":"New York","state_ab":"NY","county":"Rensselaer","geo_location":{"type": "Point", "coordinates": [42.8667,-73.3181]}},
{"zip_code":"12090","country":"US","city":"Hoosick Falls","state":"New York","state_ab":"NY","county":"Rensselaer","geo_location":{"type": "Point", "coordinates": [42.8937,-73.3581]}},
{"zip_code":"12140","country":"US","city":"Poestenkill","state":"New York","state_ab":"NY","county":"Rensselaer","geo_location":{"type": "Point", "coordinates": [42.6918,-73.5627]}},
{"zip_code":"12153","country":"US","city":"Sand Lake","state":"New York","state_ab":"NY","county":"Rensselaer","geo_location":{"type": "Point", "coordinates": [42.6379,-73.4989]}},
{"zip_code":"12179","country":"US","city":"Troy","state":"New York","state_ab":"NY","county":"Rensselaer","geo_location":{"type": "Point", "coordinates": [42.7114,-73.5256]}},
{"zip_code":"12180","country":"US","city":"Troy","state":"New York","state_ab":"NY","county":"Rensselaer","geo_location":{"type": "Point", "coordinates": [42.7287,-73.6683]}},
{"zip_code":"10313","country":"US","city":"Staten Island","state":"New York","state_ab":"NY","county":"Richmond","geo_location":{"type": "Point", "coordinates": [40.5644,-74.1468]}},
{"zip_code":"10920","country":"US","city":"Congers","state":"New York","state_ab":"NY","county":"Rockland","geo_location":{"type": "Point", "coordinates": [41.1487,-73.9413]}},
{"zip_code":"10960","country":"US","city":"Nyack","state":"New York","state_ab":"NY","county":"Rockland","geo_location":{"type": "Point", "coordinates": [41.0914,-73.9252]}},
{"zip_code":"10986","country":"US","city":"Tomkins Cove","state":"New York","state_ab":"NY","county":"Rockland","geo_location":{"type": "Point", "coordinates": [41.2598,-73.9892]}},
{"zip_code":"13633","country":"US","city":"De Peyster","state":"New York","state_ab":"NY","county":"St. Lawrence","geo_location":{"type": "Point", "coordinates": [44.4989,-75.4772]}},
{"zip_code":"13646","country":"US","city":"Hammond","state":"New York","state_ab":"NY","county":"St. Lawrence","geo_location":{"type": "Point", "coordinates": [44.4502,-75.6727]}},
{"zip_code":"13660","country":"US","city":"Madrid","state":"New York","state_ab":"NY","county":"St. Lawrence","geo_location":{"type": "Point", "coordinates": [44.769,-75.1413]}},
{"zip_code":"13699","country":"US","city":"Potsdam","state":"New York","state_ab":"NY","county":"St. Lawrence","geo_location":{"type": "Point", "coordinates": [44.4966,-75.073]}},
{"zip_code":"12850","country":"US","city":"Middle Grove","state":"New York","state_ab":"NY","county":"Saratoga","geo_location":{"type": "Point", "coordinates": [43.0975,-74.0167]}},
{"zip_code":"12863","country":"US","city":"Rock City Falls","state":"New York","state_ab":"NY","county":"Saratoga","geo_location":{"type": "Point", "coordinates": [43.0662,-73.9215]}},
{"zip_code":"12306","country":"US","city":"Schenectady","state":"New York","state_ab":"NY","county":"Schenectady","geo_location":{"type": "Point", "coordinates": [42.7904,-73.9809]}}]}