{"value": [{"zip_code":"80644","country":"US","city":"Kersey","state":"Colorado","state_ab":"CO","county":"Weld","geo_location":{"type": "Point", "coordinates": [40.3963,-104.5288]}},
{"zip_code":"80824","country":"US","city":"Kirk","state":"Colorado","state_ab":"CO","county":"Yuma","geo_location":{"type": "Point", "coordinates": [39.6171,-102.4776]}},
{"zip_code":"6404","country":"US","city":"Botsford","state":"Connecticut","state_ab":"CT","county":"Fairfield","geo_location":{"type": "Point", "coordinates": [41.1651,-73.1292]}},
{"zip_code":"6431","country":"US","city":"Fairfield","state":"Connecticut","state_ab":"CT","county":"Fairfield","geo_location":{"type": "Point", "coordinates": [41.2191,-73.2527]}},
{"zip_code":"6484","country":"US","city":"Shelton","state":"Connecticut","state_ab":"CT","county":"Fairfield","geo_location":{"type": "Point", "coordinates": [41.3047,-73.1294]}},
{"zip_code":"6497","country":"US","city":"Stratford","state":"Connecticut","state_ab":"CT","county":"Fairfield","geo_location":{"type": "Point", "coordinates": [41.2071,-73.1305]}},
{"zip_code":"6611","country":"US","city":"Trumbull","state":"Connecticut","state_ab":"CT","county":"Fairfield","geo_location":{"type": "Point", "coordinates": [41.2564,-73.2111]}},
{"zip_code":"6804","country":"US","city":"Brookfield","state":"Connecticut","state_ab":"CT","county":"Fairfield","geo_location":{"type": "Point", "coordinates": [41.465,-73.398]}},
{"zip_code":"6817","country":"US","city":"Danbury","state":"Connecticut","state_ab":"CT","county":"Fairfield","geo_location":{"type": "Point", "coordinates": [41.3089,-73.3637]}},
{"zip_code":"6831","country":"US","city":"Greenwich","state":"Connecticut","state_ab":"CT","county":"Fairfield","geo_location":{"type": "Point", "coordinates": [41.0549,-73.6594]}},
{"zip_code":"6857","country":"US","city":"Norwalk","state":"Connecticut","state_ab":"CT","county":"Fairfield","geo_location":{"type": "Point", "coordinates": [41.3089,-73.3637]}},
{"zip_code":"67054","country":"US","city":"Greensburg","state":"Kansas","state_ab":"KS","county":"Kiowa","geo_location":{"type": "Point", "coordinates": [37.6084,-99.3011]}},
{"zip_code":"67481","country":"US","city":"Sylvan Grove","state":"Kansas","state_ab":"KS","county":"Lincoln","geo_location":{"type": "Point", "coordinates": [39.0324,-98.373]}},
{"zip_code":"67764","country":"US","city":"Winona","state":"Kansas","state_ab":"KS","county":"Logan","geo_location":{"type": "Point", "coordinates": [39.061,-101.2216]}},
{"zip_code":"66864","country":"US","city":"Neosho Rapids","state":"Kansas","state_ab":"KS","county":"Lyon","geo_location":{"type": "Point", "coordinates": [38.3948,-96.0168]}},
{"zip_code":"66851","country":"US","city":"Florence","state":"Kansas","state_ab":"KS","county":"Marion","geo_location":{"type": "Point", "coordinates": [38.2415,-96.9346]}},
{"zip_code":"66411","country":"US","city":"Blue Rapids","state":"Kansas","state_ab":"KS","county":"Marshall","geo_location":{"type": "Point", "coordinates": [39.675,-96.6359]}},
{"zip_code":"66541","country":"US","city":"Summerfield","state":"Kansas","state_ab":"KS","county":"Marshall","geo_location":{"type": "Point", "coordinates": [39.9798,-96.3279]}},
{"zip_code":"66064","country":"US","city":"Osawatomie","state":"Kansas","state_ab":"KS","county":"Miami","geo_location":{"type": "Point", "coordinates": [38.4888,-94.962]}},
{"zip_code":"67337","country":"US","city":"Coffeyville","state":"Kansas","state_ab":"KS","county":"Montgomery","geo_location":{"type": "Point", "coordinates": [37.0441,-95.6328]}},
{"zip_code":"67351","country":"US","city":"Liberty","state":"Kansas","state_ab":"KS","county":"Montgomery","geo_location":{"type": "Point", "coordinates": [37.1576,-95.6017]}},
{"zip_code":"67364","country":"US","city":"Tyro","state":"Kansas","state_ab":"KS","county":"Montgomery","geo_location":{"type": "Point", "coordinates": [37.037,-95.8237]}},
{"zip_code":"67584","country":"US","city":"Utica","state":"Kansas","state_ab":"KS","county":"Ness","geo_location":{"type": "Point", "coordinates": [38.6411,-100.138]}},
{"zip_code":"66451","country":"US","city":"Lyndon","state":"Kansas","state_ab":"KS","county":"Osage","geo_location":{"type": "Point", "coordinates": [38.6356,-95.6802]}},
{"zip_code":"67467","country":"US","city":"Minneapolis","state":"Kansas","state_ab":"KS","county":"Ottawa","geo_location":{"type": "Point", "coordinates": [39.1295,-97.6688]}},
{"zip_code":"67621","country":"US","city":"Agra","state":"Kansas","state_ab":"KS","county":"Phillips","geo_location":{"type": "Point", "coordinates": [39.8037,-99.1255]}},
{"zip_code":"67647","country":"US","city":"Long Island","state":"Kansas","state_ab":"KS","county":"Phillips","geo_location":{"type": "Point", "coordinates": [39.9517,-99.5391]}},
{"zip_code":"67661","country":"US","city":"Phillipsburg","state":"Kansas","state_ab":"KS","county":"Phillips","geo_location":{"type": "Point", "coordinates": [39.7623,-99.3328]}},
{"zip_code":"67504","country":"US","city":"Hutchinson","state":"Kansas","state_ab":"KS","county":"Reno","geo_location":{"type": "Point", "coordinates": [37.9532,-98.0859]}},
{"zip_code":"67427","country":"US","city":"Bushton","state":"Kansas","state_ab":"KS","county":"Rice","geo_location":{"type": "Point", "coordinates": [38.5018,-98.4016]}},
{"zip_code":"66554","country":"US","city":"Randolph","state":"Kansas","state_ab":"KS","county":"Riley","geo_location":{"type": "Point", "coordinates": [39.4879,-96.7828]}},
{"zip_code":"67634","country":"US","city":"Dorrance","state":"Kansas","state_ab":"KS","county":"Russell","geo_location":{"type": "Point", "coordinates": [38.8348,-98.5695]}},
{"zip_code":"67401","country":"US","city":"Salina","state":"Kansas","state_ab":"KS","county":"Saline","geo_location":{"type": "Point", "coordinates": [38.8237,-97.6421]}},
{"zip_code":"67001","country":"US","city":"Andale","state":"Kansas","state_ab":"KS","county":"Sedgwick","geo_location":{"type": "Point", "coordinates": [37.7797,-97.6366]}},
{"zip_code":"67067","country":"US","city":"Kechi","state":"Kansas","state_ab":"KS","county":"Sedgwick","geo_location":{"type": "Point", "coordinates": [37.7934,-97.2737]}},
{"zip_code":"67207","country":"US","city":"Wichita","state":"Kansas","state_ab":"KS","county":"Sedgwick","geo_location":{"type": "Point", "coordinates": [37.671,-97.2179]}},
{"zip_code":"67221","country":"US","city":"Mcconnell Afb","state":"Kansas","state_ab":"KS","county":"Sedgwick","geo_location":{"type": "Point", "coordinates": [37.6066,-97.2979]}},
{"zip_code":"66604","country":"US","city":"Topeka","state":"Kansas","state_ab":"KS","county":"Shawnee","geo_location":{"type": "Point", "coordinates": [39.0405,-95.7178]}},
{"zip_code":"66617","country":"US","city":"Topeka","state":"Kansas","state_ab":"KS","county":"Shawnee","geo_location":{"type": "Point", "coordinates": [39.1271,-95.6384]}},
{"zip_code":"66967","country":"US","city":"Smith Center","state":"Kansas","state_ab":"KS","county":"Smith","geo_location":{"type": "Point", "coordinates": [39.8042,-98.7842]}},
{"zip_code":"67557","country":"US","city":"Macksville","state":"Kansas","state_ab":"KS","county":"Stafford","geo_location":{"type": "Point", "coordinates": [37.9433,-98.9481]}},
{"zip_code":"66501","country":"US","city":"Mc Farland","state":"Kansas","state_ab":"KS","county":"Wabaunsee","geo_location":{"type": "Point", "coordinates": [39.0535,-96.2379]}},
{"zip_code":"66761","country":"US","city":"Piqua","state":"Kansas","state_ab":"KS","county":"Woodson","geo_location":{"type": "Point", "coordinates": [37.8728,-95.59]}},
{"zip_code":"66101","country":"US","city":"Kansas City","state":"Kansas","state_ab":"KS","county":"Wyandotte","geo_location":{"type": "Point", "coordinates": [39.1157,-94.6271]}},
{"zip_code":"42741","country":"US","city":"Glens Fork","state":"Kentucky","state_ab":"KY","county":"Adair","geo_location":{"type": "Point", "coordinates": [37.007,-85.2487]}},
{"zip_code":"40374","country":"US","city":"Sharpsburg","state":"Kentucky","state_ab":"KY","county":"Bath","geo_location":{"type": "Point", "coordinates": [38.2147,-83.8932]}},
{"zip_code":"41094","country":"US","city":"Walton","state":"Kentucky","state_ab":"KY","county":"Boone","geo_location":{"type": "Point", "coordinates": [38.8875,-84.6328]}},
{"zip_code":"40361","country":"US","city":"Paris","state":"Kentucky","state_ab":"KY","county":"Bourbon","geo_location":{"type": "Point", "coordinates": [38.2083,-84.245]}},
{"zip_code":"40464","country":"US","city":"Parksville","state":"Kentucky","state_ab":"KY","county":"Boyle","geo_location":{"type": "Point", "coordinates": [37.5778,-84.9281]}},
{"zip_code":"41377","country":"US","city":"Talbert","state":"Kentucky","state_ab":"KY","county":"Breathitt","geo_location":{"type": "Point", "coordinates": [37.4175,-83.4445]}},
{"zip_code":"40114","country":"US","city":"Constantine","state":"Kentucky","state_ab":"KY","county":"Breckinridge County","geo_location":{"type": "Point", "coordinates": [37.6794,-86.2417]}},
{"zip_code":"42251","country":"US","city":"Huntsville","state":"Kentucky","state_ab":"KY","county":"Butler","geo_location":{"type": "Point", "coordinates": [37.158,-86.8858]}},
{"zip_code":"42071","country":"US","city":"Murray","state":"Kentucky","state_ab":"KY","county":"Calloway","geo_location":{"type": "Point", "coordinates": [36.6099,-88.3032]}},
{"zip_code":"41001","country":"US","city":"Alexandria","state":"Kentucky","state_ab":"KY","county":"Campbell","geo_location":{"type": "Point", "coordinates": [38.9406,-84.3943]}},
{"zip_code":"40914","country":"US","city":"Big Creek","state":"Kentucky","state_ab":"KY","county":"Clay","geo_location":{"type": "Point", "coordinates": [37.1046,-83.5706]}},
{"zip_code":"40941","country":"US","city":"Garrard","state":"Kentucky","state_ab":"KY","county":"Clay","geo_location":{"type": "Point", "coordinates": [37.1477,-83.737]}},
{"zip_code":"42084","country":"US","city":"Tolu","state":"Kentucky","state_ab":"KY","county":"Crittenden","geo_location":{"type": "Point", "coordinates": [37.4349,-88.2461]}},
{"zip_code":"42714","country":"US","city":"Bow","state":"Kentucky","state_ab":"KY","county":"Cumberland County","geo_location":{"type": "Point", "coordinates": [36.7081,-85.3019]}},
{"zip_code":"42301","country":"US","city":"Owensboro","state":"Kentucky","state_ab":"KY","county":"Daviess","geo_location":{"type": "Point", "coordinates": [37.7513,-87.1554]}},
{"zip_code":"41171","country":"US","city":"Sandy Hook","state":"Kentucky","state_ab":"KY","county":"Elliott","geo_location":{"type": "Point", "coordinates": [38.1316,-83.0797]}},
{"zip_code":"40501","country":"US","city":"Lexington","state":"Kentucky","state_ab":"KY","county":"Fayette","geo_location":{"type": "Point", "coordinates": [38.0378,-84.6165]}},
{"zip_code":"40514","country":"US","city":"Lexington","state":"Kentucky","state_ab":"KY","county":"Fayette","geo_location":{"type": "Point", "coordinates": [37.9833,-84.5767]}},
{"zip_code":"40581","country":"US","city":"Lexington","state":"Kentucky","state_ab":"KY","county":"Fayette","geo_location":{"type": "Point", "coordinates": [38.0283,-84.4715]}},
{"zip_code":"40594","country":"US","city":"Lexington","state":"Kentucky","state_ab":"KY","county":"Fayette","geo_location":{"type": "Point", "coordinates": [38.0283,-84.4715]}},
{"zip_code":"41041","country":"US","city":"Flemingsburg","state":"Kentucky","state_ab":"KY","county":"Fleming","geo_location":{"type": "Point", "coordinates": [38.428,-83.708]}},
{"zip_code":"41081","country":"US","city":"Plummers Landing","state":"Kentucky","state_ab":"KY","county":"Fleming","geo_location":{"type": "Point", "coordinates": [38.3481,-83.7186]}},
{"zip_code":"41607","country":"US","city":"Blue River","state":"Kentucky","state_ab":"KY","county":"Floyd","geo_location":{"type": "Point", "coordinates": [37.6253,-82.8418]}},
{"zip_code":"41621","country":"US","city":"Dwale","state":"Kentucky","state_ab":"KY","county":"Floyd","geo_location":{"type": "Point", "coordinates": [37.6246,-82.7227]}},
{"zip_code":"41647","country":"US","city":"Mc Dowell","state":"Kentucky","state_ab":"KY","county":"Floyd","geo_location":{"type": "Point", "coordinates": [37.4355,-82.7203]}},
{"zip_code":"40604","country":"US","city":"Frankfort","state":"Kentucky","state_ab":"KY","county":"Franklin","geo_location":{"type": "Point", "coordinates": [38.2341,-84.8748]}},
{"zip_code":"41054","country":"US","city":"Mason","state":"Kentucky","state_ab":"KY","county":"Grant","geo_location":{"type": "Point", "coordinates": [38.5932,-84.5786]}},
{"zip_code":"42754","country":"US","city":"Leitchfield","state":"Kentucky","state_ab":"KY","county":"Grayson","geo_location":{"type": "Point", "coordinates": [37.4603,-86.3249]}},
{"zip_code":"41144","country":"US","city":"Greenup","state":"Kentucky","state_ab":"KY","county":"Greenup","geo_location":{"type": "Point", "coordinates": [38.5368,-82.9191]}},
{"zip_code":"42701","country":"US","city":"Elizabethtown","state":"Kentucky","state_ab":"KY","county":"Hardin","geo_location":{"type": "Point", "coordinates": [37.6848,-85.8784]}},
{"zip_code":"42781","country":"US","city":"Stephensburg","state":"Kentucky","state_ab":"KY","county":"Hardin County","geo_location":{"type": "Point", "coordinates": [37.63,-86.019]}},
{"zip_code":"40824","country":"US","city":"Dayhoit","state":"Kentucky","state_ab":"KY","county":"Harlan","geo_location":{"type": "Point", "coordinates": [36.8356,-83.3753]}},
{"zip_code":"40927","country":"US","city":"Closplint","state":"Kentucky","state_ab":"KY","county":"Harlan","geo_location":{"type": "Point", "coordinates": [36.8713,-83.0414]}},
{"zip_code":"42457","country":"US","city":"Smith Mills","state":"Kentucky","state_ab":"KY","county":"Henderson","geo_location":{"type": "Point", "coordinates": [37.8323,-87.7889]}},
{"zip_code":"40011","country":"US","city":"Campbellsburg","state":"Kentucky","state_ab":"KY","county":"Henry","geo_location":{"type": "Point", "coordinates": [38.5231,-85.1611]}},
{"zip_code":"42031","country":"US","city":"Clinton","state":"Kentucky","state_ab":"KY","county":"Hickman","geo_location":{"type": "Point", "coordinates": [36.6675,-88.9676]}},
{"zip_code":"42431","country":"US","city":"Madisonville","state":"Kentucky","state_ab":"KY","county":"Hopkins","geo_location":{"type": "Point", "coordinates": [37.3256,-87.4953]}},
{"zip_code":"40204","country":"US","city":"Louisville","state":"Kentucky","state_ab":"KY","county":"Jefferson","geo_location":{"type": "Point", "coordinates": [38.2369,-85.7249]}},
{"zip_code":"52641","country":"US","city":"Mount Pleasant","state":"Iowa","state_ab":"IA","county":"Henry","geo_location":{"type": "Point", "coordinates": [40.9646,-91.5614]}},
{"zip_code":"39204","country":"US","city":"Jackson","state":"Mississippi","state_ab":"MS","county":"Hinds","geo_location":{"type": "Point", "coordinates": [32.2832,-90.2306]}},
{"zip_code":"39217","country":"US","city":"Jackson","state":"Mississippi","state_ab":"MS","county":"Hinds","geo_location":{"type": "Point", "coordinates": [32.2974,-90.2081]}},
{"zip_code":"39271","country":"US","city":"Jackson","state":"Mississippi","state_ab":"MS","county":"Hinds","geo_location":{"type": "Point", "coordinates": [32.3113,-90.3972]}},
{"zip_code":"39284","country":"US","city":"Jackson","state":"Mississippi","state_ab":"MS","county":"Hinds","geo_location":{"type": "Point", "coordinates": [32.3113,-90.3972]}},
{"zip_code":"38924","country":"US","city":"Cruger","state":"Mississippi","state_ab":"MS","county":"Holmes","geo_location":{"type": "Point", "coordinates": [33.311,-90.2316]}},
{"zip_code":"38847","country":"US","city":"Golden","state":"Mississippi","state_ab":"MS","county":"Itawamba","geo_location":{"type": "Point", "coordinates": [34.4812,-88.1842]}},
{"zip_code":"39567","country":"US","city":"Pascagoula","state":"Mississippi","state_ab":"MS","county":"Jackson","geo_location":{"type": "Point", "coordinates": [30.5342,-88.4894]}},
{"zip_code":"39581","country":"US","city":"Pascagoula","state":"Mississippi","state_ab":"MS","county":"Jackson","geo_location":{"type": "Point", "coordinates": [30.3664,-88.5289]}},
{"zip_code":"39437","country":"US","city":"Ellisville","state":"Mississippi","state_ab":"MS","county":"Jones","geo_location":{"type": "Point", "coordinates": [31.5797,-89.2231]}},
{"zip_code":"39477","country":"US","city":"Sandersville","state":"Mississippi","state_ab":"MS","county":"Jones","geo_location":{"type": "Point", "coordinates": [31.7909,-89.0414]}},
{"zip_code":"38601","country":"US","city":"Abbeville","state":"Mississippi","state_ab":"MS","county":"Lafayette","geo_location":{"type": "Point", "coordinates": [34.4719,-89.4475]}},
{"zip_code":"38874","country":"US","city":"Toccopola","state":"Mississippi","state_ab":"MS","county":"Lafayette","geo_location":{"type": "Point", "coordinates": [34.2265,-89.2519]}},
{"zip_code":"39307","country":"US","city":"Meridian","state":"Mississippi","state_ab":"MS","county":"Lauderdale","geo_location":{"type": "Point", "coordinates": [32.3736,-88.7436]}},
{"zip_code":"39051","country":"US","city":"Carthage","state":"Mississippi","state_ab":"MS","county":"Leake","geo_location":{"type": "Point", "coordinates": [32.7852,-89.5241]}},
{"zip_code":"38821","country":"US","city":"Amory","state":"Mississippi","state_ab":"MS","county":"Monroe","geo_location":{"type": "Point", "coordinates": [33.9844,-88.4709]}},
{"zip_code":"39747","country":"US","city":"Kilmichael","state":"Mississippi","state_ab":"MS","county":"Montgomery","geo_location":{"type": "Point", "coordinates": [33.4165,-89.5696]}},
{"zip_code":"39361","country":"US","city":"Shuqualak","state":"Mississippi","state_ab":"MS","county":"Noxubee","geo_location":{"type": "Point", "coordinates": [32.9769,-88.5594]}},
{"zip_code":"39464","country":"US","city":"Ovett","state":"Mississippi","state_ab":"MS","county":"Perry","geo_location":{"type": "Point", "coordinates": [31.4738,-89.0396]}},
{"zip_code":"39657","country":"US","city":"Osyka","state":"Mississippi","state_ab":"MS","county":"Pike","geo_location":{"type": "Point", "coordinates": [31.0217,-90.479]}},
{"zip_code":"38964","country":"US","city":"Vance","state":"Mississippi","state_ab":"MS","county":"Quitman","geo_location":{"type": "Point", "coordinates": [34.0936,-90.3752]}},
{"zip_code":"39167","country":"US","city":"Star","state":"Mississippi","state_ab":"MS","county":"Rankin","geo_location":{"type": "Point", "coordinates": [32.0961,-90.0615]}},
{"zip_code":"39114","country":"US","city":"Mendenhall","state":"Mississippi","state_ab":"MS","county":"Simpson","geo_location":{"type": "Point", "coordinates": [31.9494,-89.8095]}},
{"zip_code":"38771","country":"US","city":"Ruleville","state":"Mississippi","state_ab":"MS","county":"Sunflower","geo_location":{"type": "Point", "coordinates": [33.7241,-90.5527]}},
{"zip_code":"38627","country":"US","city":"Etta","state":"Mississippi","state_ab":"MS","county":"Union","geo_location":{"type": "Point", "coordinates": [34.4352,-89.1767]}},
{"zip_code":"39181","country":"US","city":"Vicksburg","state":"Mississippi","state_ab":"MS","county":"Warren","geo_location":{"type": "Point", "coordinates": [32.3486,-90.8642]}},
{"zip_code":"38704","country":"US","city":"Greenville","state":"Mississippi","state_ab":"MS","county":"Washington","geo_location":{"type": "Point", "coordinates": [33.2534,-90.9185]}},
{"zip_code":"38731","country":"US","city":"Chatham","state":"Mississippi","state_ab":"MS","county":"Washington","geo_location":{"type": "Point", "coordinates": [33.0854,-91.0883]}},
{"zip_code":"38744","country":"US","city":"Glen Allan","state":"Mississippi","state_ab":"MS","county":"Washington","geo_location":{"type": "Point", "coordinates": [33.0254,-91.0092]}},
{"zip_code":"39631","country":"US","city":"Centreville","state":"Mississippi","state_ab":"MS","county":"Wilkinson","geo_location":{"type": "Point", "coordinates": [31.0893,-91.096]}},
{"zip_code":"39194","country":"US","city":"Yazoo City","state":"Mississippi","state_ab":"MS","county":"Yazoo","geo_location":{"type": "Point", "coordinates": [32.8594,-90.4031]}},
{"zip_code":"59031","country":"US","city":"Garryowen","state":"Montana","state_ab":"MT","county":"Big Horn","geo_location":{"type": "Point", "coordinates": [45.5187,-107.4817]}},
{"zip_code":"59547","country":"US","city":"Zurich","state":"Montana","state_ab":"MT","county":"Blaine","geo_location":{"type": "Point", "coordinates": [48.3605,-108.8939]}},
{"zip_code":"59071","country":"US","city":"Roscoe","state":"Montana","state_ab":"MT","county":"Carbon","geo_location":{"type": "Point", "coordinates": [45.268,-109.5658]}},
{"zip_code":"59404","country":"US","city":"Great Falls","state":"Montana","state_ab":"MT","county":"Cascade","geo_location":{"type": "Point", "coordinates": [47.5098,-111.3405]}},
{"zip_code":"59301","country":"US","city":"Miles City","state":"Montana","state_ab":"MT","county":"Custer","geo_location":{"type": "Point", "coordinates": [46.4075,-105.8332]}},
{"zip_code":"59354","country":"US","city":"Willard","state":"Montana","state_ab":"MT","county":"Fallon","geo_location":{"type": "Point", "coordinates": [46.1141,-104.4467]}},
{"zip_code":"59457","country":"US","city":"Lewistown","state":"Montana","state_ab":"MT","county":"Fergus","geo_location":{"type": "Point", "coordinates": [47.0563,-109.4203]}},
{"zip_code":"59471","country":"US","city":"Roy","state":"Montana","state_ab":"MT","county":"Fergus","geo_location":{"type": "Point", "coordinates": [47.3678,-108.8634]}},
{"zip_code":"59921","country":"US","city":"Lake Mc Donald","state":"Montana","state_ab":"MT","county":"Flathead","geo_location":{"type": "Point", "coordinates": [48.2989,-113.9497]}},
{"zip_code":"59714","country":"US","city":"Belgrade","state":"Montana","state_ab":"MT","county":"Gallatin","geo_location":{"type": "Point", "coordinates": [45.7801,-111.1439]}},
{"zip_code":"59741","country":"US","city":"Manhattan","state":"Montana","state_ab":"MT","county":"Gallatin","geo_location":{"type": "Point", "coordinates": [45.798,-111.3146]}},
{"zip_code":"59417","country":"US","city":"Browning","state":"Montana","state_ab":"MT","county":"Glacier","geo_location":{"type": "Point", "coordinates": [48.6491,-112.7936]}},
{"zip_code":"59521","country":"US","city":"Box Elder","state":"Montana","state_ab":"MT","county":"Hill","geo_location":{"type": "Point", "coordinates": [48.2841,-109.8205]}},
{"zip_code":"59624","country":"US","city":"Helena","state":"Montana","state_ab":"MT","county":"Lewis and Clark","geo_location":{"type": "Point", "coordinates": [46.61,-112.0624]}},
{"zip_code":"59934","country":"US","city":"Trego","state":"Montana","state_ab":"MT","county":"Lincoln","geo_location":{"type": "Point", "coordinates": [48.4457,-115.331]}},
{"zip_code":"59754","country":"US","city":"Twin Bridges","state":"Montana","state_ab":"MT","county":"Madison","geo_location":{"type": "Point", "coordinates": [45.5311,-112.3495]}},
{"zip_code":"59804","country":"US","city":"Missoula","state":"Montana","state_ab":"MT","county":"Missoula","geo_location":{"type": "Point", "coordinates": [46.8467,-114.1698]}},
{"zip_code":"59017","country":"US","city":"Cat Creek","state":"Montana","state_ab":"MT","county":"Petroleum County","geo_location":{"type": "Point", "coordinates": [47.1866,-108.2994]}},
{"zip_code":"59084","country":"US","city":"Teigen","state":"Montana","state_ab":"MT","county":"Petroleum","geo_location":{"type": "Point", "coordinates": [47.1736,-108.2812]}},
{"zip_code":"59314","country":"US","city":"Biddle","state":"Montana","state_ab":"MT","county":"Powder River","geo_location":{"type": "Point", "coordinates": [45.3911,-105.6305]}},
{"zip_code":"59341","country":"US","city":"Mildred","state":"Montana","state_ab":"MT","county":"Prairie","geo_location":{"type": "Point", "coordinates": [46.861,-105.3452]}},
{"zip_code":"59871","country":"US","city":"Sula","state":"Montana","state_ab":"MT","county":"Ravalli","geo_location":{"type": "Point", "coordinates": [45.8433,-113.8748]}},
{"zip_code":"59004","country":"US","city":"Ashland","state":"Montana","state_ab":"MT","county":"Rosebud","geo_location":{"type": "Point", "coordinates": [46.018,-106.992]}},
{"zip_code":"59327","country":"US","city":"Forsyth","state":"Montana","state_ab":"MT","county":"Rosebud","geo_location":{"type": "Point", "coordinates": [46.2819,-106.6991]}},
{"zip_code":"59831","country":"US","city":"Dixon","state":"Montana","state_ab":"MT","county":"Sanders","geo_location":{"type": "Point", "coordinates": [47.3131,-114.3056]}},
{"zip_code":"59844","country":"US","city":"Heron","state":"Montana","state_ab":"MT","county":"Sanders","geo_location":{"type": "Point", "coordinates": [48.0537,-115.9407]}},
{"zip_code":"59211","country":"US","city":"Antelope","state":"Montana","state_ab":"MT","county":"Sheridan","geo_location":{"type": "Point", "coordinates": [48.6968,-104.4529]}},
{"zip_code":"59701","country":"US","city":"Butte","state":"Montana","state_ab":"MT","county":"Silver Bow","geo_location":{"type": "Point", "coordinates": [45.9979,-112.5988]}},
{"zip_code":"59727","country":"US","city":"Divide","state":"Montana","state_ab":"MT","county":"Silver Bow","geo_location":{"type": "Point", "coordinates": [45.803,-112.809]}},
{"zip_code":"59057","country":"US","city":"Molt","state":"Montana","state_ab":"MT","county":"Stillwater","geo_location":{"type": "Point", "coordinates": [45.8615,-108.9731]}},
{"zip_code":"59444","country":"US","city":"Galata","state":"Montana","state_ab":"MT","county":"Toole","geo_location":{"type": "Point", "coordinates": [48.8111,-111.4704]}},
{"zip_code":"59484","country":"US","city":"Sweet Grass","state":"Montana","state_ab":"MT","county":"Toole","geo_location":{"type": "Point", "coordinates": [48.9401,-111.849]}},
{"zip_code":"59044","country":"US","city":"Laurel","state":"Montana","state_ab":"MT","county":"Yellowstone","geo_location":{"type": "Point", "coordinates": [45.6745,-108.769]}},
{"zip_code":"59107","country":"US","city":"Billings","state":"Montana","state_ab":"MT","county":"Yellowstone","geo_location":{"type": "Point", "coordinates": [45.8252,-108.3934]}},
{"zip_code":"28664","country":"US","city":"Plumtree","state":"North Carolina","state_ab":"NC","county":"Avery","geo_location":{"type": "Point", "coordinates": [36.0441,-82.0037]}},
{"zip_code":"27814","country":"US","city":"Blounts Creek","state":"North Carolina","state_ab":"NC","county":"Beaufort","geo_location":{"type": "Point", "coordinates": [35.382,-76.925]}},
{"zip_code":"27957","country":"US","city":"Merry Hill","state":"North Carolina","state_ab":"NC","county":"Bertie","geo_location":{"type": "Point", "coordinates": [36.0871,-76.7776]}},
{"zip_code":"28404","country":"US","city":"Wilmington","state":"North Carolina","state_ab":"NC","county":"Brunswick","geo_location":{"type": "Point", "coordinates": [33.9263,-78.0713]}},
{"zip_code":"28701","country":"US","city":"Alexander","state":"North Carolina","state_ab":"NC","county":"Buncombe","geo_location":{"type": "Point", "coordinates": [35.7064,-82.6311]}},
{"zip_code":"28804","country":"US","city":"Asheville","state":"North Carolina","state_ab":"NC","county":"Buncombe","geo_location":{"type": "Point", "coordinates": [35.6374,-82.5646]}},
{"zip_code":"28637","country":"US","city":"Hildebran","state":"North Carolina","state_ab":"NC","county":"Burke","geo_location":{"type": "Point", "coordinates": [35.718,-81.4194]}},
{"zip_code":"28107","country":"US","city":"Midland","state":"North Carolina","state_ab":"NC","county":"Cabarrus","geo_location":{"type": "Point", "coordinates": [35.2477,-80.5319]}},
{"zip_code":"28611","country":"US","city":"Collettsville","state":"North Carolina","state_ab":"NC","county":"Caldwell","geo_location":{"type": "Point", "coordinates": [35.9946,-81.7266]}},
{"zip_code":"27311","country":"US","city":"Pelham","state":"North Carolina","state_ab":"NC","county":"Caswell","geo_location":{"type": "Point", "coordinates": [36.4899,-79.4736]}},
{"zip_code":"27207","country":"US","city":"Bear Creek","state":"North Carolina","state_ab":"NC","county":"Chatham","geo_location":{"type": "Point", "coordinates": [35.6129,-79.3726]}},
{"zip_code":"28781","country":"US","city":"Topton","state":"North Carolina","state_ab":"NC","county":"Cherokee","geo_location":{"type": "Point", "coordinates": [35.2151,-83.6461]}},
{"zip_code":"28017","country":"US","city":"Boiling Springs","state":"North Carolina","state_ab":"NC","county":"Cleveland","geo_location":{"type": "Point", "coordinates": [35.2549,-81.6914]}},
{"zip_code":"28431","country":"US","city":"Chadbourn","state":"North Carolina","state_ab":"NC","county":"Columbus","geo_location":{"type": "Point", "coordinates": [34.3223,-78.8267]}},
{"zip_code":"28561","country":"US","city":"New Bern","state":"North Carolina","state_ab":"NC","county":"Craven","geo_location":{"type": "Point", "coordinates": [35.1037,-77.0759]}},
{"zip_code":"28301","country":"US","city":"Fayetteville","state":"North Carolina","state_ab":"NC","county":"Cumberland","geo_location":{"type": "Point", "coordinates": [35.0743,-78.8836]}},
{"zip_code":"28314","country":"US","city":"Fayetteville","state":"North Carolina","state_ab":"NC","county":"Cumberland","geo_location":{"type": "Point", "coordinates": [35.0583,-79.008]}},
{"zip_code":"27917","country":"US","city":"Barco","state":"North Carolina","state_ab":"NC","county":"Currituck","geo_location":{"type": "Point", "coordinates": [36.3588,-75.9793]}},
{"zip_code":"27351","country":"US","city":"Southmont","state":"North Carolina","state_ab":"NC","county":"Davidson","geo_location":{"type": "Point", "coordinates": [35.6605,-80.2836]}},
{"zip_code":"27014","country":"US","city":"Cooleemee","state":"North Carolina","state_ab":"NC","county":"Davie","geo_location":{"type": "Point", "coordinates": [35.8192,-80.5483]}},
{"zip_code":"28341","country":"US","city":"Faison","state":"North Carolina","state_ab":"NC","county":"Duplin","geo_location":{"type": "Point", "coordinates": [35.1199,-78.118]}},
{"zip_code":"28521","country":"US","city":"Chinquapin","state":"North Carolina","state_ab":"NC","county":"Duplin","geo_location":{"type": "Point", "coordinates": [34.8276,-77.7636]}},
{"zip_code":"27711","country":"US","city":"Durham","state":"North Carolina","state_ab":"NC","county":"Durham","geo_location":{"type": "Point", "coordinates": [36.0512,-78.8577]}},
{"zip_code":"27801","country":"US","city":"Rocky Mount","state":"North Carolina","state_ab":"NC","county":"Edgecombe","geo_location":{"type": "Point", "coordinates": [35.9427,-77.7608]}},
{"zip_code":"27881","country":"US","city":"Speed","state":"North Carolina","state_ab":"NC","county":"Edgecombe","geo_location":{"type": "Point", "coordinates": [35.9159,-77.5855]}},
{"zip_code":"27094","country":"US","city":"Rural Hall","state":"North Carolina","state_ab":"NC","county":"Forsyth","geo_location":{"type": "Point", "coordinates": [36.0275,-80.2073]}},
{"zip_code":"27104","country":"US","city":"Winston Salem","state":"North Carolina","state_ab":"NC","county":"Forsyth","geo_location":{"type": "Point", "coordinates": [36.092,-80.3224]}},
{"zip_code":"27117","country":"US","city":"Winston Salem","state":"North Carolina","state_ab":"NC","county":"Forsyth","geo_location":{"type": "Point", "coordinates": [36.0275,-80.2073]}},
{"zip_code":"27157","country":"US","city":"Winston Salem","state":"North Carolina","state_ab":"NC","county":"Forsyth","geo_location":{"type": "Point", "coordinates": [36.0275,-80.2073]}},
{"zip_code":"27261","country":"US","city":"High Point","state":"North Carolina","state_ab":"NC","county":"Guilford","geo_location":{"type": "Point", "coordinates": [36.0807,-80.0244]}},
{"zip_code":"27377","country":"US","city":"Whitsett","state":"North Carolina","state_ab":"NC","county":"Guilford","geo_location":{"type": "Point", "coordinates": [36.033,-79.5972]}},
{"zip_code":"27401","country":"US","city":"Greensboro","state":"North Carolina","state_ab":"NC","county":"Guilford","geo_location":{"type": "Point", "coordinates": [36.0697,-79.7682]}},
{"zip_code":"27427","country":"US","city":"Greensboro","state":"North Carolina","state_ab":"NC","county":"Guilford","geo_location":{"type": "Point", "coordinates": [36.0807,-80.0244]}},
{"zip_code":"28727","country":"US","city":"Edneyville","state":"North Carolina","state_ab":"NC","county":"Henderson","geo_location":{"type": "Point", "coordinates": [35.3223,-82.5032]}},
{"zip_code":"28677","country":"US","city":"Statesville","state":"North Carolina","state_ab":"NC","county":"Iredell","geo_location":{"type": "Point", "coordinates": [35.799,-80.894]}},
{"zip_code":"27504","country":"US","city":"Benson","state":"North Carolina","state_ab":"NC","county":"Johnston","geo_location":{"type": "Point", "coordinates": [35.4037,-78.5421]}},
{"zip_code":"27557","country":"US","city":"Middlesex","state":"North Carolina","state_ab":"NC","county":"Johnston","geo_location":{"type": "Point", "coordinates": [35.7665,-78.2062]}},
{"zip_code":"28741","country":"US","city":"Highlands","state":"North Carolina","state_ab":"NC","county":"Macon","geo_location":{"type": "Point", "coordinates": [35.0705,-83.216]}},
{"zip_code":"28754","country":"US","city":"Mars Hill","state":"North Carolina","state_ab":"NC","county":"Madison","geo_location":{"type": "Point", "coordinates": [35.8528,-82.5254]}},
{"zip_code":"27841","country":"US","city":"Hassell","state":"North Carolina","state_ab":"NC","county":"Martin","geo_location":{"type": "Point", "coordinates": [35.9086,-77.2763]}},
{"zip_code":"28031","country":"US","city":"Cornelius","state":"North Carolina","state_ab":"NC","county":"Mecklenburg","geo_location":{"type": "Point", "coordinates": [35.4733,-80.8726]}},
{"zip_code":"28134","country":"US","city":"Pineville","state":"North Carolina","state_ab":"NC","county":"Mecklenburg","geo_location":{"type": "Point", "coordinates": [35.0709,-80.8859]}},
{"zip_code":"28211","country":"US","city":"Charlotte","state":"North Carolina","state_ab":"NC","county":"Mecklenburg","geo_location":{"type": "Point", "coordinates": [35.1677,-80.7932]}},
{"zip_code":"28224","country":"US","city":"Charlotte","state":"North Carolina","state_ab":"NC","county":"Mecklenburg","geo_location":{"type": "Point", "coordinates": [35.26,-80.8042]}},
{"zip_code":"28237","country":"US","city":"Charlotte","state":"North Carolina","state_ab":"NC","county":"Mecklenburg","geo_location":{"type": "Point", "coordinates": [35.26,-80.8042]}},
{"zip_code":"28277","country":"US","city":"Charlotte","state":"North Carolina","state_ab":"NC","county":"Mecklenburg","geo_location":{"type": "Point", "coordinates": [35.0552,-80.8195]}},
{"zip_code":"27247","country":"US","city":"Ether","state":"North Carolina","state_ab":"NC","county":"Montgomery","geo_location":{"type": "Point", "coordinates": [35.4514,-79.7834]}},
{"zip_code":"28327","country":"US","city":"Carthage","state":"North Carolina","state_ab":"NC","county":"Moore","geo_location":{"type": "Point", "coordinates": [35.3061,-79.3969]}},
{"zip_code":"28394","country":"US","city":"Vass","state":"North Carolina","state_ab":"NC","county":"Moore","geo_location":{"type": "Point", "coordinates": [35.2171,-79.2562]}},
{"zip_code":"27854","country":"US","city":"Milwaukee","state":"North Carolina","state_ab":"NC","county":"Northampton","geo_location":{"type": "Point", "coordinates": [36.3631,-77.3867]}},
{"zip_code":"27867","country":"US","city":"Potecasi","state":"North Carolina","state_ab":"NC","county":"Northampton","geo_location":{"type": "Point", "coordinates": [36.3561,-77.4831]}},
{"zip_code":"28547","country":"US","city":"Camp Lejeune","state":"North Carolina","state_ab":"NC","county":"Onslow","geo_location":{"type": "Point", "coordinates": [34.6909,-77.3614]}},
{"zip_code":"28574","country":"US","city":"Richlands","state":"North Carolina","state_ab":"NC","county":"Onslow","geo_location":{"type": "Point", "coordinates": [34.8624,-77.5863]}},
{"zip_code":"27517","country":"US","city":"Chapel Hill","state":"North Carolina","state_ab":"NC","county":"Orange","geo_location":{"type": "Point", "coordinates": [35.9182,-79.0035]}},
{"zip_code":"28587","country":"US","city":"Vandemere","state":"North Carolina","state_ab":"NC","county":"Pamlico","geo_location":{"type": "Point", "coordinates": [35.1913,-76.6604]}},
{"zip_code":"28457","country":"US","city":"Rocky Point","state":"North Carolina","state_ab":"NC","county":"Pender","geo_location":{"type": "Point", "coordinates": [34.4344,-77.9234]}},
{"zip_code":"28471","country":"US","city":"Watha","state":"North Carolina","state_ab":"NC","county":"Pender","geo_location":{"type": "Point", "coordinates": [34.6207,-78.0074]}},
{"zip_code":"27944","country":"US","city":"Hertford","state":"North Carolina","state_ab":"NC","county":"Perquimans","geo_location":{"type": "Point", "coordinates": [36.1685,-76.3731]}},
{"zip_code":"27827","country":"US","city":"Falkland","state":"North Carolina","state_ab":"NC","county":"Pitt","geo_location":{"type": "Point", "coordinates": [35.6966,-77.5132]}},
{"zip_code":"28367","country":"US","city":"Norman","state":"North Carolina","state_ab":"NC","county":"Richmond","geo_location":{"type": "Point", "coordinates": [35.1627,-79.7379]}},
{"zip_code":"27027","country":"US","city":"Mayodan","state":"North Carolina","state_ab":"NC","county":"Rockingham","geo_location":{"type": "Point", "coordinates": [36.4277,-79.9567]}},
{"zip_code":"27054","country":"US","city":"Woodleaf","state":"North Carolina","state_ab":"NC","county":"Rowan","geo_location":{"type": "Point", "coordinates": [35.7901,-80.6051]}},
{"zip_code":"28071","country":"US","city":"Gold Hill","state":"North Carolina","state_ab":"NC","county":"Rowan","geo_location":{"type": "Point", "coordinates": [35.5498,-80.3346]}},
{"zip_code":"28147","country":"US","city":"Salisbury","state":"North Carolina","state_ab":"NC","county":"Rowan","geo_location":{"type": "Point", "coordinates": [35.6817,-80.5615]}},
{"zip_code":"28444","country":"US","city":"Harrells","state":"North Carolina","state_ab":"NC","county":"Sampson","geo_location":{"type": "Point", "coordinates": [34.6769,-78.243]}},
{"zip_code":"28097","country":"US","city":"Locust","state":"North Carolina","state_ab":"NC","county":"Stanly","geo_location":{"type": "Point", "coordinates": [35.2704,-80.4211]}},
{"zip_code":"27041","country":"US","city":"Pilot Mountain","state":"North Carolina","state_ab":"NC","county":"Surry","geo_location":{"type": "Point", "coordinates": [36.4109,-80.4921]}},
{"zip_code":"28174","country":"US","city":"Wingate","state":"North Carolina","state_ab":"NC","county":"Union","geo_location":{"type": "Point", "coordinates": [34.9847,-80.4476]}},
{"zip_code":"27544","country":"US","city":"Kittrell","state":"North Carolina","state_ab":"NC","county":"Vance","geo_location":{"type": "Point", "coordinates": [36.2042,-78.4241]}},
{"zip_code":"27584","country":"US","city":"Townsville","state":"North Carolina","state_ab":"NC","county":"Vance","geo_location":{"type": "Point", "coordinates": [36.5181,-78.4009]}},
{"zip_code":"27571","country":"US","city":"Rolesville","state":"North Carolina","state_ab":"NC","county":"Wake","geo_location":{"type": "Point", "coordinates": [35.9156,-78.4658]}},
{"zip_code":"27597","country":"US","city":"Zebulon","state":"North Carolina","state_ab":"NC","county":"Wake","geo_location":{"type": "Point", "coordinates": [35.8321,-78.3174]}},
{"zip_code":"27607","country":"US","city":"Raleigh","state":"North Carolina","state_ab":"NC","county":"Wake","geo_location":{"type": "Point", "coordinates": [35.8014,-78.6877]}},
{"zip_code":"27621","country":"US","city":"Raleigh","state":"North Carolina","state_ab":"NC","county":"Wake","geo_location":{"type": "Point", "coordinates": [35.7977,-78.6253]}},
{"zip_code":"27634","country":"US","city":"Raleigh","state":"North Carolina","state_ab":"NC","county":"Wake","geo_location":{"type": "Point", "coordinates": [35.7977,-78.6253]}},
{"zip_code":"27661","country":"US","city":"Raleigh","state":"North Carolina","state_ab":"NC","county":"Wake","geo_location":{"type": "Point", "coordinates": [35.7977,-78.6253]}},
{"zip_code":"28691","country":"US","city":"Valle Crucis","state":"North Carolina","state_ab":"NC","county":"Watauga","geo_location":{"type": "Point", "coordinates": [36.2092,-81.7789]}},
{"zip_code":"27531","country":"US","city":"Goldsboro","state":"North Carolina","state_ab":"NC","county":"Wayne","geo_location":{"type": "Point", "coordinates": [35.343,-77.9644]}},
{"zip_code":"28624","country":"US","city":"Ferguson","state":"North Carolina","state_ab":"NC","county":"Wilkes","geo_location":{"type": "Point", "coordinates": [36.1283,-81.3864]}},
{"zip_code":"28651","country":"US","city":"Millers Creek","state":"North Carolina","state_ab":"NC","county":"Wilkes","geo_location":{"type": "Point", "coordinates": [36.2119,-81.2485]}},
{"zip_code":"27894","country":"US","city":"Wilson","state":"North Carolina","state_ab":"NC","county":"Wilson","geo_location":{"type": "Point", "coordinates": [35.7158,-77.9043]}},
{"zip_code":"28714","country":"US","city":"Burnsville","state":"North Carolina","state_ab":"NC","county":"Yancey","geo_location":{"type": "Point", "coordinates": [35.903,-82.2876]}},
{"zip_code":"58351","country":"US","city":"Minnewaukan","state":"North Dakota","state_ab":"ND","county":"Benson","geo_location":{"type": "Point", "coordinates": [48.0698,-99.2743]}},
{"zip_code":"58711","country":"US","city":"Antler","state":"North Dakota","state_ab":"ND","county":"Bottineau","geo_location":{"type": "Point", "coordinates": [48.9585,-101.3338]}},
{"zip_code":"58737","country":"US","city":"Flaxton","state":"North Dakota","state_ab":"ND","county":"Burke","geo_location":{"type": "Point", "coordinates": [48.8772,-102.3823]}},
{"zip_code":"58494","country":"US","city":"Wing","state":"North Dakota","state_ab":"ND","county":"Burleigh","geo_location":{"type": "Point", "coordinates": [47.1519,-100.3072]}},
{"zip_code":"58504","country":"US","city":"Bismarck","state":"North Dakota","state_ab":"ND","county":"Burleigh","geo_location":{"type": "Point", "coordinates": [46.7231,-100.678]}},
{"zip_code":"58014","country":"US","city":"Chaffee","state":"North Dakota","state_ab":"ND","county":"Cass","geo_location":{"type": "Point", "coordinates": [46.775,-97.3524]}},
{"zip_code":"3227","country":"US","city":"Center Sandwich","state":"New Hampshire","state_ab":"NH","county":"Carroll","geo_location":{"type": "Point", "coordinates": [43.8162,-71.4506]}},
{"zip_code":"3254","country":"US","city":"Moultonborough","state":"New Hampshire","state_ab":"NH","county":"Carroll","geo_location":{"type": "Point", "coordinates": [43.7281,-71.3922]}},
{"zip_code":"3847","country":"US","city":"Kearsarge","state":"New Hampshire","state_ab":"NH","county":"Carroll","geo_location":{"type": "Point", "coordinates": [43.8839,-71.2577]}},
{"zip_code":"3861","country":"US","city":"Lee","state":"New Hampshire","state_ab":"NH","county":"Carroll County","geo_location":{"type": "Point", "coordinates": [43.1192,-70.9969]}},
{"zip_code":"3447","country":"US","city":"Fitzwilliam","state":"New Hampshire","state_ab":"NH","county":"Cheshire","geo_location":{"type": "Point", "coordinates": [42.7611,-72.145]}},
{"zip_code":"3461","country":"US","city":"Rindge","state":"New Hampshire","state_ab":"NH","county":"Cheshire","geo_location":{"type": "Point", "coordinates": [42.7544,-72.019]}},
{"zip_code":"3241","country":"US","city":"Hebron","state":"New Hampshire","state_ab":"NH","county":"Grafton","geo_location":{"type": "Point", "coordinates": [43.7186,-71.827]}},
{"zip_code":"3771","country":"US","city":"Monroe","state":"New Hampshire","state_ab":"NH","county":"Grafton","geo_location":{"type": "Point", "coordinates": [44.2734,-72.025]}},
{"zip_code":"3784","country":"US","city":"West Lebanon","state":"New Hampshire","state_ab":"NH","county":"Grafton","geo_location":{"type": "Point", "coordinates": [43.644,-72.3007]}},
{"zip_code":"3047","country":"US","city":"Greenfield","state":"New Hampshire","state_ab":"NH","county":"Hillsborough","geo_location":{"type": "Point", "coordinates": [42.9493,-71.8728]}},
{"zip_code":"3061","country":"US","city":"Nashua","state":"New Hampshire","state_ab":"NH","county":"Hillsborough","geo_location":{"type": "Point", "coordinates": [42.9521,-71.6539]}},
{"zip_code":"3111","country":"US","city":"Manchester","state":"New Hampshire","state_ab":"NH","county":"Hillsborough","geo_location":{"type": "Point", "coordinates": [42.9521,-71.6539]}},
{"zip_code":"3281","country":"US","city":"Weare","state":"New Hampshire","state_ab":"NH","county":"Hillsborough","geo_location":{"type": "Point", "coordinates": [43.0714,-71.7038]}},
{"zip_code":"3304","country":"US","city":"Bow","state":"New Hampshire","state_ab":"NH","county":"Merrimack","geo_location":{"type": "Point", "coordinates": [43.1388,-71.5448]}},
{"zip_code":"213","country":"US","city":"Portsmouth","state":"New Hampshire","state_ab":"NH","county":"Rockingham","geo_location":{"type": "Point", "coordinates": [43.0059,-71.0132]}},
{"zip_code":"3034","country":"US","city":"Candia","state":"New Hampshire","state_ab":"NH","county":"Rockingham","geo_location":{"type": "Point", "coordinates": [43.0585,-71.3049]}},
{"zip_code":"3087","country":"US","city":"Windham","state":"New Hampshire","state_ab":"NH","county":"Rockingham","geo_location":{"type": "Point", "coordinates": [42.8051,-71.3067]}},
{"zip_code":"3874","country":"US","city":"Seabrook","state":"New Hampshire","state_ab":"NH","county":"Rockingham","geo_location":{"type": "Point", "coordinates": [42.8854,-70.8646]}},
{"zip_code":"3821","country":"US","city":"Dover","state":"New Hampshire","state_ab":"NH","county":"Strafford","geo_location":{"type": "Point", "coordinates": [43.3267,-71.0284]}},
{"zip_code":"3887","country":"US","city":"Union","state":"New Hampshire","state_ab":"NH","county":"Strafford","geo_location":{"type": "Point", "coordinates": [43.4861,-71.063]}},
{"zip_code":"3601","country":"US","city":"Acworth","state":"New Hampshire","state_ab":"NH","county":"Sullivan","geo_location":{"type": "Point", "coordinates": [43.196,-72.3001]}},
{"zip_code":"8037","country":"US","city":"Hammonton","state":"New Jersey","state_ab":"NJ","county":"Atlantic","geo_location":{"type": "Point", "coordinates": [39.638,-74.7728]}},
{"zip_code":"8217","country":"US","city":"Elwood","state":"New Jersey","state_ab":"NJ","county":"Atlantic","geo_location":{"type": "Point", "coordinates": [39.5737,-74.72]}},
{"zip_code":"8231","country":"US","city":"Oceanville","state":"New Jersey","state_ab":"NJ","county":"Atlantic","geo_location":{"type": "Point", "coordinates": [39.5092,-74.6086]}},
{"zip_code":"8244","country":"US","city":"Somers Point","state":"New Jersey","state_ab":"NJ","county":"Atlantic","geo_location":{"type": "Point", "coordinates": [39.3223,-74.6008]}},
{"zip_code":"8411","country":"US","city":"Atlantic City","state":"New Jersey","state_ab":"NJ","county":"Atlantic County","geo_location":{"type": "Point", "coordinates": [39.359,-74.4311]}},
{"zip_code":"7074","country":"US","city":"Moonachie","state":"New Jersey","state_ab":"NJ","county":"Bergen","geo_location":{"type": "Point", "coordinates": [40.8394,-74.0566]}},
{"zip_code":"7407","country":"US","city":"Elmwood Park","state":"New Jersey","state_ab":"NJ","county":"Bergen","geo_location":{"type": "Point", "coordinates": [40.9069,-74.1209]}},
{"zip_code":"7601","country":"US","city":"Hackensack","state":"New Jersey","state_ab":"NJ","county":"Bergen","geo_location":{"type": "Point", "coordinates": [40.8882,-74.0503]}},
{"zip_code":"7627","country":"US","city":"Demarest","state":"New Jersey","state_ab":"NJ","county":"Bergen","geo_location":{"type": "Point", "coordinates": [40.9548,-73.9602]}},
{"zip_code":"7641","country":"US","city":"Haworth","state":"New Jersey","state_ab":"NJ","county":"Bergen","geo_location":{"type": "Point", "coordinates": [40.9608,-73.9874]}},
{"zip_code":"8011","country":"US","city":"Birmingham","state":"New Jersey","state_ab":"NJ","county":"Burlington","geo_location":{"type": "Point", "coordinates": [39.976,-74.7114]}},
{"zip_code":"8064","country":"US","city":"New Lisbon","state":"New Jersey","state_ab":"NJ","county":"Burlington","geo_location":{"type": "Point", "coordinates": [39.8624,-74.7251]}},
{"zip_code":"8077","country":"US","city":"Riverton","state":"New Jersey","state_ab":"NJ","county":"Burlington","geo_location":{"type": "Point", "coordinates": [40.002,-74.9952]}},
{"zip_code":"8554","country":"US","city":"Roebling","state":"New Jersey","state_ab":"NJ","county":"Burlington","geo_location":{"type": "Point", "coordinates": [40.1154,-74.7772]}},
{"zip_code":"8091","country":"US","city":"West Berlin","state":"New Jersey","state_ab":"NJ","county":"Camden","geo_location":{"type": "Point", "coordinates": [39.8051,-74.9255]}},
{"zip_code":"8101","country":"US","city":"Camden","state":"New Jersey","state_ab":"NJ","county":"Camden","geo_location":{"type": "Point", "coordinates": [39.8024,-74.9383]}},
{"zip_code":"8204","country":"US","city":"Cape May","state":"New Jersey","state_ab":"NJ","county":"Cape May","geo_location":{"type": "Point", "coordinates": [38.9711,-74.9214]}},
{"zip_code":"8321","country":"US","city":"Fortescue","state":"New Jersey","state_ab":"NJ","county":"Cumberland","geo_location":{"type": "Point", "coordinates": [39.2189,-75.1403]}},
{"zip_code":"8361","country":"US","city":"Vineland","state":"New Jersey","state_ab":"NJ","county":"Cumberland","geo_location":{"type": "Point", "coordinates": [39.4655,-74.9653]}},
{"zip_code":"7007","country":"US","city":"Caldwell","state":"New Jersey","state_ab":"NJ","county":"Essex","geo_location":{"type": "Point", "coordinates": [40.7918,-74.2452]}},
{"zip_code":"7021","country":"US","city":"Essex Fells","state":"New Jersey","state_ab":"NJ","county":"Essex","geo_location":{"type": "Point", "coordinates": [40.8279,-74.2797]}},
{"zip_code":"7111","country":"US","city":"Irvington","state":"New Jersey","state_ab":"NJ","county":"Essex","geo_location":{"type": "Point", "coordinates": [40.7261,-74.2313]}},
{"zip_code":"7191","country":"US","city":"Newark","state":"New Jersey","state_ab":"NJ","county":"Essex","geo_location":{"type": "Point", "coordinates": [40.7918,-74.2452]}},
{"zip_code":"8051","country":"US","city":"Mantua","state":"New Jersey","state_ab":"NJ","county":"Gloucester","geo_location":{"type": "Point", "coordinates": [39.787,-75.1785]}},
{"zip_code":"7047","country":"US","city":"North Bergen","state":"New Jersey","state_ab":"NJ","county":"Hudson","geo_location":{"type": "Point", "coordinates": [40.7939,-74.0258]}},
{"zip_code":"7087","country":"US","city":"Union City","state":"New Jersey","state_ab":"NJ","county":"Hudson","geo_location":{"type": "Point", "coordinates": [40.7674,-74.0323]}},
{"zip_code":"7304","country":"US","city":"Jersey City","state":"New Jersey","state_ab":"NJ","county":"Hudson","geo_location":{"type": "Point", "coordinates": [40.718,-74.0754]}},
{"zip_code":"8541","country":"US","city":"Princeton","state":"New Jersey","state_ab":"NJ","county":"Mercer","geo_location":{"type": "Point", "coordinates": [40.2805,-74.712]}},
{"zip_code":"8604","country":"US","city":"Trenton","state":"New Jersey","state_ab":"NJ","county":"Mercer","geo_location":{"type": "Point", "coordinates": [40.2805,-74.712]}},
{"zip_code":"8824","country":"US","city":"Kendall Park","state":"New Jersey","state_ab":"NJ","county":"Middlesex","geo_location":{"type": "Point", "coordinates": [40.4208,-74.5529]}},
{"zip_code":"8837","country":"US","city":"Edison","state":"New Jersey","state_ab":"NJ","county":"Middlesex","geo_location":{"type": "Point", "coordinates": [40.5325,-74.3375]}},
{"zip_code":"8877","country":"US","city":"South River","state":"New Jersey","state_ab":"NJ","county":"Middlesex","geo_location":{"type": "Point", "coordinates": [40.43,-74.4173]}},
{"zip_code":"8901","country":"US","city":"New Brunswick","state":"New Jersey","state_ab":"NJ","county":"Middlesex","geo_location":{"type": "Point", "coordinates": [40.4891,-74.4482]}},
{"zip_code":"7704","country":"US","city":"Fair Haven","state":"New Jersey","state_ab":"NJ","county":"Monmouth","geo_location":{"type": "Point", "coordinates": [40.3599,-74.0389]}},
{"zip_code":"7717","country":"US","city":"Avon By The Sea","state":"New Jersey","state_ab":"NJ","county":"Monmouth","geo_location":{"type": "Point", "coordinates": [40.1918,-74.0167]}},
{"zip_code":"7731","country":"US","city":"Howell","state":"New Jersey","state_ab":"NJ","county":"Monmouth","geo_location":{"type": "Point", "coordinates": [40.1481,-74.2137]}},
{"zip_code":"7757","country":"US","city":"Oceanport","state":"New Jersey","state_ab":"NJ","county":"Monmouth","geo_location":{"type": "Point", "coordinates": [40.3157,-74.0164]}},
{"zip_code":"8501","country":"US","city":"Allentown","state":"New Jersey","state_ab":"NJ","county":"Monmouth","geo_location":{"type": "Point", "coordinates": [40.1589,-74.5909]}},
{"zip_code":"8514","country":"US","city":"Cream Ridge","state":"New Jersey","state_ab":"NJ","county":"Monmouth","geo_location":{"type": "Point", "coordinates": [40.1399,-74.465]}},
{"zip_code":"7034","country":"US","city":"Lake Hiawatha","state":"New Jersey","state_ab":"NJ","county":"Morris","geo_location":{"type": "Point", "coordinates": [40.8825,-74.383]}},
{"zip_code":"7834","country":"US","city":"Denville","state":"New Jersey","state_ab":"NJ","county":"Morris","geo_location":{"type": "Point", "coordinates": [40.8897,-74.4844]}},
{"zip_code":"7847","country":"US","city":"Kenvil","state":"New Jersey","state_ab":"NJ","county":"Morris","geo_location":{"type": "Point", "coordinates": [40.8819,-74.621]}},
{"zip_code":"8527","country":"US","city":"Jackson","state":"New Jersey","state_ab":"NJ","county":"Ocean","geo_location":{"type": "Point", "coordinates": [40.121,-74.3017]}},
{"zip_code":"8721","country":"US","city":"Bayville","state":"New Jersey","state_ab":"NJ","county":"Ocean","geo_location":{"type": "Point", "coordinates": [39.9147,-74.1905]}},
{"zip_code":"8734","country":"US","city":"Lanoka Harbor","state":"New Jersey","state_ab":"NJ","county":"Ocean","geo_location":{"type": "Point", "coordinates": [39.862,-74.1668]}},
{"zip_code":"7421","country":"US","city":"Hewitt","state":"New Jersey","state_ab":"NJ","county":"Passaic","geo_location":{"type": "Point", "coordinates": [41.1709,-74.3686]}},
{"zip_code":"7474","country":"US","city":"Wayne","state":"New Jersey","state_ab":"NJ","county":"Passaic","geo_location":{"type": "Point", "coordinates": [41.0114,-74.3048]}},
{"zip_code":"7511","country":"US","city":"Totowa","state":"New Jersey","state_ab":"NJ","county":"Passaic","geo_location":{"type": "Point", "coordinates": [41.0114,-74.3048]}},
{"zip_code":"7524","country":"US","city":"Paterson","state":"New Jersey","state_ab":"NJ","county":"Passaic","geo_location":{"type": "Point", "coordinates": [40.9309,-74.1555]}},
{"zip_code":"8347","country":"US","city":"Norma","state":"New Jersey","state_ab":"NJ","county":"Salem","geo_location":{"type": "Point", "coordinates": [39.4998,-75.082]}},
{"zip_code":"7924","country":"US","city":"Bernardsville","state":"New Jersey","state_ab":"NJ","county":"Somerset","geo_location":{"type": "Point", "coordinates": [40.7225,-74.5778]}},
{"zip_code":"7977","country":"US","city":"Peapack","state":"New Jersey","state_ab":"NJ","county":"Somerset","geo_location":{"type": "Point", "coordinates": [40.7079,-74.6541]}},
{"zip_code":"7461","country":"US","city":"Sussex","state":"New Jersey","state_ab":"NJ","county":"Sussex","geo_location":{"type": "Point", "coordinates": [41.2292,-74.5992]}},
{"zip_code":"7821","country":"US","city":"Andover","state":"New Jersey","state_ab":"NJ","county":"Sussex","geo_location":{"type": "Point", "coordinates": [40.9614,-74.7524]}},
{"zip_code":"7874","country":"US","city":"Stanhope","state":"New Jersey","state_ab":"NJ","county":"Sussex","geo_location":{"type": "Point", "coordinates": [40.9217,-74.7004]}},
{"zip_code":"7061","country":"US","city":"Plainfield","state":"New Jersey","state_ab":"NJ","county":"Union","geo_location":{"type": "Point", "coordinates": [40.6657,-74.2997]}},
{"zip_code":"7201","country":"US","city":"Elizabeth","state":"New Jersey","state_ab":"NJ","county":"Union","geo_location":{"type": "Point", "coordinates": [40.6717,-74.2043]}},
{"zip_code":"87047","country":"US","city":"Sandia Park","state":"New Mexico","state_ab":"NM","county":"Bernalillo","geo_location":{"type": "Point", "coordinates": [35.1683,-106.3238]}},
{"zip_code":"87111","country":"US","city":"Albuquerque","state":"New Mexico","state_ab":"NM","county":"Bernalillo","geo_location":{"type": "Point", "coordinates": [35.1347,-106.5222]}},
{"zip_code":"87191","country":"US","city":"Albuquerque","state":"New Mexico","state_ab":"NM","county":"Bernalillo","geo_location":{"type": "Point", "coordinates": [35.0443,-106.6729]}},
{"zip_code":"87201","country":"US","city":"Albuquerque","state":"New Mexico","state_ab":"NM","county":"Bernalillo","geo_location":{"type": "Point", "coordinates": [35.0443,-106.6729]}},
{"zip_code":"87821","country":"US","city":"Datil","state":"New Mexico","state_ab":"NM","county":"Catron","geo_location":{"type": "Point", "coordinates": [34.0427,-108.0183]}},
{"zip_code":"87007","country":"US","city":"Casa Blanca","state":"New Mexico","state_ab":"NM","county":"Cibola","geo_location":{"type": "Point", "coordinates": [35.0352,-107.4339]}},
{"zip_code":"87021","country":"US","city":"Milan","state":"New Mexico","state_ab":"NM","county":"Cibola","geo_location":{"type": "Point", "coordinates": [35.1925,-107.8937]}},
{"zip_code":"87357","country":"US","city":"Pinehill","state":"New Mexico","state_ab":"NM","county":"Cibola","geo_location":{"type": "Point", "coordinates": [34.963,-108.0565]}},
{"zip_code":"88101","country":"US","city":"Clovis","state":"New Mexico","state_ab":"NM","county":"Curry","geo_location":{"type": "Point", "coordinates": [34.4126,-103.2214]}},
{"zip_code":"87937","country":"US","city":"Hatch","state":"New Mexico","state_ab":"NM","county":"Doa Ana","geo_location":{"type": "Point", "coordinates": [32.6583,-107.159]}},
{"zip_code":"88011","country":"US","city":"Las Cruces","state":"New Mexico","state_ab":"NM","county":"Doa Ana","geo_location":{"type": "Point", "coordinates": [32.3244,-106.6683]}},
{"zip_code":"88024","country":"US","city":"Berino","state":"New Mexico","state_ab":"NM","county":"Doa Ana","geo_location":{"type": "Point", "coordinates": [32.0682,-106.631]}},
{"zip_code":"88051","country":"US","city":"Mule Creek","state":"New Mexico","state_ab":"NM","county":"Grant","geo_location":{"type": "Point", "coordinates": [33.1071,-108.9032]}},
{"zip_code":"88114","country":"US","city":"Crossroads","state":"New Mexico","state_ab":"NM","county":"Lea","geo_location":{"type": "Point", "coordinates": [33.5272,-103.3564]}},
{"zip_code":"88231","country":"US","city":"Eunice","state":"New Mexico","state_ab":"NM","county":"Lea","geo_location":{"type": "Point", "coordinates": [32.4392,-103.1594]}},
{"zip_code":"88244","country":"US","city":"Hobbs","state":"New Mexico","state_ab":"NM","county":"Lea","geo_location":{"type": "Point", "coordinates": [32.7854,-103.4338]}},
{"zip_code":"87317","country":"US","city":"Gamerco","state":"New Mexico","state_ab":"NM","county":"McKinley","geo_location":{"type": "Point", "coordinates": [35.5763,-108.7626]}},
{"zip_code":"88347","country":"US","city":"Sacramento","state":"New Mexico","state_ab":"NM","county":"Otero","geo_location":{"type": "Point", "coordinates": [32.8052,-105.6211]}},
{"zip_code":"88411","country":"US","city":"Bard","state":"New Mexico","state_ab":"NM","county":"Quay","geo_location":{"type": "Point", "coordinates": [35.1303,-103.1605]}},
{"zip_code":"87511","country":"US","city":"Alcalde","state":"New Mexico","state_ab":"NM","county":"Rio Arriba","geo_location":{"type": "Point", "coordinates": [36.0647,-106.0777]}},
{"zip_code":"87537","country":"US","city":"Hernandez","state":"New Mexico","state_ab":"NM","county":"Rio Arriba","geo_location":{"type": "Point", "coordinates": [36.0738,-106.1396]}},
{"zip_code":"87551","country":"US","city":"Los Ojos","state":"New Mexico","state_ab":"NM","county":"Rio Arriba","geo_location":{"type": "Point", "coordinates": [36.7289,-106.5157]}},
{"zip_code":"87124","country":"US","city":"Rio Rancho","state":"New Mexico","state_ab":"NM","county":"Sandoval","geo_location":{"type": "Point", "coordinates": [35.2493,-106.6818]}},
{"zip_code":"87421","country":"US","city":"Waterflow","state":"New Mexico","state_ab":"NM","county":"San Juan","geo_location":{"type": "Point", "coordinates": [36.7637,-108.5186]}},
{"zip_code":"87461","country":"US","city":"Sanostee","state":"New Mexico","state_ab":"NM","county":"San Juan","geo_location":{"type": "Point", "coordinates": [36.5002,-108.2335]}},
{"zip_code":"87731","country":"US","city":"Montezuma","state":"New Mexico","state_ab":"NM","county":"San Miguel","geo_location":{"type": "Point", "coordinates": [35.6499,-105.2532]}},
{"zip_code":"87524","country":"US","city":"Costilla","state":"New Mexico","state_ab":"NM","county":"Taos","geo_location":{"type": "Point", "coordinates": [36.9324,-105.6723]}},
{"zip_code":"87564","country":"US","city":"San Cristobal","state":"New Mexico","state_ab":"NM","county":"Taos","geo_location":{"type": "Point", "coordinates": [36.6116,-105.636]}},
{"zip_code":"87577","country":"US","city":"Tres Piedras","state":"New Mexico","state_ab":"NM","county":"Taos","geo_location":{"type": "Point", "coordinates": [36.5045,-105.6292]}},
{"zip_code":"87061","country":"US","city":"Torreon","state":"New Mexico","state_ab":"NM","county":"Torrance","geo_location":{"type": "Point", "coordinates": [34.6948,-106.3247]}},
{"zip_code":"88321","country":"US","city":"Encino","state":"New Mexico","state_ab":"NM","county":"Torrance","geo_location":{"type": "Point", "coordinates": [34.615,-105.4839]}},
{"zip_code":"88424","country":"US","city":"Grenville","state":"New Mexico","state_ab":"NM","county":"Union","geo_location":{"type": "Point", "coordinates": [36.3698,-103.5055]}},
{"zip_code":"88437","country":"US","city":"Seneca","state":"New Mexico","state_ab":"NM","county":"Union","geo_location":{"type": "Point", "coordinates": [36.6279,-103.0894]}},
{"zip_code":"87034","country":"US","city":"Pueblo Of Acoma","state":"New Mexico","state_ab":"NM","county":"Valencia","geo_location":{"type": "Point", "coordinates": [34.6975,-106.8078]}},
{"zip_code":"88901","country":"US","city":"The Lakes","state":"Nevada","state_ab":"NV","county":"Clark","geo_location":{"type": "Point", "coordinates": [36.3225,-114.8197]}},
{"zip_code":"89014","country":"US","city":"Henderson","state":"Nevada","state_ab":"NV","county":"Clark","geo_location":{"type": "Point", "coordinates": [36.0564,-115.078]}},
{"zip_code":"89027","country":"US","city":"Mesquite","state":"Nevada","state_ab":"NV","county":"Clark","geo_location":{"type": "Point", "coordinates": [36.8113,-114.1235]}},
{"zip_code":"89054","country":"US","city":"Sloan","state":"Nevada","state_ab":"NV","county":"Clark County","geo_location":{"type": "Point", "coordinates": [35.935,-115.2058]}},
{"zip_code":"89067","country":"US","city":"Moapa","state":"Nevada","state_ab":"NV","county":"Clark County","geo_location":{"type": "Point", "coordinates": [36.6591,-114.6656]}},
{"zip_code":"89081","country":"US","city":"North Las Vegas","state":"Nevada","state_ab":"NV","county":"Clark County","geo_location":{"type": "Point", "coordinates": [36.2583,-115.1068]}},
{"zip_code":"89104","country":"US","city":"Las Vegas","state":"Nevada","state_ab":"NV","county":"Clark","geo_location":{"type": "Point", "coordinates": [36.152,-115.1092]}},
{"zip_code":"89117","country":"US","city":"Las Vegas","state":"Nevada","state_ab":"NV","county":"Clark","geo_location":{"type": "Point", "coordinates": [36.1302,-115.2755]}},
{"zip_code":"89131","country":"US","city":"Las Vegas","state":"Nevada","state_ab":"NV","county":"Clark","geo_location":{"type": "Point", "coordinates": [36.2956,-115.2419]}},
{"zip_code":"89144","country":"US","city":"Las Vegas","state":"Nevada","state_ab":"NV","county":"Clark","geo_location":{"type": "Point", "coordinates": [36.1781,-115.3183]}},
{"zip_code":"89157","country":"US","city":"Las Vegas","state":"Nevada","state_ab":"NV","county":"Clark County","geo_location":{"type": "Point", "coordinates": [36.1695,-115.193]}},
{"zip_code":"89801","country":"US","city":"Elko","state":"Nevada","state_ab":"NV","county":"Elko","geo_location":{"type": "Point", "coordinates": [40.9056,-115.5344]}},
{"zip_code":"89414","country":"US","city":"Golconda","state":"Nevada","state_ab":"NV","county":"Humboldt","geo_location":{"type": "Point", "coordinates": [40.9683,-117.3349]}},
{"zip_code":"89001","country":"US","city":"Alamo","state":"Nevada","state_ab":"NV","county":"Lincoln","geo_location":{"type": "Point", "coordinates": [37.3259,-115.308]}},
{"zip_code":"89427","country":"US","city":"Schurz","state":"Nevada","state_ab":"NV","county":"Mineral","geo_location":{"type": "Point", "coordinates": [38.9575,-118.7756]}},
{"zip_code":"89041","country":"US","city":"Pahrump","state":"Nevada","state_ab":"NV","county":"Nye","geo_location":{"type": "Point", "coordinates": [36.6558,-116.0048]}},
{"zip_code":"89441","country":"US","city":"Sparks","state":"Nevada","state_ab":"NV","county":"Washoe County","geo_location":{"type": "Point", "coordinates": [39.6582,-119.6954]}},
{"zip_code":"89494","country":"US","city":"Sparks","state":"Nevada","state_ab":"NV","county":"Washoe County","geo_location":{"type": "Point", "coordinates": [39.5565,-119.7358]}},
{"zip_code":"89504","country":"US","city":"Reno","state":"Nevada","state_ab":"NV","county":"Washoe","geo_location":{"type": "Point", "coordinates": [40.5412,-119.5869]}},
{"zip_code":"89557","country":"US","city":"Reno","state":"Nevada","state_ab":"NV","county":"Washoe","geo_location":{"type": "Point", "coordinates": [40.5412,-119.5869]}},
{"zip_code":"89311","country":"US","city":"Baker","state":"Nevada","state_ab":"NV","county":"White Pine","geo_location":{"type": "Point", "coordinates": [38.9559,-114.2438]}},
{"zip_code":"89711","country":"US","city":"Carson City","state":"Nevada","state_ab":"NV","county":"Carson City (city)","geo_location":{"type": "Point", "coordinates": [39.1678,-119.7764]}},
{"zip_code":"12007","country":"US","city":"Alcove","state":"New York","state_ab":"NY","county":"Albany","geo_location":{"type": "Point", "coordinates": [42.4561,-73.9277]}},
{"zip_code":"12047","country":"US","city":"Cohoes","state":"New York","state_ab":"NY","county":"Albany","geo_location":{"type": "Point", "coordinates": [42.7754,-73.7124]}},
{"zip_code":"12111","country":"US","city":"Latham","state":"New York","state_ab":"NY","county":"Albany","geo_location":{"type": "Point", "coordinates": [42.6149,-73.9708]}},
{"zip_code":"12201","country":"US","city":"Albany","state":"New York","state_ab":"NY","county":"Albany","geo_location":{"type": "Point", "coordinates": [42.6149,-73.9708]}},
{"zip_code":"12214","country":"US","city":"Albany","state":"New York","state_ab":"NY","county":"Albany","geo_location":{"type": "Point", "coordinates": [42.6149,-73.9708]}},
{"zip_code":"12227","country":"US","city":"Albany","state":"New York","state_ab":"NY","county":"Albany","geo_location":{"type": "Point", "coordinates": [42.6149,-73.9708]}},
{"zip_code":"12241","country":"US","city":"Albany","state":"New York","state_ab":"NY","county":"Albany","geo_location":{"type": "Point", "coordinates": [42.6149,-73.9708]}},
{"zip_code":"14711","country":"US","city":"Belfast","state":"New York","state_ab":"NY","county":"Allegany","geo_location":{"type": "Point", "coordinates": [42.32,-78.0943]}},
{"zip_code":"14777","country":"US","city":"Rushford","state":"New York","state_ab":"NY","county":"Allegany","geo_location":{"type": "Point", "coordinates": [42.3974,-78.2323]}},
{"zip_code":"10454","country":"US","city":"Bronx","state":"New York","state_ab":"NY","county":"Bronx","geo_location":{"type": "Point", "coordinates": [40.8085,-73.9198]}},
{"zip_code":"10467","country":"US","city":"Bronx","state":"New York","state_ab":"NY","county":"Bronx","geo_location":{"type": "Point", "coordinates": [40.8737,-73.8712]}},
{"zip_code":"13761","country":"US","city":"Endicott","state":"New York","state_ab":"NY","county":"Broome","geo_location":{"type": "Point", "coordinates": [42.2067,-75.7449]}},
{"zip_code":"13787","country":"US","city":"Harpursville","state":"New York","state_ab":"NY","county":"Broome","geo_location":{"type": "Point", "coordinates": [42.1823,-75.6545]}},
{"zip_code":"13851","country":"US","city":"Vestal","state":"New York","state_ab":"NY","county":"Broome","geo_location":{"type": "Point", "coordinates": [42.2067,-75.7449]}},
{"zip_code":"13901","country":"US","city":"Binghamton","state":"New York","state_ab":"NY","county":"Broome","geo_location":{"type": "Point", "coordinates": [42.1463,-75.8865]}},
{"zip_code":"14041","country":"US","city":"Dayton","state":"New York","state_ab":"NY","county":"Cattaraugus","geo_location":{"type": "Point", "coordinates": [42.4086,-78.9844]}},
{"zip_code":"14171","country":"US","city":"West Valley","state":"New York","state_ab":"NY","county":"Cattaraugus","geo_location":{"type": "Point", "coordinates": [42.4315,-78.628]}},
{"zip_code":"14737","country":"US","city":"Franklinville","state":"New York","state_ab":"NY","county":"Cattaraugus","geo_location":{"type": "Point", "coordinates": [42.3388,-78.44]}},
{"zip_code":"14751","country":"US","city":"Leon","state":"New York","state_ab":"NY","county":"Cattaraugus","geo_location":{"type": "Point", "coordinates": [42.2983,-79.0062]}},
{"zip_code":"13024","country":"US","city":"Auburn","state":"New York","state_ab":"NY","county":"Cayuga","geo_location":{"type": "Point", "coordinates": [43.1634,-76.5096]}},
{"zip_code":"14081","country":"US","city":"Irving","state":"New York","state_ab":"NY","county":"Chautauqua","geo_location":{"type": "Point", "coordinates": [42.5739,-79.0596]}},
{"zip_code":"14724","country":"US","city":"Clymer","state":"New York","state_ab":"NY","county":"Chautauqua","geo_location":{"type": "Point", "coordinates": [42.0557,-79.6685]}},
{"zip_code":"49441","country":"US","city":"Muskegon","state":"Michigan","state_ab":"MI","county":"Muskegon","geo_location":{"type": "Point", "coordinates": [43.1962,-86.2738]}},
{"zip_code":"49337","country":"US","city":"Newaygo","state":"Michigan","state_ab":"MI","county":"Newaygo","geo_location":{"type": "Point", "coordinates": [43.4198,-85.7594]}},
{"zip_code":"48037","country":"US","city":"Southfield","state":"Michigan","state_ab":"MI","county":"Oakland","geo_location":{"type": "Point", "coordinates": [42.5675,-83.15]}},
{"zip_code":"48307","country":"US","city":"Rochester","state":"Michigan","state_ab":"MI","county":"Oakland","geo_location":{"type": "Point", "coordinates": [42.6593,-83.1225]}},
{"zip_code":"48321","country":"US","city":"Auburn Hills","state":"Michigan","state_ab":"MI","county":"Oakland","geo_location":{"type": "Point", "coordinates": [42.6601,-83.3863]}},
{"zip_code":"48334","country":"US","city":"Farmington","state":"Michigan","state_ab":"MI","county":"Oakland","geo_location":{"type": "Point", "coordinates": [42.5065,-83.3484]}},
{"zip_code":"48347","country":"US","city":"Clarkston","state":"Michigan","state_ab":"MI","county":"Oakland","geo_location":{"type": "Point", "coordinates": [42.6601,-83.3863]}},
{"zip_code":"48361","country":"US","city":"Lake Orion","state":"Michigan","state_ab":"MI","county":"Oakland","geo_location":{"type": "Point", "coordinates": [42.6601,-83.3863]}},
{"zip_code":"48374","country":"US","city":"Novi","state":"Michigan","state_ab":"MI","county":"Oakland","geo_location":{"type": "Point", "coordinates": [42.4735,-83.5224]}},
{"zip_code":"48387","country":"US","city":"Union Lake","state":"Michigan","state_ab":"MI","county":"Oakland","geo_location":{"type": "Point", "coordinates": [42.7253,-83.3116]}},
{"zip_code":"48761","country":"US","city":"South Branch","state":"Michigan","state_ab":"MI","county":"Ogemaw","geo_location":{"type": "Point", "coordinates": [44.5014,-83.8686]}},
{"zip_code":"49971","country":"US","city":"White Pine","state":"Michigan","state_ab":"MI","county":"Ontonagon","geo_location":{"type": "Point", "coordinates": [46.7827,-89.5974]}},
{"zip_code":"49647","country":"US","city":"Karlin","state":"Michigan","state_ab":"MI","county":"Oscoda County","geo_location":{"type": "Point", "coordinates": [44.5691,-85.7941]}},
{"zip_code":"49751","country":"US","city":"Johannesburg","state":"Michigan","state_ab":"MI","county":"Otsego","geo_location":{"type": "Point", "coordinates": [45.0152,-84.3857]}},
{"zip_code":"49401","country":"US","city":"Allendale","state":"Michigan","state_ab":"MI","county":"Ottawa","geo_location":{"type": "Point", "coordinates": [42.9711,-85.9249]}},
{"zip_code":"49427","country":"US","city":"Jamestown","state":"Michigan","state_ab":"MI","county":"Ottawa","geo_location":{"type": "Point", "coordinates": [42.8267,-85.8444]}},
{"zip_code":"49777","country":"US","city":"Presque Isle","state":"Michigan","state_ab":"MI","county":"Presque Isle","geo_location":{"type": "Point", "coordinates": [45.2969,-83.5023]}},
{"zip_code":"48604","country":"US","city":"Saginaw","state":"Michigan","state_ab":"MI","county":"Saginaw","geo_location":{"type": "Point", "coordinates": [43.4732,-83.9514]}},
{"zip_code":"48734","country":"US","city":"Frankenmuth","state":"Michigan","state_ab":"MI","county":"Saginaw","geo_location":{"type": "Point", "coordinates": [43.341,-83.7475]}},
{"zip_code":"48787","country":"US","city":"Frankenmuth","state":"Michigan","state_ab":"MI","county":"Saginaw","geo_location":{"type": "Point", "coordinates": [43.335,-83.7494]}},
{"zip_code":"48064","country":"US","city":"Casco","state":"Michigan","state_ab":"MI","county":"St. Clair","geo_location":{"type": "Point", "coordinates": [42.7674,-82.6728]}},
{"zip_code":"49854","country":"US","city":"Manistique","state":"Michigan","state_ab":"MI","county":"Schoolcraft","geo_location":{"type": "Point", "coordinates": [46.0062,-86.2555]}},
{"zip_code":"49027","country":"US","city":"Breedsville","state":"Michigan","state_ab":"MI","county":"Van Buren","geo_location":{"type": "Point", "coordinates": [42.3465,-86.0725]}},
{"zip_code":"48101","country":"US","city":"Allen Park","state":"Michigan","state_ab":"MI","county":"Wayne","geo_location":{"type": "Point", "coordinates": [42.2522,-83.212]}},
{"zip_code":"48127","country":"US","city":"Dearborn Heights","state":"Michigan","state_ab":"MI","county":"Wayne","geo_location":{"type": "Point", "coordinates": [42.3353,-83.2864]}},
{"zip_code":"48141","country":"US","city":"Inkster","state":"Michigan","state_ab":"MI","county":"Wayne","geo_location":{"type": "Point", "coordinates": [42.294,-83.3146]}},
{"zip_code":"48154","country":"US","city":"Livonia","state":"Michigan","state_ab":"MI","county":"Wayne","geo_location":{"type": "Point", "coordinates": [42.3958,-83.3772]}},
{"zip_code":"48167","country":"US","city":"Northville","state":"Michigan","state_ab":"MI","county":"Wayne","geo_location":{"type": "Point", "coordinates": [42.4262,-83.4794]}},
{"zip_code":"48204","country":"US","city":"Detroit","state":"Michigan","state_ab":"MI","county":"Wayne","geo_location":{"type": "Point", "coordinates": [42.3661,-83.1422]}},
{"zip_code":"48217","country":"US","city":"Detroit","state":"Michigan","state_ab":"MI","county":"Wayne","geo_location":{"type": "Point", "coordinates": [42.2719,-83.1545]}},
{"zip_code":"48231","country":"US","city":"Detroit","state":"Michigan","state_ab":"MI","county":"Wayne","geo_location":{"type": "Point", "coordinates": [42.2399,-83.1508]}},
{"zip_code":"48244","country":"US","city":"Detroit","state":"Michigan","state_ab":"MI","county":"Wayne","geo_location":{"type": "Point", "coordinates": [42.2399,-83.1508]}},
{"zip_code":"48297","country":"US","city":"Detroit","state":"Michigan","state_ab":"MI","county":"Wayne","geo_location":{"type": "Point", "coordinates": [42.2399,-83.1508]}},
{"zip_code":"56511","country":"US","city":"Audubon","state":"Minnesota","state_ab":"MN","county":"Becker","geo_location":{"type": "Point", "coordinates": [46.8719,-95.9881]}},
{"zip_code":"56577","country":"US","city":"Richwood","state":"Minnesota","state_ab":"MN","county":"Becker","geo_location":{"type": "Point", "coordinates": [46.934,-95.6784]}},
{"zip_code":"56591","country":"US","city":"White Earth","state":"Minnesota","state_ab":"MN","county":"Becker","geo_location":{"type": "Point", "coordinates": [46.934,-95.6784]}},
{"zip_code":"56601","country":"US","city":"Bemidji","state":"Minnesota","state_ab":"MN","county":"Beltrami","geo_location":{"type": "Point", "coordinates": [47.572,-94.8013]}},
{"zip_code":"56667","country":"US","city":"Puposky","state":"Minnesota","state_ab":"MN","county":"Beltrami","geo_location":{"type": "Point", "coordinates": [47.7436,-94.9803]}},
{"zip_code":"56357","country":"US","city":"Oak Park","state":"Minnesota","state_ab":"MN","county":"Benton","geo_location":{"type": "Point", "coordinates": [45.7022,-93.8164]}},
{"zip_code":"56227","country":"US","city":"Correll","state":"Minnesota","state_ab":"MN","county":"Big Stone","geo_location":{"type": "Point", "coordinates": [45.2907,-96.1753]}},
{"zip_code":"56034","country":"US","city":"Garden City","state":"Minnesota","state_ab":"MN","county":"Blue Earth","geo_location":{"type": "Point", "coordinates": [44.0467,-94.1791]}},
{"zip_code":"56087","country":"US","city":"Springfield","state":"Minnesota","state_ab":"MN","county":"Brown","geo_location":{"type": "Point", "coordinates": [44.2329,-94.9792]}},
{"zip_code":"55767","country":"US","city":"Moose Lake","state":"Minnesota","state_ab":"MN","county":"Carlton","geo_location":{"type": "Point", "coordinates": [46.4472,-92.7466]}},
{"zip_code":"55367","country":"US","city":"New Germany","state":"Minnesota","state_ab":"MN","county":"Carver","geo_location":{"type": "Point", "coordinates": [44.8994,-93.9701]}},
{"zip_code":"55394","country":"US","city":"Young America","state":"Minnesota","state_ab":"MN","county":"Carver","geo_location":{"type": "Point", "coordinates": [44.8055,-93.7665]}},
{"zip_code":"55561","country":"US","city":"Monticello","state":"Minnesota","state_ab":"MN","county":"Carver","geo_location":{"type": "Point", "coordinates": [44.8055,-93.7665]}},
{"zip_code":"56474","country":"US","city":"Pine River","state":"Minnesota","state_ab":"MN","county":"Cass","geo_location":{"type": "Point", "coordinates": [46.6938,-94.4477]}},
{"zip_code":"56641","country":"US","city":"Federal Dam","state":"Minnesota","state_ab":"MN","county":"Cass","geo_location":{"type": "Point", "coordinates": [47.2069,-94.2575]}},
{"zip_code":"55084","country":"US","city":"Taylors Falls","state":"Minnesota","state_ab":"MN","county":"Chisago","geo_location":{"type": "Point", "coordinates": [45.4576,-92.733]}},
{"zip_code":"56124","country":"US","city":"Delft","state":"Minnesota","state_ab":"MN","county":"Cottonwood County","geo_location":{"type": "Point", "coordinates": [43.9785,-95.0472]}},
{"zip_code":"56447","country":"US","city":"Emily","state":"Minnesota","state_ab":"MN","county":"Crow Wing","geo_location":{"type": "Point", "coordinates": [46.7478,-93.9484]}},
{"zip_code":"55031","country":"US","city":"Hampton","state":"Minnesota","state_ab":"MN","county":"Dakota","geo_location":{"type": "Point", "coordinates": [44.6028,-92.9467]}},
{"zip_code":"55044","country":"US","city":"Lakeville","state":"Minnesota","state_ab":"MN","county":"Dakota","geo_location":{"type": "Point", "coordinates": [44.6749,-93.2578]}},
{"zip_code":"55121","country":"US","city":"Saint Paul","state":"Minnesota","state_ab":"MN","county":"Dakota","geo_location":{"type": "Point", "coordinates": [44.8471,-93.1543]}},
{"zip_code":"56047","country":"US","city":"Huntley","state":"Minnesota","state_ab":"MN","county":"Faribault","geo_location":{"type": "Point", "coordinates": [43.7384,-94.2289]}},
{"zip_code":"55961","country":"US","city":"Ostrander","state":"Minnesota","state_ab":"MN","county":"Fillmore","geo_location":{"type": "Point", "coordinates": [43.5972,-92.4157]}},
{"zip_code":"56007","country":"US","city":"Albert Lea","state":"Minnesota","state_ab":"MN","county":"Freeborn","geo_location":{"type": "Point", "coordinates": [43.6537,-93.3707]}},
{"zip_code":"55327","country":"US","city":"Dayton","state":"Minnesota","state_ab":"MN","county":"Hennepin","geo_location":{"type": "Point", "coordinates": [45.1982,-93.4668]}},
{"zip_code":"55404","country":"US","city":"Minneapolis","state":"Minnesota","state_ab":"MN","county":"Hennepin","geo_location":{"type": "Point", "coordinates": [44.9609,-93.2642]}},
{"zip_code":"55417","country":"US","city":"Minneapolis","state":"Minnesota","state_ab":"MN","county":"Hennepin","geo_location":{"type": "Point", "coordinates": [44.9054,-93.2361]}},
{"zip_code":"55431","country":"US","city":"Minneapolis","state":"Minnesota","state_ab":"MN","county":"Hennepin","geo_location":{"type": "Point", "coordinates": [44.8288,-93.3118]}},
{"zip_code":"55444","country":"US","city":"Minneapolis","state":"Minnesota","state_ab":"MN","county":"Hennepin","geo_location":{"type": "Point", "coordinates": [45.1178,-93.3054]}},
{"zip_code":"55484","country":"US","city":"Minneapolis","state":"Minnesota","state_ab":"MN","county":"Hennepin","geo_location":{"type": "Point", "coordinates": [45.0159,-93.4719]}},
{"zip_code":"55574","country":"US","city":"Maple Plain","state":"Minnesota","state_ab":"MN","county":"Hennepin","geo_location":{"type": "Point", "coordinates": [45.0159,-93.4719]}},
{"zip_code":"55921","country":"US","city":"Caledonia","state":"Minnesota","state_ab":"MN","county":"Houston","geo_location":{"type": "Point", "coordinates": [43.6221,-91.4837]}},
{"zip_code":"55947","country":"US","city":"La Crescent","state":"Minnesota","state_ab":"MN","county":"Houston","geo_location":{"type": "Point", "coordinates": [43.8307,-91.3263]}},
{"zip_code":"55974","country":"US","city":"Spring Grove","state":"Minnesota","state_ab":"MN","county":"Houston","geo_location":{"type": "Point", "coordinates": [43.5623,-91.6368]}},
{"zip_code":"56461","country":"US","city":"Laporte","state":"Minnesota","state_ab":"MN","county":"Hubbard","geo_location":{"type": "Point", "coordinates": [47.2368,-94.7772]}},
{"zip_code":"55004","country":"US","city":"Beroun","state":"Minnesota","state_ab":"MN","county":"Isanti County","geo_location":{"type": "Point", "coordinates": [45.8283,-92.9705]}},
{"zip_code":"55017","country":"US","city":"Dalbo","state":"Minnesota","state_ab":"MN","county":"Isanti","geo_location":{"type": "Point", "coordinates": [45.6787,-93.4419]}},
{"zip_code":"56681","country":"US","city":"Squaw Lake","state":"Minnesota","state_ab":"MN","county":"Itasca","geo_location":{"type": "Point", "coordinates": [47.6362,-94.1475]}},
{"zip_code":"56111","country":"US","city":"Alpha","state":"Minnesota","state_ab":"MN","county":"Jackson","geo_location":{"type": "Point", "coordinates": [43.5946,-94.9051]}},
{"zip_code":"56137","country":"US","city":"Heron Lake","state":"Minnesota","state_ab":"MN","county":"Jackson","geo_location":{"type": "Point", "coordinates": [43.7979,-95.3267]}},
{"zip_code":"56201","country":"US","city":"Willmar","state":"Minnesota","state_ab":"MN","county":"Kandiyohi","geo_location":{"type": "Point", "coordinates": [45.1393,-95.0523]}},
{"zip_code":"56281","country":"US","city":"Prinsburg","state":"Minnesota","state_ab":"MN","county":"Kandiyohi","geo_location":{"type": "Point", "coordinates": [44.9371,-95.1865]}},
{"zip_code":"56731","country":"US","city":"Humboldt","state":"Minnesota","state_ab":"MN","county":"Kittson","geo_location":{"type": "Point", "coordinates": [48.7719,-96.8129]}},
{"zip_code":"56627","country":"US","city":"Big Falls","state":"Minnesota","state_ab":"MN","county":"Koochiching","geo_location":{"type": "Point", "coordinates": [48.156,-93.7296]}},
{"zip_code":"56654","country":"US","city":"Loman","state":"Minnesota","state_ab":"MN","county":"Koochiching","geo_location":{"type": "Point", "coordinates": [48.5164,-93.8407]}},
{"zip_code":"56254","country":"US","city":"Louisburg","state":"Minnesota","state_ab":"MN","county":"Lac qui Parle County","geo_location":{"type": "Point", "coordinates": [45.1306,-96.1715]}},
{"zip_code":"55354","country":"US","city":"Lester Prairie","state":"Minnesota","state_ab":"MN","county":"McLeod","geo_location":{"type": "Point", "coordinates": [44.8739,-94.0551]}},
{"zip_code":"55381","country":"US","city":"Silver Lake","state":"Minnesota","state_ab":"MN","county":"McLeod","geo_location":{"type": "Point", "coordinates": [44.9139,-94.1974]}},
{"zip_code":"56744","country":"US","city":"Oslo","state":"Minnesota","state_ab":"MN","county":"Marshall","geo_location":{"type": "Point", "coordinates": [48.2066,-97.1163]}},
{"zip_code":"56757","country":"US","city":"Stephen","state":"Minnesota","state_ab":"MN","county":"Marshall","geo_location":{"type": "Point", "coordinates": [48.4525,-96.8674]}},
{"zip_code":"56317","country":"US","city":"Buckman","state":"Minnesota","state_ab":"MN","county":"Morrison","geo_location":{"type": "Point", "coordinates": [46.0613,-94.2087]}},
{"zip_code":"56344","country":"US","city":"Lastrup","state":"Minnesota","state_ab":"MN","county":"Morrison","geo_location":{"type": "Point", "coordinates": [46.0613,-94.2087]}},
{"zip_code":"56384","country":"US","city":"Upsala","state":"Minnesota","state_ab":"MN","county":"Morrison","geo_location":{"type": "Point", "coordinates": [45.8097,-94.5755]}},
{"zip_code":"56151","country":"US","city":"Lake Wilson","state":"Minnesota","state_ab":"MN","county":"Murray","geo_location":{"type": "Point", "coordinates": [44.0095,-95.9797]}},
{"zip_code":"56021","country":"US","city":"Courtland","state":"Minnesota","state_ab":"MN","county":"Nicollet","geo_location":{"type": "Point", "coordinates": [44.2791,-94.3482]}},
{"zip_code":"56074","country":"US","city":"Nicollet","state":"Minnesota","state_ab":"MN","county":"Nicollet","geo_location":{"type": "Point", "coordinates": [44.2724,-94.1867]}},
{"zip_code":"55934","country":"US","city":"Eyota","state":"Minnesota","state_ab":"MN","county":"Olmsted","geo_location":{"type": "Point", "coordinates": [44.0099,-92.2648]}},
{"zip_code":"56524","country":"US","city":"Clitherall","state":"Minnesota","state_ab":"MN","county":"Otter Tail","geo_location":{"type": "Point", "coordinates": [46.2757,-95.6308]}},
{"zip_code":"56537","country":"US","city":"Fergus Falls","state":"Minnesota","state_ab":"MN","county":"Otter Tail","geo_location":{"type": "Point", "coordinates": [46.276,-96.0904]}},
{"zip_code":"56551","country":"US","city":"Henning","state":"Minnesota","state_ab":"MN","county":"Otter Tail","geo_location":{"type": "Point", "coordinates": [46.3256,-95.3852]}},
{"zip_code":"56164","country":"US","city":"Pipestone","state":"Minnesota","state_ab":"MN","county":"Pipestone","geo_location":{"type": "Point", "coordinates": [43.9893,-96.2652]}},
{"zip_code":"56177","country":"US","city":"Trosky","state":"Minnesota","state_ab":"MN","county":"Pipestone","geo_location":{"type": "Point", "coordinates": [43.8895,-96.2601]}},
{"zip_code":"55107","country":"US","city":"Saint Paul","state":"Minnesota","state_ab":"MN","county":"Ramsey","geo_location":{"type": "Point", "coordinates": [44.9325,-93.088]}},
{"zip_code":"55161","country":"US","city":"Saint Paul","state":"Minnesota","state_ab":"MN","county":"Ramsey","geo_location":{"type": "Point", "coordinates": [45.0059,-93.1059]}},
{"zip_code":"55187","country":"US","city":"Saint Paul","state":"Minnesota","state_ab":"MN","county":"Ramsey","geo_location":{"type": "Point", "coordinates": [45.0059,-93.1059]}},
{"zip_code":"56214","country":"US","city":"Belview","state":"Minnesota","state_ab":"MN","county":"Redwood","geo_location":{"type": "Point", "coordinates": [44.6055,-95.3178]}},
{"zip_code":"56294","country":"US","city":"Wanda","state":"Minnesota","state_ab":"MN","county":"Redwood","geo_location":{"type": "Point", "coordinates": [44.3149,-95.213]}},
{"zip_code":"55314","country":"US","city":"Buffalo Lake","state":"Minnesota","state_ab":"MN","county":"Renville","geo_location":{"type": "Point", "coordinates": [44.7709,-94.5912]}},
{"zip_code":"55057","country":"US","city":"Northfield","state":"Minnesota","state_ab":"MN","county":"Rice","geo_location":{"type": "Point", "coordinates": [44.4587,-93.1668]}},
{"zip_code":"55701","country":"US","city":"Adolph","state":"Minnesota","state_ab":"MN","county":"St. Louis","geo_location":{"type": "Point", "coordinates": [47.6404,-92.4428]}},
{"zip_code":"55727","country":"US","city":"Culver","state":"Minnesota","state_ab":"MN","county":"Saint Louis County","geo_location":{"type": "Point", "coordinates": [46.9119,-92.5524]}},
{"zip_code":"55741","country":"US","city":"Gilbert","state":"Minnesota","state_ab":"MN","county":"St. Louis","geo_location":{"type": "Point", "coordinates": [47.4885,-92.4025]}},
{"zip_code":"55754","country":"US","city":"Kelly Lake","state":"Minnesota","state_ab":"MN","county":"Saint Louis County","geo_location":{"type": "Point", "coordinates": [47.4175,-93.0062]}},
{"zip_code":"55781","country":"US","city":"Side Lake","state":"Minnesota","state_ab":"MN","county":"St. Louis","geo_location":{"type": "Point", "coordinates": [47.6671,-93.0424]}},
{"zip_code":"55804","country":"US","city":"Duluth","state":"Minnesota","state_ab":"MN","county":"St. Louis","geo_location":{"type": "Point", "coordinates": [46.8551,-92.0074]}},
{"zip_code":"56304","country":"US","city":"Saint Cloud","state":"Minnesota","state_ab":"MN","county":"Stearns","geo_location":{"type": "Point", "coordinates": [45.5521,-94.1284]}}]}