{"value": [{"zip_code":"33447","country":"US","city":"Delray Beach","state":"Florida","state_ab":"FL","county":"Palm Beach","geo_location":{ "type": "Point", "coordinates": [-80.4303, 26.6459] }},
{"zip_code":"33461","country":"US","city":"Lake Worth","state":"Florida","state_ab":"FL","county":"Palm Beach","geo_location":{ "type": "Point", "coordinates": [-80.0946, 26.6232] }},
{"zip_code":"33474","country":"US","city":"Boynton Beach","state":"Florida","state_ab":"FL","county":"Palm Beach","geo_location":{ "type": "Point", "coordinates": [-80.4303, 26.6459] }},
{"zip_code":"33487","country":"US","city":"Boca Raton","state":"Florida","state_ab":"FL","county":"Palm Beach","geo_location":{ "type": "Point", "coordinates": [-80.0928, 26.4116] }},
{"zip_code":"33524","country":"US","city":"Crystal Springs","state":"Florida","state_ab":"FL","county":"Pasco","geo_location":{ "type": "Point", "coordinates": [-82.1523, 28.1822] }},
{"zip_code":"33537","country":"US","city":"Lacoochee","state":"Florida","state_ab":"FL","county":"Pasco","geo_location":{ "type": "Point", "coordinates": [-82.4818, 28.3248] }},
{"zip_code":"33704","country":"US","city":"Saint Petersburg","state":"Florida","state_ab":"FL","county":"Pinellas","geo_location":{ "type": "Point", "coordinates": [-82.6373, 27.7954] }},
{"zip_code":"65774","country":"US","city":"Weaubleau","state":"Missouri","state_ab":"MO","county":"Hickory","geo_location":{ "type": "Point", "coordinates": [-93.5344, 37.8804] }},
{"zip_code":"64034","country":"US","city":"Greenwood","state":"Missouri","state_ab":"MO","county":"Jackson","geo_location":{ "type": "Point", "coordinates": [-94.2815, 38.8644] }},
{"zip_code":"64111","country":"US","city":"Kansas City","state":"Missouri","state_ab":"MO","county":"Jackson","geo_location":{ "type": "Point", "coordinates": [-94.5929, 39.0565] }},
{"zip_code":"64124","country":"US","city":"Kansas City","state":"Missouri","state_ab":"MO","county":"Jackson","geo_location":{ "type": "Point", "coordinates": [-94.5394, 39.1068] }},
{"zip_code":"64137","country":"US","city":"Kansas City","state":"Missouri","state_ab":"MO","county":"Jackson","geo_location":{ "type": "Point", "coordinates": [-94.5405, 38.9299] }},
{"zip_code":"64191","country":"US","city":"Kansas City","state":"Missouri","state_ab":"MO","county":"Jackson","geo_location":{ "type": "Point", "coordinates": [-94.3567, 39.035] }},
{"zip_code":"64834","country":"US","city":"Carl Junction","state":"Missouri","state_ab":"MO","county":"Jasper","geo_location":{ "type": "Point", "coordinates": [-94.555, 37.1795] }},
{"zip_code":"63057","country":"US","city":"Liguori","state":"Missouri","state_ab":"MO","county":"Jefferson","geo_location":{ "type": "Point", "coordinates": [-90.4082, 38.3419] }},
{"zip_code":"64061","country":"US","city":"Kingsville","state":"Missouri","state_ab":"MO","county":"Johnson","geo_location":{ "type": "Point", "coordinates": [-94.0462, 38.8178] }},
{"zip_code":"63547","country":"US","city":"Hurdland","state":"Missouri","state_ab":"MO","county":"Knox","geo_location":{ "type": "Point", "coordinates": [-92.2791, 40.1609] }},
{"zip_code":"64021","country":"US","city":"Corder","state":"Missouri","state_ab":"MO","county":"Lafayette","geo_location":{ "type": "Point", "coordinates": [-93.6391, 39.1024] }},
{"zip_code":"64074","country":"US","city":"Napoleon","state":"Missouri","state_ab":"MO","county":"Lafayette","geo_location":{ "type": "Point", "coordinates": [-94.0709, 39.114] }},
{"zip_code":"65707","country":"US","city":"Miller","state":"Missouri","state_ab":"MO","county":"Lawrence","geo_location":{ "type": "Point", "coordinates": [-93.8422, 37.2225] }},
{"zip_code":"63457","country":"US","city":"Monticello","state":"Missouri","state_ab":"MO","county":"Lewis","geo_location":{ "type": "Point", "coordinates": [-91.6877, 40.0909] }},
{"zip_code":"63381","country":"US","city":"Truxton","state":"Missouri","state_ab":"MO","county":"Lincoln","geo_location":{ "type": "Point", "coordinates": [-91.2126, 38.967] }},
{"zip_code":"64601","country":"US","city":"Chillicothe","state":"Missouri","state_ab":"MO","county":"Livingston","geo_location":{ "type": "Point", "coordinates": [-93.5509, 39.7966] }},
{"zip_code":"64847","country":"US","city":"Lanagan","state":"Missouri","state_ab":"MO","county":"McDonald","geo_location":{ "type": "Point", "coordinates": [-94.4551, 36.606] }},
{"zip_code":"64861","country":"US","city":"Rocky Comfort","state":"Missouri","state_ab":"MO","county":"McDonald","geo_location":{ "type": "Point", "coordinates": [-94.1091, 36.7175] }},
{"zip_code":"63431","country":"US","city":"Anabel","state":"Missouri","state_ab":"MO","county":"Macon","geo_location":{ "type": "Point", "coordinates": [-92.328, 39.7428] }},
{"zip_code":"63534","country":"US","city":"Callao","state":"Missouri","state_ab":"MO","county":"Macon","geo_location":{ "type": "Point", "coordinates": [-92.6351, 39.7448] }},
{"zip_code":"63471","country":"US","city":"Taylor","state":"Missouri","state_ab":"MO","county":"Marion","geo_location":{ "type": "Point", "coordinates": [-91.5278, 39.9145] }},
{"zip_code":"65064","country":"US","city":"Olean","state":"Missouri","state_ab":"MO","county":"Miller","geo_location":{ "type": "Point", "coordinates": [-92.488, 38.3979] }},
{"zip_code":"65011","country":"US","city":"Barnett","state":"Missouri","state_ab":"MO","county":"Morgan","geo_location":{ "type": "Point", "coordinates": [-92.6686, 38.3967] }},
{"zip_code":"65037","country":"US","city":"Gravois Mills","state":"Missouri","state_ab":"MO","county":"Morgan","geo_location":{ "type": "Point", "coordinates": [-92.823, 38.2584] }},
{"zip_code":"64434","country":"US","city":"Conception Junction","state":"Missouri","state_ab":"MO","county":"Nodaway","geo_location":{ "type": "Point", "coordinates": [-94.6915, 40.2659] }},
{"zip_code":"64461","country":"US","city":"Hopkins","state":"Missouri","state_ab":"MO","county":"Nodaway","geo_location":{ "type": "Point", "coordinates": [-94.8189, 40.5483] }},
{"zip_code":"64487","country":"US","city":"Skidmore","state":"Missouri","state_ab":"MO","county":"Nodaway","geo_location":{ "type": "Point", "coordinates": [-95.0792, 40.2896] }},
{"zip_code":"65024","country":"US","city":"Chamois","state":"Missouri","state_ab":"MO","county":"Osage","geo_location":{ "type": "Point", "coordinates": [-91.7697, 38.6527] }},
{"zip_code":"65051","country":"US","city":"Linn","state":"Missouri","state_ab":"MO","county":"Osage","geo_location":{ "type": "Point", "coordinates": [-91.8195, 38.4739] }},
{"zip_code":"65761","country":"US","city":"Theodosia","state":"Missouri","state_ab":"MO","county":"Ozark","geo_location":{ "type": "Point", "coordinates": [-92.6628, 36.583] }},
{"zip_code":"63871","country":"US","city":"Pascola","state":"Missouri","state_ab":"MO","county":"Pemiscot","geo_location":{ "type": "Point", "coordinates": [-89.8225, 36.2678] }},
{"zip_code":"65334","country":"US","city":"Hughesville","state":"Missouri","state_ab":"MO","county":"Pettis","geo_location":{ "type": "Point", "coordinates": [-93.2159, 38.8494] }},
{"zip_code":"64151","country":"US","city":"Kansas City","state":"Missouri","state_ab":"MO","county":"Platte","geo_location":{ "type": "Point", "coordinates": [-94.6383, 39.2127] }},
{"zip_code":"64164","country":"US","city":"Kansas City","state":"Missouri","state_ab":"MO","county":"Platte","geo_location":{ "type": "Point", "coordinates": [-94.6446, 39.3426] }},
{"zip_code":"65617","country":"US","city":"Brighton","state":"Missouri","state_ab":"MO","county":"Polk","geo_location":{ "type": "Point", "coordinates": [-93.3603, 37.4728] }},
{"zip_code":"65244","country":"US","city":"Clifton Hill","state":"Missouri","state_ab":"MO","county":"Randolph","geo_location":{ "type": "Point", "coordinates": [-92.6677, 39.426] }},
{"zip_code":"65257","country":"US","city":"Higbee","state":"Missouri","state_ab":"MO","county":"Randolph","geo_location":{ "type": "Point", "coordinates": [-92.5163, 39.3055] }},
{"zip_code":"63301","country":"US","city":"Saint Charles","state":"Missouri","state_ab":"MO","county":"St. Charles","geo_location":{ "type": "Point", "coordinates": [-90.5065, 38.8014] }},
{"zip_code":"63341","country":"US","city":"Defiance","state":"Missouri","state_ab":"MO","county":"St. Charles","geo_location":{ "type": "Point", "coordinates": [-90.8302, 38.6616] }},
{"zip_code":"63367","country":"US","city":"Lake Saint Louis","state":"Missouri","state_ab":"MO","county":"St. Charles","geo_location":{ "type": "Point", "coordinates": [-90.7854, 38.7936] }},
{"zip_code":"63624","country":"US","city":"Bismarck","state":"Missouri","state_ab":"MO","county":"St. Francois","geo_location":{ "type": "Point", "coordinates": [-90.5984, 37.7539] }},
{"zip_code":"63637","country":"US","city":"Doe Run","state":"Missouri","state_ab":"MO","county":"St. Francois","geo_location":{ "type": "Point", "coordinates": [-90.4968, 37.7348] }},
{"zip_code":"63651","country":"US","city":"Knob Lick","state":"Missouri","state_ab":"MO","county":"St. Francois","geo_location":{ "type": "Point", "coordinates": [-90.3677, 37.6754] }},
{"zip_code":"63017","country":"US","city":"Chesterfield","state":"Missouri","state_ab":"MO","county":"St. Louis","geo_location":{ "type": "Point", "coordinates": [-90.5358, 38.6491] }},
{"zip_code":"63031","country":"US","city":"Florissant","state":"Missouri","state_ab":"MO","county":"St. Louis","geo_location":{ "type": "Point", "coordinates": [-90.3401, 38.8069] }},
{"zip_code":"63044","country":"US","city":"Bridgeton","state":"Missouri","state_ab":"MO","county":"St. Louis","geo_location":{ "type": "Point", "coordinates": [-90.4161, 38.7506] }},
{"zip_code":"63121","country":"US","city":"Saint Louis","state":"Missouri","state_ab":"MO","county":"St. Louis","geo_location":{ "type": "Point", "coordinates": [-90.3055, 38.7071] }},
{"zip_code":"63134","country":"US","city":"Saint Louis","state":"Missouri","state_ab":"MO","county":"St. Louis","geo_location":{ "type": "Point", "coordinates": [-90.341, 38.7435] }},
{"zip_code":"65321","country":"US","city":"Blackburn","state":"Missouri","state_ab":"MO","county":"Saline","geo_location":{ "type": "Point", "coordinates": [-93.4281, 39.0988] }},
{"zip_code":"65347","country":"US","city":"Nelson","state":"Missouri","state_ab":"MO","county":"Saline","geo_location":{ "type": "Point", "coordinates": [-93.0311, 39.0104] }},
{"zip_code":"63561","country":"US","city":"Queen City","state":"Missouri","state_ab":"MO","county":"Schuyler","geo_location":{ "type": "Point", "coordinates": [-92.5663, 40.4152] }},
{"zip_code":"63767","country":"US","city":"Morley","state":"Missouri","state_ab":"MO","county":"Scott","geo_location":{ "type": "Point", "coordinates": [-89.6076, 37.0411] }},
{"zip_code":"64667","country":"US","city":"Newtown","state":"Missouri","state_ab":"MO","county":"Sullivan","geo_location":{ "type": "Point", "coordinates": [-93.3073, 40.3612] }},
{"zip_code":"65464","country":"US","city":"Elk Creek","state":"Missouri","state_ab":"MO","county":"Texas","geo_location":{ "type": "Point", "coordinates": [-91.9134, 37.1878] }},
{"zip_code":"64771","country":"US","city":"Moundville","state":"Missouri","state_ab":"MO","county":"Vernon","geo_location":{ "type": "Point", "coordinates": [-94.4496, 37.7476] }},
{"zip_code":"64784","country":"US","city":"Sheldon","state":"Missouri","state_ab":"MO","county":"Vernon","geo_location":{ "type": "Point", "coordinates": [-94.2548, 37.684] }},
{"zip_code":"63071","country":"US","city":"Richwoods","state":"Missouri","state_ab":"MO","county":"Washington","geo_location":{ "type": "Point", "coordinates": [-90.831, 38.1496] }},
{"zip_code":"63664","country":"US","city":"Potosi","state":"Missouri","state_ab":"MO","county":"Washington","geo_location":{ "type": "Point", "coordinates": [-90.8415, 37.9549] }},
{"zip_code":"63934","country":"US","city":"Clubb","state":"Missouri","state_ab":"MO","county":"Wayne","geo_location":{ "type": "Point", "coordinates": [-90.445, 37.1196] }},
{"zip_code":"63947","country":"US","city":"Hiram","state":"Missouri","state_ab":"MO","county":"Wayne","geo_location":{ "type": "Point", "coordinates": [-90.2896, 37.2282] }},
{"zip_code":"65644","country":"US","city":"Elkland","state":"Missouri","state_ab":"MO","county":"Webster","geo_location":{ "type": "Point", "coordinates": [-93.021, 37.4336] }},
{"zip_code":"63107","country":"US","city":"Saint Louis","state":"Missouri","state_ab":"MO","county":"St. Louis (city)","geo_location":{ "type": "Point", "coordinates": [-90.2125, 38.6645] }},
{"zip_code":"63147","country":"US","city":"Saint Louis","state":"Missouri","state_ab":"MO","county":"St. Louis (city)","geo_location":{ "type": "Point", "coordinates": [-90.2375, 38.7139] }},
{"zip_code":"39067","country":"US","city":"Ethel","state":"Mississippi","state_ab":"MS","county":"Attala","geo_location":{ "type": "Point", "coordinates": [-89.4947, 33.1526] }},
{"zip_code":"38774","country":"US","city":"Shelby","state":"Mississippi","state_ab":"MS","county":"Bolivar","geo_location":{ "type": "Point", "coordinates": [-90.7625, 33.9491] }},
{"zip_code":"38914","country":"US","city":"Big Creek","state":"Mississippi","state_ab":"MS","county":"Calhoun","geo_location":{ "type": "Point", "coordinates": [-89.4378, 33.8514] }},
{"zip_code":"39751","country":"US","city":"Mantee","state":"Mississippi","state_ab":"MS","county":"Calhoun","geo_location":{ "type": "Point", "coordinates": [-89.1051, 33.7052] }},
{"zip_code":"38954","country":"US","city":"Sidon","state":"Mississippi","state_ab":"MS","county":"Carroll","geo_location":{ "type": "Point", "coordinates": [-90.1779, 33.4095] }},
{"zip_code":"38851","country":"US","city":"Houston","state":"Mississippi","state_ab":"MS","county":"Chickasaw","geo_location":{ "type": "Point", "coordinates": [-88.967, 33.9026] }},
{"zip_code":"38877","country":"US","city":"Van Vleet","state":"Mississippi","state_ab":"MS","county":"Chickasaw","geo_location":{ "type": "Point", "coordinates": [-88.8988, 33.9871] }},
{"zip_code":"39144","country":"US","city":"Pattison","state":"Mississippi","state_ab":"MS","county":"Claiborne","geo_location":{ "type": "Point", "coordinates": [-90.8283, 31.851] }},
{"zip_code":"38617","country":"US","city":"Coahoma","state":"Mississippi","state_ab":"MS","county":"Coahoma","geo_location":{ "type": "Point", "coordinates": [-90.4727, 34.3625] }},
{"zip_code":"38631","country":"US","city":"Friars Point","state":"Mississippi","state_ab":"MS","county":"Coahoma","geo_location":{ "type": "Point", "coordinates": [-90.6061, 34.3741] }},
{"zip_code":"38644","country":"US","city":"Lula","state":"Mississippi","state_ab":"MS","county":"Coahoma","geo_location":{ "type": "Point", "coordinates": [-90.4981, 34.4618] }},
{"zip_code":"38671","country":"US","city":"Southaven","state":"Mississippi","state_ab":"MS","county":"DeSoto","geo_location":{ "type": "Point", "coordinates": [-89.9992, 34.9771] }},
{"zip_code":"39401","country":"US","city":"Hattiesburg","state":"Mississippi","state_ab":"MS","county":"Forrest","geo_location":{ "type": "Point", "coordinates": [-89.3065, 31.3146] }},
{"zip_code":"39647","country":"US","city":"Mc Call Creek","state":"Mississippi","state_ab":"MS","county":"Franklin","geo_location":{ "type": "Point", "coordinates": [-90.7836, 31.4908] }},
{"zip_code":"39661","country":"US","city":"Roxie","state":"Mississippi","state_ab":"MS","county":"Franklin","geo_location":{ "type": "Point", "coordinates": [-91.0625, 31.504] }},
{"zip_code":"38901","country":"US","city":"Grenada","state":"Mississippi","state_ab":"MS","county":"Grenada","geo_location":{ "type": "Point", "coordinates": [-89.8087, 33.7751] }},
{"zip_code":"39531","country":"US","city":"Biloxi","state":"Mississippi","state_ab":"MS","county":"Harrison","geo_location":{ "type": "Point", "coordinates": [-88.9605, 30.4033] }},
{"zip_code":"39571","country":"US","city":"Pass Christian","state":"Mississippi","state_ab":"MS","county":"Harrison","geo_location":{ "type": "Point", "coordinates": [-89.2843, 30.3989] }},
{"zip_code":"39041","country":"US","city":"Bolton","state":"Mississippi","state_ab":"MS","county":"Hinds","geo_location":{ "type": "Point", "coordinates": [-90.4474, 32.3778] }},
{"zip_code":"39207","country":"US","city":"Jackson","state":"Mississippi","state_ab":"MS","county":"Hinds","geo_location":{ "type": "Point", "coordinates": [-90.3972, 32.3113] }},
{"zip_code":"39481","country":"US","city":"Stringer","state":"Mississippi","state_ab":"MS","county":"Jasper","geo_location":{ "type": "Point", "coordinates": [-89.2621, 31.8447] }},
{"zip_code":"39081","country":"US","city":"Harriston","state":"Mississippi","state_ab":"MS","county":"Jefferson","geo_location":{ "type": "Point", "coordinates": [-91.0509, 31.74] }},
{"zip_code":"39427","country":"US","city":"Carson","state":"Mississippi","state_ab":"MS","county":"Jefferson Davis","geo_location":{ "type": "Point", "coordinates": [-89.8279, 31.4814] }},
{"zip_code":"39441","country":"US","city":"Laurel","state":"Mississippi","state_ab":"MS","county":"Jones","geo_location":{ "type": "Point", "coordinates": [-89.0755, 31.7277] }},
{"zip_code":"39364","country":"US","city":"Toomsuba","state":"Mississippi","state_ab":"MS","county":"Lauderdale","geo_location":{ "type": "Point", "coordinates": [-88.4892, 32.4296] }},
{"zip_code":"39094","country":"US","city":"Lena","state":"Mississippi","state_ab":"MS","county":"Leake","geo_location":{ "type": "Point", "coordinates": [-89.5494, 32.6446] }},
{"zip_code":"39171","country":"US","city":"Thomastown","state":"Mississippi","state_ab":"MS","county":"Leake","geo_location":{ "type": "Point", "coordinates": [-89.5241, 32.7539] }},
{"zip_code":"38824","country":"US","city":"Baldwyn","state":"Mississippi","state_ab":"MS","county":"Lee","geo_location":{ "type": "Point", "coordinates": [-88.6375, 34.528] }},
{"zip_code":"38941","country":"US","city":"Itta Bena","state":"Mississippi","state_ab":"MS","county":"Leflore","geo_location":{ "type": "Point", "coordinates": [-90.3394, 33.4798] }},
{"zip_code":"39157","country":"US","city":"Ridgeland","state":"Mississippi","state_ab":"MS","county":"Madison","geo_location":{ "type": "Point", "coordinates": [-90.1207, 32.4122] }},
{"zip_code":"38967","country":"US","city":"Winona","state":"Mississippi","state_ab":"MS","county":"Montgomery","geo_location":{ "type": "Point", "coordinates": [-89.7277, 33.4858] }},
{"zip_code":"39337","country":"US","city":"Little Rock","state":"Mississippi","state_ab":"MS","county":"Newton","geo_location":{ "type": "Point", "coordinates": [-88.9955, 32.5049] }},
{"zip_code":"38657","country":"US","city":"Pleasant Grove","state":"Mississippi","state_ab":"MS","county":"Panola County","geo_location":{ "type": "Point", "coordinates": [-90.0915, 34.4576] }},
{"zip_code":"38864","country":"US","city":"Randolph","state":"Mississippi","state_ab":"MS","county":"Pontotoc","geo_location":{ "type": "Point", "coordinates": [-89.1795, 34.1617] }},
{"zip_code":"39117","country":"US","city":"Morton","state":"Mississippi","state_ab":"MS","county":"Scott","geo_location":{ "type": "Point", "coordinates": [-89.5949, 32.4029] }},
{"zip_code":"38721","country":"US","city":"Anguilla","state":"Mississippi","state_ab":"MS","county":"Sharkey","geo_location":{ "type": "Point", "coordinates": [-90.8316, 32.9739] }},
{"zip_code":"39054","country":"US","city":"Cary","state":"Mississippi","state_ab":"MS","county":"Sharkey","geo_location":{ "type": "Point", "coordinates": [-90.9275, 32.8129] }},
{"zip_code":"38761","country":"US","city":"Moorhead","state":"Mississippi","state_ab":"MS","county":"Sunflower","geo_location":{ "type": "Point", "coordinates": [-90.5143, 33.4783] }},
{"zip_code":"38927","country":"US","city":"Enid","state":"Mississippi","state_ab":"MS","county":"Tallahatchie","geo_location":{ "type": "Point", "coordinates": [-90.0044, 34.1263] }},
{"zip_code":"39324","country":"US","city":"Clara","state":"Mississippi","state_ab":"MS","county":"Wayne","geo_location":{ "type": "Point", "coordinates": [-88.7048, 31.5937] }},
{"zip_code":"39737","country":"US","city":"Bellefontaine","state":"Mississippi","state_ab":"MS","county":"Webster","geo_location":{ "type": "Point", "coordinates": [-89.3342, 33.649] }},
{"zip_code":"59034","country":"US","city":"Hardin","state":"Montana","state_ab":"MT","county":"Big Horn","geo_location":{ "type": "Point", "coordinates": [-107.6075, 45.7498] }},
{"zip_code":"59641","country":"US","city":"Radersburg","state":"Montana","state_ab":"MT","county":"Broadwater","geo_location":{ "type": "Point", "coordinates": [-111.6344, 46.2069] }},
{"zip_code":"59007","country":"US","city":"Bearcreek","state":"Montana","state_ab":"MT","county":"Carbon","geo_location":{ "type": "Point", "coordinates": [-109.0447, 45.1523] }},
{"zip_code":"59421","country":"US","city":"Cascade","state":"Montana","state_ab":"MT","county":"Cascade","geo_location":{ "type": "Point", "coordinates": [-111.7223, 47.2912] }},
{"zip_code":"59487","country":"US","city":"Vaughn","state":"Montana","state_ab":"MT","county":"Cascade","geo_location":{ "type": "Point", "coordinates": [-111.577, 47.5624] }},
{"zip_code":"59344","country":"US","city":"Plevna","state":"Montana","state_ab":"MT","county":"Fallon","geo_location":{ "type": "Point", "coordinates": [-104.5713, 46.4112] }},
{"zip_code":"59911","country":"US","city":"Bigfork","state":"Montana","state_ab":"MT","county":"Flathead","geo_location":{ "type": "Point", "coordinates": [-113.9211, 48.1459] }},
{"zip_code":"59937","country":"US","city":"Whitefish","state":"Montana","state_ab":"MT","county":"Flathead","geo_location":{ "type": "Point", "coordinates": [-114.3509, 48.404] }},
{"zip_code":"59717","country":"US","city":"Bozeman","state":"Montana","state_ab":"MT","county":"Gallatin","geo_location":{ "type": "Point", "coordinates": [-110.9013, 45.628] }},
{"zip_code":"59771","country":"US","city":"Bozeman","state":"Montana","state_ab":"MT","county":"Gallatin","geo_location":{ "type": "Point", "coordinates": [-111.1238, 45.7246] }},
{"zip_code":"59434","country":"US","city":"East Glacier Park","state":"Montana","state_ab":"MT","county":"Glacier","geo_location":{ "type": "Point", "coordinates": [-113.219, 48.4457] }},
{"zip_code":"59074","country":"US","city":"Ryegate","state":"Montana","state_ab":"MT","county":"Golden Valley","geo_location":{ "type": "Point", "coordinates": [-109.2761, 46.2724] }},
{"zip_code":"59447","country":"US","city":"Geyser","state":"Montana","state_ab":"MT","county":"Judith Basin","geo_location":{ "type": "Point", "coordinates": [-110.4839, 47.2598] }},
{"zip_code":"59821","country":"US","city":"Arlee","state":"Montana","state_ab":"MT","county":"Lake","geo_location":{ "type": "Point", "coordinates": [-114.076, 47.186] }},
{"zip_code":"59601","country":"US","city":"Helena","state":"Montana","state_ab":"MT","county":"Lewis and Clark","geo_location":{ "type": "Point", "coordinates": [-112.0213, 46.6131] }},
{"zip_code":"59214","country":"US","city":"Brockway","state":"Montana","state_ab":"MT","county":"McCone","geo_location":{ "type": "Point", "coordinates": [-105.7776, 47.2485] }},
{"zip_code":"59807","country":"US","city":"Missoula","state":"Montana","state_ab":"MT","county":"Missoula","geo_location":{ "type": "Point", "coordinates": [-113.9587, 46.9103] }},
{"zip_code":"59834","country":"US","city":"Frenchtown","state":"Montana","state_ab":"MT","county":"Missoula","geo_location":{ "type": "Point", "coordinates": [-114.2683, 47.0471] }},
{"zip_code":"59847","country":"US","city":"Lolo","state":"Montana","state_ab":"MT","county":"Missoula","geo_location":{ "type": "Point", "coordinates": [-114.1097, 46.7585] }},
{"zip_code":"59047","country":"US","city":"Livingston","state":"Montana","state_ab":"MT","county":"Park","geo_location":{ "type": "Point", "coordinates": [-110.5609, 45.6546] }},
{"zip_code":"59087","country":"US","city":"Winnett","state":"Montana","state_ab":"MT","county":"Petroleum","geo_location":{ "type": "Point", "coordinates": [-108.3184, 46.9438] }},
{"zip_code":"59524","country":"US","city":"Dodson","state":"Montana","state_ab":"MT","county":"Phillips","geo_location":{ "type": "Point", "coordinates": [-108.2465, 48.395] }},
{"zip_code":"59537","country":"US","city":"Loring","state":"Montana","state_ab":"MT","county":"Phillips","geo_location":{ "type": "Point", "coordinates": [-107.8686, 48.7983] }},
{"zip_code":"59317","country":"US","city":"Broadus","state":"Montana","state_ab":"MT","county":"Powder River","geo_location":{ "type": "Point", "coordinates": [-105.2568, 45.2572] }},
{"zip_code":"59731","country":"US","city":"Garrison","state":"Montana","state_ab":"MT","county":"Powell","geo_location":{ "type": "Point", "coordinates": [-112.7756, 46.5948] }},
{"zip_code":"59201","country":"US","city":"Wolf Point","state":"Montana","state_ab":"MT","county":"Roosevelt","geo_location":{ "type": "Point", "coordinates": [-105.6293, 48.1119] }},
{"zip_code":"59874","country":"US","city":"Trout Creek","state":"Montana","state_ab":"MT","county":"Sanders","geo_location":{ "type": "Point", "coordinates": [-115.5592, 47.8111] }},
{"zip_code":"59254","country":"US","city":"Plentywood","state":"Montana","state_ab":"MT","county":"Sheridan","geo_location":{ "type": "Point", "coordinates": [-104.56, 48.7788] }},
{"zip_code":"59061","country":"US","city":"Nye","state":"Montana","state_ab":"MT","county":"Stillwater","geo_location":{ "type": "Point", "coordinates": [-109.8271, 45.441] }},
{"zip_code":"59461","country":"US","city":"Lothair","state":"Montana","state_ab":"MT","county":"Toole","geo_location":{ "type": "Point", "coordinates": [-111.7319, 48.6091] }},
{"zip_code":"59474","country":"US","city":"Shelby","state":"Montana","state_ab":"MT","county":"Toole","geo_location":{ "type": "Point", "coordinates": [-111.8391, 48.5037] }},
{"zip_code":"59241","country":"US","city":"Hinsdale","state":"Montana","state_ab":"MT","county":"Valley","geo_location":{ "type": "Point", "coordinates": [-107.0098, 48.4007] }},
{"zip_code":"59111","country":"US","city":"Billings","state":"Montana","state_ab":"MT","county":"Yellowstone","geo_location":{ "type": "Point", "coordinates": [-108.1945, 45.9783] }},
{"zip_code":"28681","country":"US","city":"Taylorsville","state":"North Carolina","state_ab":"NC","county":"Alexander","geo_location":{ "type": "Point", "coordinates": [-81.2124, 35.901] }},
{"zip_code":"28627","country":"US","city":"Glade Valley","state":"North Carolina","state_ab":"NC","county":"Alleghany","geo_location":{ "type": "Point", "coordinates": [-81.0168, 36.4429] }},
{"zip_code":"28007","country":"US","city":"Ansonville","state":"North Carolina","state_ab":"NC","county":"Anson","geo_location":{ "type": "Point", "coordinates": [-80.0852, 35.0219] }},
{"zip_code":"28694","country":"US","city":"West Jefferson","state":"North Carolina","state_ab":"NC","county":"Ashe","geo_location":{ "type": "Point", "coordinates": [-81.4872, 36.3776] }},
{"zip_code":"28614","country":"US","city":"Cranberry","state":"North Carolina","state_ab":"NC","county":"Avery County","geo_location":{ "type": "Point", "coordinates": [-81.9671, 36.1429] }},
{"zip_code":"27817","country":"US","city":"Chocowinity","state":"North Carolina","state_ab":"NC","county":"Beaufort","geo_location":{ "type": "Point", "coordinates": [-77.0868, 35.4814] }},
{"zip_code":"28434","country":"US","city":"Council","state":"North Carolina","state_ab":"NC","county":"Bladen","geo_location":{ "type": "Point", "coordinates": [-78.4115, 34.429] }},
{"zip_code":"28461","country":"US","city":"Southport","state":"North Carolina","state_ab":"NC","county":"Brunswick","geo_location":{ "type": "Point", "coordinates": [-78.0359, 33.9654] }},
{"zip_code":"28704","country":"US","city":"Arden","state":"North Carolina","state_ab":"NC","county":"Buncombe","geo_location":{ "type": "Point", "coordinates": [-82.5354, 35.4637] }},
{"zip_code":"28757","country":"US","city":"Montreat","state":"North Carolina","state_ab":"NC","county":"Buncombe","geo_location":{ "type": "Point", "coordinates": [-82.3156, 35.6415] }},
{"zip_code":"28641","country":"US","city":"Jonas Ridge","state":"North Carolina","state_ab":"NC","county":"Burke","geo_location":{ "type": "Point", "coordinates": [-81.8845, 35.9384] }},
{"zip_code":"28124","country":"US","city":"Mount Pleasant","state":"North Carolina","state_ab":"NC","county":"Cabarrus","geo_location":{ "type": "Point", "coordinates": [-80.4171, 35.4146] }},
{"zip_code":"28667","country":"US","city":"Rhodhiss","state":"North Carolina","state_ab":"NC","county":"Caldwell","geo_location":{ "type": "Point", "coordinates": [-81.4302, 35.7772] }},
{"zip_code":"27921","country":"US","city":"Camden","state":"North Carolina","state_ab":"NC","county":"Camden","geo_location":{ "type": "Point", "coordinates": [-76.15, 36.325] }},
{"zip_code":"27974","country":"US","city":"Shiloh","state":"North Carolina","state_ab":"NC","county":"Camden","geo_location":{ "type": "Point", "coordinates": [-76.0432, 36.2584] }},
{"zip_code":"28511","country":"US","city":"Atlantic","state":"North Carolina","state_ab":"NC","county":"Carteret","geo_location":{ "type": "Point", "coordinates": [-76.3521, 34.8888] }},
{"zip_code":"28524","country":"US","city":"Davis","state":"North Carolina","state_ab":"NC","county":"Carteret","geo_location":{ "type": "Point", "coordinates": [-76.5871, 34.8739] }},
{"zip_code":"28577","country":"US","city":"Sealevel","state":"North Carolina","state_ab":"NC","county":"Carteret","geo_location":{ "type": "Point", "coordinates": [-76.3898, 34.8769] }},
{"zip_code":"27291","country":"US","city":"Leasburg","state":"North Carolina","state_ab":"NC","county":"Caswell","geo_location":{ "type": "Point", "coordinates": [-79.1942, 36.4151] }},
{"zip_code":"27314","country":"US","city":"Prospect Hill","state":"North Carolina","state_ab":"NC","county":"Caswell","geo_location":{ "type": "Point", "coordinates": [-79.2156, 36.2932] }},
{"zip_code":"28601","country":"US","city":"Hickory","state":"North Carolina","state_ab":"NC","county":"Catawba","geo_location":{ "type": "Point", "coordinates": [-81.3289, 35.7576] }},
{"zip_code":"73111","country":"US","city":"Oklahoma City","state":"Oklahoma","state_ab":"OK","county":"Oklahoma","geo_location":{ "type": "Point", "coordinates": [-97.4806, 35.5042] }},
{"zip_code":"73124","country":"US","city":"Oklahoma City","state":"Oklahoma","state_ab":"OK","county":"Oklahoma","geo_location":{ "type": "Point", "coordinates": [-97.4075, 35.5514] }},
{"zip_code":"73137","country":"US","city":"Oklahoma City","state":"Oklahoma","state_ab":"OK","county":"Oklahoma","geo_location":{ "type": "Point", "coordinates": [-97.4075, 35.5514] }},
{"zip_code":"73151","country":"US","city":"Oklahoma City","state":"Oklahoma","state_ab":"OK","county":"Oklahoma","geo_location":{ "type": "Point", "coordinates": [-97.4111, 35.5676] }},
{"zip_code":"73164","country":"US","city":"Oklahoma City","state":"Oklahoma","state_ab":"OK","county":"Oklahoma","geo_location":{ "type": "Point", "coordinates": [-97.4075, 35.5514] }},
{"zip_code":"73177","country":"US","city":"Oklahoma City","state":"Oklahoma","state_ab":"OK","county":"Oklahoma","geo_location":{ "type": "Point", "coordinates": [-97.4075, 35.5514] }},
{"zip_code":"74437","country":"US","city":"Henryetta","state":"Oklahoma","state_ab":"OK","county":"Okmulgee","geo_location":{ "type": "Point", "coordinates": [-96.0122, 35.4622] }},
{"zip_code":"74127","country":"US","city":"Tulsa","state":"Oklahoma","state_ab":"OK","county":"Osage","geo_location":{ "type": "Point", "coordinates": [-96.0311, 36.1576] }},
{"zip_code":"74077","country":"US","city":"Stillwater","state":"Oklahoma","state_ab":"OK","county":"Payne","geo_location":{ "type": "Point", "coordinates": [-96.9875, 36.0937] }},
{"zip_code":"74501","country":"US","city":"Mcalester","state":"Oklahoma","state_ab":"OK","county":"Pittsburg","geo_location":{ "type": "Point", "coordinates": [-95.7592, 34.9262] }},
{"zip_code":"74554","country":"US","city":"Krebs","state":"Oklahoma","state_ab":"OK","county":"Pittsburg","geo_location":{ "type": "Point", "coordinates": [-95.7216, 34.9255] }},
{"zip_code":"74851","country":"US","city":"Mcloud","state":"Oklahoma","state_ab":"OK","county":"Pottawatomie","geo_location":{ "type": "Point", "coordinates": [-97.079, 35.4262] }},
{"zip_code":"74567","country":"US","city":"Snow","state":"Oklahoma","state_ab":"OK","county":"Pushmataha","geo_location":{ "type": "Point", "coordinates": [-95.4622, 34.4419] }},
{"zip_code":"74837","country":"US","city":"Cromwell","state":"Oklahoma","state_ab":"OK","county":"Seminole","geo_location":{ "type": "Point", "coordinates": [-96.4546, 35.3405] }},
{"zip_code":"74954","country":"US","city":"Roland","state":"Oklahoma","state_ab":"OK","county":"Sequoyah","geo_location":{ "type": "Point", "coordinates": [-94.5291, 35.4538] }},
{"zip_code":"73434","country":"US","city":"Foster","state":"Oklahoma","state_ab":"OK","county":"Stephens","geo_location":{ "type": "Point", "coordinates": [-97.5455, 34.6379] }},
{"zip_code":"73951","country":"US","city":"Tyrone","state":"Oklahoma","state_ab":"OK","county":"Texas","geo_location":{ "type": "Point", "coordinates": [-101.0594, 36.9558] }},
{"zip_code":"73551","country":"US","city":"Hollister","state":"Oklahoma","state_ab":"OK","county":"Tillman","geo_location":{ "type": "Point", "coordinates": [-98.8814, 34.3525] }},
{"zip_code":"74011","country":"US","city":"Broken Arrow","state":"Oklahoma","state_ab":"OK","county":"Tulsa","geo_location":{ "type": "Point", "coordinates": [-95.8143, 35.9908] }},
{"zip_code":"74037","country":"US","city":"Jenks","state":"Oklahoma","state_ab":"OK","county":"Tulsa","geo_location":{ "type": "Point", "coordinates": [-95.9797, 36.0148] }},
{"zip_code":"74101","country":"US","city":"Tulsa","state":"Oklahoma","state_ab":"OK","county":"Tulsa","geo_location":{ "type": "Point", "coordinates": [-95.8687, 36.0391] }},
{"zip_code":"74114","country":"US","city":"Tulsa","state":"Oklahoma","state_ab":"OK","county":"Tulsa","geo_location":{ "type": "Point", "coordinates": [-95.9408, 36.1262] }},
{"zip_code":"74141","country":"US","city":"Tulsa","state":"Oklahoma","state_ab":"OK","county":"Tulsa","geo_location":{ "type": "Point", "coordinates": [-96.0297, 36.1398] }},
{"zip_code":"74194","country":"US","city":"Tulsa","state":"Oklahoma","state_ab":"OK","county":"Tulsa","geo_location":{ "type": "Point", "coordinates": [-96.0297, 36.1398] }},
{"zip_code":"74477","country":"US","city":"Wagoner","state":"Oklahoma","state_ab":"OK","county":"Wagoner","geo_location":{ "type": "Point", "coordinates": [-95.5139, 35.9636] }},
{"zip_code":"74051","country":"US","city":"Ochelata","state":"Oklahoma","state_ab":"OK","county":"Washington","geo_location":{ "type": "Point", "coordinates": [-95.9691, 36.5947] }},
{"zip_code":"73021","country":"US","city":"Colony","state":"Oklahoma","state_ab":"OK","county":"Washita","geo_location":{ "type": "Point", "coordinates": [-98.6707, 35.3448] }},
{"zip_code":"73641","country":"US","city":"Dill City","state":"Oklahoma","state_ab":"OK","county":"Washita","geo_location":{ "type": "Point", "coordinates": [-99.1537, 35.2787] }},
{"zip_code":"73717","country":"US","city":"Alva","state":"Oklahoma","state_ab":"OK","county":"Woods","geo_location":{ "type": "Point", "coordinates": [-98.6722, 36.8016] }},
{"zip_code":"73731","country":"US","city":"Dacoma","state":"Oklahoma","state_ab":"OK","county":"Woods","geo_location":{ "type": "Point", "coordinates": [-98.5942, 36.6606] }},
{"zip_code":"97814","country":"US","city":"Baker City","state":"Oregon","state_ab":"OR","county":"Baker","geo_location":{ "type": "Point", "coordinates": [-117.7427, 44.7542] }},
{"zip_code":"97324","country":"US","city":"Alsea","state":"Oregon","state_ab":"OR","county":"Benton","geo_location":{ "type": "Point", "coordinates": [-123.6089, 44.3691] }},
{"zip_code":"97027","country":"US","city":"Gladstone","state":"Oregon","state_ab":"OR","county":"Clackamas","geo_location":{ "type": "Point", "coordinates": [-122.5902, 45.3899] }},
{"zip_code":"97067","country":"US","city":"Welches","state":"Oregon","state_ab":"OR","county":"Clackamas","geo_location":{ "type": "Point", "coordinates": [-121.9598, 45.3399] }},
{"zip_code":"97054","country":"US","city":"Deer Island","state":"Oregon","state_ab":"OR","county":"Columbia","geo_location":{ "type": "Point", "coordinates": [-122.8985, 45.9356] }},
{"zip_code":"97414","country":"US","city":"Broadbent","state":"Oregon","state_ab":"OR","county":"Coos","geo_location":{ "type": "Point", "coordinates": [-124.1189, 42.985] }},
{"zip_code":"97751","country":"US","city":"Paulina","state":"Oregon","state_ab":"OR","county":"Crook","geo_location":{ "type": "Point", "coordinates": [-119.7828, 44.2102] }},
{"zip_code":"97441","country":"US","city":"Gardiner","state":"Oregon","state_ab":"OR","county":"Douglas","geo_location":{ "type": "Point", "coordinates": [-124.1437, 43.7857] }},
{"zip_code":"97467","country":"US","city":"Reedsport","state":"Oregon","state_ab":"OR","county":"Douglas","geo_location":{ "type": "Point", "coordinates": [-123.9565, 43.7104] }},
{"zip_code":"97481","country":"US","city":"Tenmile","state":"Oregon","state_ab":"OR","county":"Douglas","geo_location":{ "type": "Point", "coordinates": [-123.5294, 43.114] }},
{"zip_code":"97494","country":"US","city":"Wilbur","state":"Oregon","state_ab":"OR","county":"Douglas","geo_location":{ "type": "Point", "coordinates": [-123.3332, 43.3284] }},
{"zip_code":"97904","country":"US","city":"Drewsey","state":"Oregon","state_ab":"OR","county":"Harney","geo_location":{ "type": "Point", "coordinates": [-118.4707, 43.8643] }},
{"zip_code":"97014","country":"US","city":"Cascade Locks","state":"Oregon","state_ab":"OR","county":"Hood River","geo_location":{ "type": "Point", "coordinates": [-121.8686, 45.671] }},
{"zip_code":"97041","country":"US","city":"Mount Hood Parkdale","state":"Oregon","state_ab":"OR","county":"Hood River","geo_location":{ "type": "Point", "coordinates": [-121.5983, 45.4929] }},
{"zip_code":"97504","country":"US","city":"Medford","state":"Oregon","state_ab":"OR","county":"Jackson","geo_location":{ "type": "Point", "coordinates": [-122.8398, 42.3363] }},
{"zip_code":"97711","country":"US","city":"Ashwood","state":"Oregon","state_ab":"OR","county":"Jefferson","geo_location":{ "type": "Point", "coordinates": [-120.7192, 44.7195] }},
{"zip_code":"97531","country":"US","city":"Kerby","state":"Oregon","state_ab":"OR","county":"Josephine","geo_location":{ "type": "Point", "coordinates": [-123.6573, 42.2093] }},
{"zip_code":"97544","country":"US","city":"Williams","state":"Oregon","state_ab":"OR","county":"Josephine","geo_location":{ "type": "Point", "coordinates": [-123.2829, 42.223] }},
{"zip_code":"97621","country":"US","city":"Beatty","state":"Oregon","state_ab":"OR","county":"Klamath","geo_location":{ "type": "Point", "coordinates": [-121.22, 42.4369] }},
{"zip_code":"97634","country":"US","city":"Midland","state":"Oregon","state_ab":"OR","county":"Klamath","geo_location":{ "type": "Point", "coordinates": [-121.871, 42.1284] }},
{"zip_code":"97737","country":"US","city":"Gilchrist","state":"Oregon","state_ab":"OR","county":"Klamath","geo_location":{ "type": "Point", "coordinates": [-121.6583, 43.3725] }},
{"zip_code":"97401","country":"US","city":"Eugene","state":"Oregon","state_ab":"OR","county":"Lane","geo_location":{ "type": "Point", "coordinates": [-123.0819, 44.0682] }},
{"zip_code":"97427","country":"US","city":"Culp Creek","state":"Oregon","state_ab":"OR","county":"Lane","geo_location":{ "type": "Point", "coordinates": [-122.7871, 43.6579] }},
{"zip_code":"97454","country":"US","city":"Marcola","state":"Oregon","state_ab":"OR","county":"Lane","geo_location":{ "type": "Point", "coordinates": [-122.8246, 44.2064] }},
{"zip_code":"97364","country":"US","city":"Neotsu","state":"Oregon","state_ab":"OR","county":"Lincoln","geo_location":{ "type": "Point", "coordinates": [-123.9843, 44.9988] }},
{"zip_code":"97391","country":"US","city":"Toledo","state":"Oregon","state_ab":"OR","county":"Lincoln","geo_location":{ "type": "Point", "coordinates": [-123.9301, 44.6271] }},
{"zip_code":"97377","country":"US","city":"Shedd","state":"Oregon","state_ab":"OR","county":"Linn","geo_location":{ "type": "Point", "coordinates": [-123.1065, 44.453] }},
{"zip_code":"97917","country":"US","city":"Riverside","state":"Oregon","state_ab":"OR","county":"Malheur","geo_location":{ "type": "Point", "coordinates": [-118.0986, 43.5099] }},
{"zip_code":"97311","country":"US","city":"Salem","state":"Oregon","state_ab":"OR","county":"Marion","geo_location":{ "type": "Point", "coordinates": [-123.0286, 44.9438] }},
{"zip_code":"97207","country":"US","city":"Portland","state":"Oregon","state_ab":"OR","county":"Multnomah","geo_location":{ "type": "Point", "coordinates": [-122.7111, 45.4803] }},
{"zip_code":"97221","country":"US","city":"Portland","state":"Oregon","state_ab":"OR","county":"Multnomah","geo_location":{ "type": "Point", "coordinates": [-122.7267, 45.4918] }},
{"zip_code":"97351","country":"US","city":"Independence","state":"Oregon","state_ab":"OR","county":"Polk","geo_location":{ "type": "Point", "coordinates": [-123.1879, 44.8481] }},
{"zip_code":"97131","country":"US","city":"Nehalem","state":"Oregon","state_ab":"OR","county":"Tillamook","geo_location":{ "type": "Point", "coordinates": [-123.9049, 45.7216] }},
{"zip_code":"97801","country":"US","city":"Pendleton","state":"Oregon","state_ab":"OR","county":"Umatilla","geo_location":{ "type": "Point", "coordinates": [-118.7831, 45.6605] }},
{"zip_code":"97827","country":"US","city":"Elgin","state":"Oregon","state_ab":"OR","county":"Union","geo_location":{ "type": "Point", "coordinates": [-117.9112, 45.5941] }},
{"zip_code":"97841","country":"US","city":"Imbler","state":"Oregon","state_ab":"OR","county":"Union","geo_location":{ "type": "Point", "coordinates": [-117.9544, 45.4599] }},
{"zip_code":"97867","country":"US","city":"North Powder","state":"Oregon","state_ab":"OR","county":"Union","geo_location":{ "type": "Point", "coordinates": [-117.9337, 45.0317] }},
{"zip_code":"97001","country":"US","city":"Antelope","state":"Oregon","state_ab":"OR","county":"Wasco","geo_location":{ "type": "Point", "coordinates": [-120.7914, 44.8892] }},
{"zip_code":"97117","country":"US","city":"Gales Creek","state":"Oregon","state_ab":"OR","county":"Washington","geo_location":{ "type": "Point", "coordinates": [-123.234, 45.5957] }},
{"zip_code":"97144","country":"US","city":"Timber","state":"Oregon","state_ab":"OR","county":"Washington","geo_location":{ "type": "Point", "coordinates": [-123.3119, 45.727] }},
{"zip_code":"17324","country":"US","city":"Gardners","state":"Pennsylvania","state_ab":"PA","county":"Adams","geo_location":{ "type": "Point", "coordinates": [-77.1877, 40.0428] }},
{"zip_code":"17337","country":"US","city":"Idaville","state":"Pennsylvania","state_ab":"PA","county":"Adams","geo_location":{ "type": "Point", "coordinates": [-77.2001, 40.0157] }},
{"zip_code":"15007","country":"US","city":"Bakerstown","state":"Pennsylvania","state_ab":"PA","county":"Allegheny","geo_location":{ "type": "Point", "coordinates": [-79.931, 40.6478] }},
{"zip_code":"15034","country":"US","city":"Dravosburg","state":"Pennsylvania","state_ab":"PA","county":"Allegheny","geo_location":{ "type": "Point", "coordinates": [-79.8895, 40.3527] }},
{"zip_code":"15047","country":"US","city":"Greenock","state":"Pennsylvania","state_ab":"PA","county":"Allegheny","geo_location":{ "type": "Point", "coordinates": [-80.0248, 40.4344] }},
{"zip_code":"15137","country":"US","city":"North Versailles","state":"Pennsylvania","state_ab":"PA","county":"Allegheny","geo_location":{ "type": "Point", "coordinates": [-79.8124, 40.3762] }},
{"zip_code":"15201","country":"US","city":"Pittsburgh","state":"Pennsylvania","state_ab":"PA","county":"Allegheny","geo_location":{ "type": "Point", "coordinates": [-79.9528, 40.4752] }},
{"zip_code":"15214","country":"US","city":"Pittsburgh","state":"Pennsylvania","state_ab":"PA","county":"Allegheny","geo_location":{ "type": "Point", "coordinates": [-80.014, 40.4865] }},
{"zip_code":"15227","country":"US","city":"Pittsburgh","state":"Pennsylvania","state_ab":"PA","county":"Allegheny","geo_location":{ "type": "Point", "coordinates": [-79.9667, 40.3805] }},
{"zip_code":"15241","country":"US","city":"Pittsburgh","state":"Pennsylvania","state_ab":"PA","county":"Allegheny","geo_location":{ "type": "Point", "coordinates": [-80.081, 40.3323] }},
{"zip_code":"15254","country":"US","city":"Pittsburgh","state":"Pennsylvania","state_ab":"PA","county":"Allegheny","geo_location":{ "type": "Point", "coordinates": [-80.0248, 40.4344] }},
{"zip_code":"15267","country":"US","city":"Pittsburgh","state":"Pennsylvania","state_ab":"PA","county":"Allegheny","geo_location":{ "type": "Point", "coordinates": [-80.0248, 40.4344] }},
{"zip_code":"15281","country":"US","city":"Pittsburgh","state":"Pennsylvania","state_ab":"PA","county":"Allegheny","geo_location":{ "type": "Point", "coordinates": [-80.0248, 40.4344] }},
{"zip_code":"16244","country":"US","city":"Nu Mine","state":"Pennsylvania","state_ab":"PA","county":"Armstrong","geo_location":{ "type": "Point", "coordinates": [-79.4516, 40.8478] }},
{"zip_code":"15061","country":"US","city":"Monaca","state":"Pennsylvania","state_ab":"PA","county":"Beaver","geo_location":{ "type": "Point", "coordinates": [-80.2917, 40.6718] }},
{"zip_code":"15074","country":"US","city":"Rochester","state":"Pennsylvania","state_ab":"PA","county":"Beaver","geo_location":{ "type": "Point", "coordinates": [-80.2603, 40.7157] }},
{"zip_code":"16141","country":"US","city":"New Galilee","state":"Pennsylvania","state_ab":"PA","county":"Beaver","geo_location":{ "type": "Point", "coordinates": [-80.3939, 40.8569] }},
{"zip_code":"15537","country":"US","city":"Everett","state":"Pennsylvania","state_ab":"PA","county":"Bedford","geo_location":{ "type": "Point", "coordinates": [-78.3713, 40.0098] }},
{"zip_code":"19511","country":"US","city":"Bowers","state":"Pennsylvania","state_ab":"PA","county":"Berks","geo_location":{ "type": "Point", "coordinates": [-75.7435, 40.4821] }},
{"zip_code":"19551","country":"US","city":"Robesonia","state":"Pennsylvania","state_ab":"PA","county":"Berks","geo_location":{ "type": "Point", "coordinates": [-76.1366, 40.3553] }},
{"zip_code":"19564","country":"US","city":"Virginville","state":"Pennsylvania","state_ab":"PA","county":"Berks","geo_location":{ "type": "Point", "coordinates": [-75.8697, 40.5268] }},
{"zip_code":"19601","country":"US","city":"Reading","state":"Pennsylvania","state_ab":"PA","county":"Berks","geo_location":{ "type": "Point", "coordinates": [-75.9351, 40.3466] }},
{"zip_code":"16617","country":"US","city":"Bellwood","state":"Pennsylvania","state_ab":"PA","county":"Blair","geo_location":{ "type": "Point", "coordinates": [-78.3372, 40.6039] }},
{"zip_code":"16631","country":"US","city":"Curryville","state":"Pennsylvania","state_ab":"PA","county":"Blair","geo_location":{ "type": "Point", "coordinates": [-78.3682, 40.4935] }},
{"zip_code":"16684","country":"US","city":"Tipton","state":"Pennsylvania","state_ab":"PA","county":"Blair","geo_location":{ "type": "Point", "coordinates": [-78.3036, 40.6367] }},
{"zip_code":"16914","country":"US","city":"Columbia Cross Roads","state":"Pennsylvania","state_ab":"PA","county":"Bradford","geo_location":{ "type": "Point", "coordinates": [-76.7825, 41.8638] }},
{"zip_code":"17724","country":"US","city":"Canton","state":"Pennsylvania","state_ab":"PA","county":"Bradford","geo_location":{ "type": "Point", "coordinates": [-76.8582, 41.6538] }},
{"zip_code":"18817","country":"US","city":"East Smithfield","state":"Pennsylvania","state_ab":"PA","county":"Bradford","geo_location":{ "type": "Point", "coordinates": [-76.5213, 41.772] }},
{"zip_code":"18831","country":"US","city":"Milan","state":"Pennsylvania","state_ab":"PA","county":"Bradford","geo_location":{ "type": "Point", "coordinates": [-76.5328, 41.8966] }},
{"zip_code":"18921","country":"US","city":"Ferndale","state":"Pennsylvania","state_ab":"PA","county":"Bucks","geo_location":{ "type": "Point", "coordinates": [-75.1028, 40.3286] }},
{"zip_code":"18934","country":"US","city":"Mechanicsville","state":"Pennsylvania","state_ab":"PA","county":"Bucks","geo_location":{ "type": "Point", "coordinates": [-75.0676, 40.3494] }},
{"zip_code":"18947","country":"US","city":"Pipersville","state":"Pennsylvania","state_ab":"PA","county":"Bucks","geo_location":{ "type": "Point", "coordinates": [-75.1074, 40.4262] }},
{"zip_code":"18974","country":"US","city":"Warminster","state":"Pennsylvania","state_ab":"PA","county":"Bucks","geo_location":{ "type": "Point", "coordinates": [-75.0905, 40.2067] }},
{"zip_code":"19007","country":"US","city":"Bristol","state":"Pennsylvania","state_ab":"PA","county":"Bucks","geo_location":{ "type": "Point", "coordinates": [-74.8536, 40.1159] }},
{"zip_code":"19021","country":"US","city":"Croydon","state":"Pennsylvania","state_ab":"PA","county":"Bucks","geo_location":{ "type": "Point", "coordinates": [-74.8991, 40.0933] }},
{"zip_code":"19047","country":"US","city":"Langhorne","state":"Pennsylvania","state_ab":"PA","county":"Bucks","geo_location":{ "type": "Point", "coordinates": [-74.9104, 40.1813] }},
{"zip_code":"16024","country":"US","city":"Callery","state":"Pennsylvania","state_ab":"PA","county":"Butler","geo_location":{ "type": "Point", "coordinates": [-79.9947, 40.9219] }},
{"zip_code":"16037","country":"US","city":"Harmony","state":"Pennsylvania","state_ab":"PA","county":"Butler","geo_location":{ "type": "Point", "coordinates": [-80.1381, 40.8496] }},
{"zip_code":"16051","country":"US","city":"Portersville","state":"Pennsylvania","state_ab":"PA","county":"Butler","geo_location":{ "type": "Point", "coordinates": [-80.139, 40.9468] }},
{"zip_code":"15951","country":"US","city":"Saint Michael","state":"Pennsylvania","state_ab":"PA","county":"Cambria","geo_location":{ "type": "Point", "coordinates": [-78.7761, 40.3386] }},
{"zip_code":"16644","country":"US","city":"Glasgow","state":"Pennsylvania","state_ab":"PA","county":"Cambria","geo_location":{ "type": "Point", "coordinates": [-78.4637, 40.7178] }},
{"zip_code":"15834","country":"US","city":"Emporium","state":"Pennsylvania","state_ab":"PA","county":"Cameron","geo_location":{ "type": "Point", "coordinates": [-78.2536, 41.5177] }},
{"zip_code":"15861","country":"US","city":"Sinnamahoning","state":"Pennsylvania","state_ab":"PA","county":"Cameron","geo_location":{ "type": "Point", "coordinates": [-78.0661, 41.3762] }},
{"zip_code":"18071","country":"US","city":"Palmerton","state":"Pennsylvania","state_ab":"PA","county":"Carbon","geo_location":{ "type": "Point", "coordinates": [-75.6011, 40.817] }},
{"zip_code":"18624","country":"US","city":"Lake Harmony","state":"Pennsylvania","state_ab":"PA","county":"Carbon","geo_location":{ "type": "Point", "coordinates": [-75.6331, 41.0542] }},
{"zip_code":"16851","country":"US","city":"Lemont","state":"Pennsylvania","state_ab":"PA","county":"Centre","geo_location":{ "type": "Point", "coordinates": [-77.8125, 40.8082] }},
{"zip_code":"16864","country":"US","city":"Orviston","state":"Pennsylvania","state_ab":"PA","county":"Centre","geo_location":{ "type": "Point", "coordinates": [-77.7602, 40.9722] }},
{"zip_code":"19344","country":"US","city":"Honey Brook","state":"Pennsylvania","state_ab":"PA","county":"Chester","geo_location":{ "type": "Point", "coordinates": [-75.8843, 40.0832] }},
{"zip_code":"19357","country":"US","city":"Mendenhall","state":"Pennsylvania","state_ab":"PA","county":"Chester","geo_location":{ "type": "Point", "coordinates": [-75.7481, 39.9832] }},
{"zip_code":"19371","country":"US","city":"Suplee","state":"Pennsylvania","state_ab":"PA","county":"Chester","geo_location":{ "type": "Point", "coordinates": [-75.7481, 39.9832] }},
{"zip_code":"19397","country":"US","city":"Southeastern","state":"Pennsylvania","state_ab":"PA","county":"Chester","geo_location":{ "type": "Point", "coordinates": [-75.7481, 39.9832] }},
{"zip_code":"19421","country":"US","city":"Birchrunville","state":"Pennsylvania","state_ab":"PA","county":"Chester","geo_location":{ "type": "Point", "coordinates": [-75.7481, 39.9832] }},
{"zip_code":"19487","country":"US","city":"King Of Prussia","state":"Pennsylvania","state_ab":"PA","county":"Chester","geo_location":{ "type": "Point", "coordinates": [-75.7481, 39.9832] }},
{"zip_code":"16257","country":"US","city":"Snydersburg","state":"Pennsylvania","state_ab":"PA","county":"Clarion","geo_location":{ "type": "Point", "coordinates": [-79.4538, 41.2023] }},
{"zip_code":"16334","country":"US","city":"Marble","state":"Pennsylvania","state_ab":"PA","county":"Clarion","geo_location":{ "type": "Point", "coordinates": [-79.4459, 41.3261] }},
{"zip_code":"16361","country":"US","city":"Tylersburg","state":"Pennsylvania","state_ab":"PA","county":"Clarion","geo_location":{ "type": "Point", "coordinates": [-79.4538, 41.2023] }},
{"zip_code":"15757","country":"US","city":"Mahaffey","state":"Pennsylvania","state_ab":"PA","county":"Clearfield","geo_location":{ "type": "Point", "coordinates": [-78.7353, 40.8875] }},
{"zip_code":"16671","country":"US","city":"Ramey","state":"Pennsylvania","state_ab":"PA","county":"Clearfield","geo_location":{ "type": "Point", "coordinates": [-78.3998, 40.8015] }},
{"zip_code":"16837","country":"US","city":"Glen Richey","state":"Pennsylvania","state_ab":"PA","county":"Clearfield","geo_location":{ "type": "Point", "coordinates": [-78.475, 40.9458] }},
{"zip_code":"17751","country":"US","city":"Mill Hall","state":"Pennsylvania","state_ab":"PA","county":"Clinton","geo_location":{ "type": "Point", "coordinates": [-77.4836, 41.0867] }},
{"zip_code":"17764","country":"US","city":"Renovo","state":"Pennsylvania","state_ab":"PA","county":"Clinton","geo_location":{ "type": "Point", "coordinates": [-77.7448, 41.3334] }},
{"zip_code":"17814","country":"US","city":"Benton","state":"Pennsylvania","state_ab":"PA","county":"Columbia","geo_location":{ "type": "Point", "coordinates": [-76.3406, 41.2231] }},
{"zip_code":"16424","country":"US","city":"Linesville","state":"Pennsylvania","state_ab":"PA","county":"Crawford","geo_location":{ "type": "Point", "coordinates": [-80.4523, 41.6244] }},
{"zip_code":"17001","country":"US","city":"Camp Hill","state":"Pennsylvania","state_ab":"PA","county":"Cumberland","geo_location":{ "type": "Point", "coordinates": [-76.925, 40.216] }},
{"zip_code":"17027","country":"US","city":"Grantham","state":"Pennsylvania","state_ab":"PA","county":"Cumberland","geo_location":{ "type": "Point", "coordinates": [-76.9964, 40.158] }},
{"zip_code":"17081","country":"US","city":"Plainfield","state":"Pennsylvania","state_ab":"PA","county":"Cumberland","geo_location":{ "type": "Point", "coordinates": [-77.2848, 40.203] }},
{"zip_code":"17104","country":"US","city":"Harrisburg","state":"Pennsylvania","state_ab":"PA","county":"Dauphin","geo_location":{ "type": "Point", "coordinates": [-76.8594, 40.2597] }},
{"zip_code":"19061","country":"US","city":"Marcus Hook","state":"Pennsylvania","state_ab":"PA","county":"Delaware","geo_location":{ "type": "Point", "coordinates": [-75.4354, 39.8295] }},
{"zip_code":"19074","country":"US","city":"Norwood","state":"Pennsylvania","state_ab":"PA","county":"Delaware","geo_location":{ "type": "Point", "coordinates": [-75.2972, 39.887] }},
{"zip_code":"19087","country":"US","city":"Wayne","state":"Pennsylvania","state_ab":"PA","county":"Delaware","geo_location":{ "type": "Point", "coordinates": [-75.3999, 40.0612] }},
{"zip_code":"19317","country":"US","city":"Chadds Ford","state":"Pennsylvania","state_ab":"PA","county":"Delaware","geo_location":{ "type": "Point", "coordinates": [-75.5885, 39.8648] }},
{"zip_code":"19331","country":"US","city":"Concordville","state":"Pennsylvania","state_ab":"PA","county":"Delaware","geo_location":{ "type": "Point", "coordinates": [-75.5165, 39.8823] }},
{"zip_code":"15821","country":"US","city":"Benezett","state":"Pennsylvania","state_ab":"PA","county":"Elk","geo_location":{ "type": "Point", "coordinates": [-78.3576, 41.3253] }},
{"zip_code":"16734","country":"US","city":"James City","state":"Pennsylvania","state_ab":"PA","county":"Elk","geo_location":{ "type": "Point", "coordinates": [-78.8394, 41.6192] }},
{"zip_code":"16411","country":"US","city":"East Springfield","state":"Pennsylvania","state_ab":"PA","county":"Erie","geo_location":{ "type": "Point", "coordinates": [-80.4303, 41.9794] }},
{"zip_code":"16501","country":"US","city":"Erie","state":"Pennsylvania","state_ab":"PA","county":"Erie","geo_location":{ "type": "Point", "coordinates": [-80.086, 42.126] }},
{"zip_code":"16514","country":"US","city":"Erie","state":"Pennsylvania","state_ab":"PA","county":"Erie","geo_location":{ "type": "Point", "coordinates": [-80.0649, 42.1827] }},
{"zip_code":"16541","country":"US","city":"Erie","state":"Pennsylvania","state_ab":"PA","county":"Erie","geo_location":{ "type": "Point", "coordinates": [-80.0649, 42.1827] }},
{"zip_code":"16554","country":"US","city":"Erie","state":"Pennsylvania","state_ab":"PA","county":"Erie","geo_location":{ "type": "Point", "coordinates": [-80.0649, 42.1827] }},
{"zip_code":"15421","country":"US","city":"Chalk Hill","state":"Pennsylvania","state_ab":"PA","county":"Fayette","geo_location":{ "type": "Point", "coordinates": [-79.5991, 39.8451] }},
{"zip_code":"15447","country":"US","city":"Isabella","state":"Pennsylvania","state_ab":"PA","county":"Fayette","geo_location":{ "type": "Point", "coordinates": [-79.9393, 39.946] }},
{"zip_code":"15461","country":"US","city":"Masontown","state":"Pennsylvania","state_ab":"PA","county":"Fayette","geo_location":{ "type": "Point", "coordinates": [-79.9003, 39.8424] }},
{"zip_code":"15474","country":"US","city":"Point Marion","state":"Pennsylvania","state_ab":"PA","county":"Fayette","geo_location":{ "type": "Point", "coordinates": [-79.899, 39.7351] }},
{"zip_code":"16217","country":"US","city":"Cooksburg","state":"Pennsylvania","state_ab":"PA","county":"Forest","geo_location":{ "type": "Point", "coordinates": [-79.1971, 41.3384] }},
{"zip_code":"16321","country":"US","city":"East Hickory","state":"Pennsylvania","state_ab":"PA","county":"Forest","geo_location":{ "type": "Point", "coordinates": [-79.3855, 41.5691] }},
{"zip_code":"17221","country":"US","city":"Fannettsburg","state":"Pennsylvania","state_ab":"PA","county":"Franklin","geo_location":{ "type": "Point", "coordinates": [-77.821, 40.0717] }},
{"zip_code":"17247","country":"US","city":"Quincy","state":"Pennsylvania","state_ab":"PA","county":"Franklin","geo_location":{ "type": "Point", "coordinates": [-77.5811, 39.7995] }},
{"zip_code":"17261","country":"US","city":"South Mountain","state":"Pennsylvania","state_ab":"PA","county":"Franklin","geo_location":{ "type": "Point", "coordinates": [-77.4886, 39.8331] }},
{"zip_code":"15344","country":"US","city":"Jefferson","state":"Pennsylvania","state_ab":"PA","county":"Greene","geo_location":{ "type": "Point", "coordinates": [-80.0503, 39.9334] }},
{"zip_code":"15357","country":"US","city":"Rices Landing","state":"Pennsylvania","state_ab":"PA","county":"Greene","geo_location":{ "type": "Point", "coordinates": [-79.9857, 39.944] }},
{"zip_code":"16657","country":"US","city":"James Creek","state":"Pennsylvania","state_ab":"PA","county":"Huntingdon","geo_location":{ "type": "Point", "coordinates": [-78.1887, 40.3567] }},
{"zip_code":"16877","country":"US","city":"Warriors Mark","state":"Pennsylvania","state_ab":"PA","county":"Huntingdon","geo_location":{ "type": "Point", "coordinates": [-78.0775, 40.7414] }},
{"zip_code":"15681","country":"US","city":"Saltsburg","state":"Pennsylvania","state_ab":"PA","county":"Indiana","geo_location":{ "type": "Point", "coordinates": [-79.3978, 40.5429] }},
{"zip_code":"15717","country":"US","city":"Blairsville","state":"Pennsylvania","state_ab":"PA","county":"Indiana","geo_location":{ "type": "Point", "coordinates": [-79.2533, 40.4413] }},
{"zip_code":"15731","country":"US","city":"Coral","state":"Pennsylvania","state_ab":"PA","county":"Indiana","geo_location":{ "type": "Point", "coordinates": [-79.1739, 40.4986] }},
{"zip_code":"15771","country":"US","city":"Rochester Mills","state":"Pennsylvania","state_ab":"PA","county":"Indiana","geo_location":{ "type": "Point", "coordinates": [-78.9892, 40.8308] }},
{"zip_code":"15744","country":"US","city":"Hamilton","state":"Pennsylvania","state_ab":"PA","county":"Jefferson","geo_location":{ "type": "Point", "coordinates": [-79.0831, 40.9233] }},
{"zip_code":"15784","country":"US","city":"Worthville","state":"Pennsylvania","state_ab":"PA","county":"Jefferson","geo_location":{ "type": "Point", "coordinates": [-79.1387, 41.0238] }},
{"zip_code":"15847","country":"US","city":"Knox Dale","state":"Pennsylvania","state_ab":"PA","county":"Jefferson","geo_location":{ "type": "Point", "coordinates": [-78.9629, 41.1411] }},
{"zip_code":"17014","country":"US","city":"Cocolamus","state":"Pennsylvania","state_ab":"PA","county":"Juniata","geo_location":{ "type": "Point", "coordinates": [-77.3455, 40.4787] }},
{"zip_code":"17094","country":"US","city":"Thompsontown","state":"Pennsylvania","state_ab":"PA","county":"Juniata","geo_location":{ "type": "Point", "coordinates": [-77.2076, 40.5908] }},
{"zip_code":"3837","country":"US","city":"Gilmanton Iron Works","state":"New Hampshire","state_ab":"NH","county":"Belknap","geo_location":{ "type": "Point", "coordinates": [-71.2995, 43.4466] }},
{"zip_code":"3864","country":"US","city":"Ossipee","state":"New Hampshire","state_ab":"NH","county":"Carroll","geo_location":{ "type": "Point", "coordinates": [-71.1129, 43.6945] }},
{"zip_code":"3451","country":"US","city":"Hinsdale","state":"New Hampshire","state_ab":"NH","county":"Cheshire","geo_location":{ "type": "Point", "coordinates": [-72.5015, 42.8027] }},
{"zip_code":"3464","country":"US","city":"Stoddard","state":"New Hampshire","state_ab":"NH","county":"Cheshire","geo_location":{ "type": "Point", "coordinates": [-72.1088, 43.0739] }},
{"zip_code":"3604","country":"US","city":"Drewsville","state":"New Hampshire","state_ab":"NH","county":"Cheshire","geo_location":{ "type": "Point", "coordinates": [-72.243, 42.9471] }},
{"zip_code":"3581","country":"US","city":"Gorham","state":"New Hampshire","state_ab":"NH","county":"Coos","geo_location":{ "type": "Point", "coordinates": [-71.1548, 44.4048] }},
{"zip_code":"3217","country":"US","city":"Ashland","state":"New Hampshire","state_ab":"NH","county":"Grafton","geo_location":{ "type": "Point", "coordinates": [-71.6121, 43.7034] }},
{"zip_code":"3774","country":"US","city":"North Haverhill","state":"New Hampshire","state_ab":"NH","county":"Grafton","geo_location":{ "type": "Point", "coordinates": [-72.0191, 44.0978] }},
{"zip_code":"3051","country":"US","city":"Hudson","state":"New Hampshire","state_ab":"NH","county":"Hillsborough","geo_location":{ "type": "Point", "coordinates": [-71.4121, 42.769] }},
{"zip_code":"3064","country":"US","city":"Nashua","state":"New Hampshire","state_ab":"NH","county":"Hillsborough","geo_location":{ "type": "Point", "coordinates": [-71.4748, 42.779] }},
{"zip_code":"3101","country":"US","city":"Manchester","state":"New Hampshire","state_ab":"NH","county":"Hillsborough","geo_location":{ "type": "Point", "coordinates": [-71.4633, 42.9929] }},
{"zip_code":"3244","country":"US","city":"Hillsboro","state":"New Hampshire","state_ab":"NH","county":"Hillsborough","geo_location":{ "type": "Point", "coordinates": [-71.9028, 43.1207] }},
{"zip_code":"3231","country":"US","city":"East Andover","state":"New Hampshire","state_ab":"NH","county":"Merrimack","geo_location":{ "type": "Point", "coordinates": [-71.7365, 43.4662] }},
{"zip_code":"3257","country":"US","city":"New London","state":"New Hampshire","state_ab":"NH","county":"Merrimack","geo_location":{ "type": "Point", "coordinates": [-71.9857, 43.4145] }},
{"zip_code":"3307","country":"US","city":"Loudon","state":"New Hampshire","state_ab":"NH","county":"Merrimack","geo_location":{ "type": "Point", "coordinates": [-71.467, 43.3193] }},
{"zip_code":"3037","country":"US","city":"Deerfield","state":"New Hampshire","state_ab":"NH","county":"Rockingham","geo_location":{ "type": "Point", "coordinates": [-71.2513, 43.1378] }},
{"zip_code":"3077","country":"US","city":"Raymond","state":"New Hampshire","state_ab":"NH","county":"Rockingham","geo_location":{ "type": "Point", "coordinates": [-71.1912, 43.0325] }},
{"zip_code":"3811","country":"US","city":"Atkinson","state":"New Hampshire","state_ab":"NH","county":"Rockingham","geo_location":{ "type": "Point", "coordinates": [-71.1603, 42.837] }},
{"zip_code":"3824","country":"US","city":"Durham","state":"New Hampshire","state_ab":"NH","county":"Strafford","geo_location":{ "type": "Point", "coordinates": [-70.9197, 43.1174] }},
{"zip_code":"3851","country":"US","city":"Milton","state":"New Hampshire","state_ab":"NH","county":"Strafford","geo_location":{ "type": "Point", "coordinates": [-71.0114, 43.4229] }},
{"zip_code":"3284","country":"US","city":"Springfield","state":"New Hampshire","state_ab":"NH","county":"Sullivan","geo_location":{ "type": "Point", "coordinates": [-72.047, 43.4938] }},
{"zip_code":"8221","country":"US","city":"Linwood","state":"New Jersey","state_ab":"NJ","county":"Atlantic","geo_location":{ "type": "Point", "coordinates": [-74.5807, 39.3469] }},
{"zip_code":"8234","country":"US","city":"Egg Harbor Township","state":"New Jersey","state_ab":"NJ","county":"Atlantic","geo_location":{ "type": "Point", "coordinates": [-74.6118, 39.3741] }},
{"zip_code":"8401","country":"US","city":"Atlantic City","state":"New Jersey","state_ab":"NJ","county":"Atlantic","geo_location":{ "type": "Point", "coordinates": [-74.4317, 39.3664] }},
{"zip_code":"7024","country":"US","city":"Fort Lee","state":"New Jersey","state_ab":"NJ","county":"Bergen","geo_location":{ "type": "Point", "coordinates": [-73.9745, 40.8503] }},
{"zip_code":"7451","country":"US","city":"Ridgewood","state":"New Jersey","state_ab":"NJ","county":"Bergen","geo_location":{ "type": "Point", "coordinates": [-74.0832, 40.9481] }},
{"zip_code":"7604","country":"US","city":"Hasbrouck Heights","state":"New Jersey","state_ab":"NJ","county":"Bergen","geo_location":{ "type": "Point", "coordinates": [-74.0756, 40.8623] }},
{"zip_code":"7631","country":"US","city":"Englewood","state":"New Jersey","state_ab":"NJ","county":"Bergen","geo_location":{ "type": "Point", "coordinates": [-73.9772, 40.8943] }},
{"zip_code":"7644","country":"US","city":"Lodi","state":"New Jersey","state_ab":"NJ","county":"Bergen","geo_location":{ "type": "Point", "coordinates": [-74.0838, 40.8764] }},
{"zip_code":"7657","country":"US","city":"Ridgefield","state":"New Jersey","state_ab":"NJ","county":"Bergen","geo_location":{ "type": "Point", "coordinates": [-74.0015, 40.8326] }},
{"zip_code":"8041","country":"US","city":"Jobstown","state":"New Jersey","state_ab":"NJ","county":"Burlington","geo_location":{ "type": "Point", "coordinates": [-74.6873, 40.0387] }},
{"zip_code":"8054","country":"US","city":"Mount Laurel","state":"New Jersey","state_ab":"NJ","county":"Burlington","geo_location":{ "type": "Point", "coordinates": [-74.9036, 39.9478] }},
{"zip_code":"8081","country":"US","city":"Sicklerville","state":"New Jersey","state_ab":"NJ","county":"Camden","geo_location":{ "type": "Point", "coordinates": [-74.9864, 39.7354] }},
{"zip_code":"8104","country":"US","city":"Camden","state":"New Jersey","state_ab":"NJ","county":"Camden","geo_location":{ "type": "Point", "coordinates": [-75.1078, 39.9186] }},
{"zip_code":"8247","country":"US","city":"Stone Harbor","state":"New Jersey","state_ab":"NJ","county":"Cape May","geo_location":{ "type": "Point", "coordinates": [-74.762, 39.0533] }},
{"zip_code":"8311","country":"US","city":"Cedarville","state":"New Jersey","state_ab":"NJ","county":"Cumberland","geo_location":{ "type": "Point", "coordinates": [-75.1994, 39.337] }},
{"zip_code":"8324","country":"US","city":"Heislerville","state":"New Jersey","state_ab":"NJ","county":"Cumberland","geo_location":{ "type": "Point", "coordinates": [-74.9942, 39.224] }},
{"zip_code":"7051","country":"US","city":"Orange","state":"New Jersey","state_ab":"NJ","county":"Essex","geo_location":{ "type": "Point", "coordinates": [-74.2452, 40.7918] }},
{"zip_code":"7101","country":"US","city":"Newark","state":"New Jersey","state_ab":"NJ","county":"Essex","geo_location":{ "type": "Point", "coordinates": [-74.2251, 40.7361] }},
{"zip_code":"7114","country":"US","city":"Newark","state":"New Jersey","state_ab":"NJ","county":"Essex","geo_location":{ "type": "Point", "coordinates": [-74.1891, 40.7082] }},
{"zip_code":"7194","country":"US","city":"Newark","state":"New Jersey","state_ab":"NJ","county":"Essex","geo_location":{ "type": "Point", "coordinates": [-74.2452, 40.7918] }},
{"zip_code":"8014","country":"US","city":"Bridgeport","state":"New Jersey","state_ab":"NJ","county":"Gloucester","geo_location":{ "type": "Point", "coordinates": [-75.3478, 39.8016] }},
{"zip_code":"8027","country":"US","city":"Gibbstown","state":"New Jersey","state_ab":"NJ","county":"Gloucester","geo_location":{ "type": "Point", "coordinates": [-75.2751, 39.8231] }},
{"zip_code":"8094","country":"US","city":"Williamstown","state":"New Jersey","state_ab":"NJ","county":"Gloucester","geo_location":{ "type": "Point", "coordinates": [-74.971, 39.665] }},
{"zip_code":"7307","country":"US","city":"Jersey City","state":"New Jersey","state_ab":"NJ","county":"Hudson","geo_location":{ "type": "Point", "coordinates": [-74.0498, 40.7482] }},
{"zip_code":"8557","country":"US","city":"Sergeantsville","state":"New Jersey","state_ab":"NJ","county":"Hunterdon","geo_location":{ "type": "Point", "coordinates": [-74.9494, 40.5637] }},
{"zip_code":"8801","country":"US","city":"Annandale","state":"New Jersey","state_ab":"NJ","county":"Hunterdon","geo_location":{ "type": "Point", "coordinates": [-74.8855, 40.6287] }},
{"zip_code":"8827","country":"US","city":"Hampton","state":"New Jersey","state_ab":"NJ","county":"Hunterdon","geo_location":{ "type": "Point", "coordinates": [-74.9622, 40.6774] }},
{"zip_code":"8867","country":"US","city":"Pittstown","state":"New Jersey","state_ab":"NJ","county":"Hunterdon","geo_location":{ "type": "Point", "coordinates": [-74.9576, 40.5992] }},
{"zip_code":"8544","country":"US","city":"Princeton","state":"New Jersey","state_ab":"NJ","county":"Mercer","geo_location":{ "type": "Point", "coordinates": [-74.6528, 40.3492] }},
{"zip_code":"8607","country":"US","city":"Trenton","state":"New Jersey","state_ab":"NJ","county":"Mercer","geo_location":{ "type": "Point", "coordinates": [-74.712, 40.2805] }},
{"zip_code":"8647","country":"US","city":"Trenton","state":"New Jersey","state_ab":"NJ","county":"Mercer","geo_location":{ "type": "Point", "coordinates": [-74.712, 40.2805] }},
{"zip_code":"7064","country":"US","city":"Port Reading","state":"New Jersey","state_ab":"NJ","county":"Middlesex","geo_location":{ "type": "Point", "coordinates": [-74.2466, 40.5709] }},
{"zip_code":"7077","country":"US","city":"Sewaren","state":"New Jersey","state_ab":"NJ","county":"Middlesex","geo_location":{ "type": "Point", "coordinates": [-74.2607, 40.5542] }},
{"zip_code":"8854","country":"US","city":"Piscataway","state":"New Jersey","state_ab":"NJ","county":"Middlesex","geo_location":{ "type": "Point", "coordinates": [-74.459, 40.5515] }},
{"zip_code":"8904","country":"US","city":"Highland Park","state":"New Jersey","state_ab":"NJ","county":"Middlesex","geo_location":{ "type": "Point", "coordinates": [-74.4266, 40.4991] }},
{"zip_code":"7721","country":"US","city":"Cliffwood","state":"New Jersey","state_ab":"NJ","county":"Monmouth","geo_location":{ "type": "Point", "coordinates": [-74.2358, 40.4353] }},
{"zip_code":"7734","country":"US","city":"Keansburg","state":"New Jersey","state_ab":"NJ","county":"Monmouth","geo_location":{ "type": "Point", "coordinates": [-74.1306, 40.4414] }},
{"zip_code":"7747","country":"US","city":"Matawan","state":"New Jersey","state_ab":"NJ","county":"Monmouth","geo_location":{ "type": "Point", "coordinates": [-74.238, 40.4109] }},
{"zip_code":"7927","country":"US","city":"Cedar Knolls","state":"New Jersey","state_ab":"NJ","county":"Morris","geo_location":{ "type": "Point", "coordinates": [-74.4569, 40.8223] }},
{"zip_code":"7981","country":"US","city":"Whippany","state":"New Jersey","state_ab":"NJ","county":"Morris","geo_location":{ "type": "Point", "coordinates": [-74.42, 40.8219] }},
{"zip_code":"8724","country":"US","city":"Brick","state":"New Jersey","state_ab":"NJ","county":"Ocean","geo_location":{ "type": "Point", "coordinates": [-74.1152, 40.0874] }},
{"zip_code":"8751","country":"US","city":"Seaside Heights","state":"New Jersey","state_ab":"NJ","county":"Ocean","geo_location":{ "type": "Point", "coordinates": [-74.0765, 39.9466] }},
{"zip_code":"7011","country":"US","city":"Clifton","state":"New Jersey","state_ab":"NJ","county":"Passaic","geo_location":{ "type": "Point", "coordinates": [-74.1425, 40.8789] }},
{"zip_code":"7424","country":"US","city":"Little Falls","state":"New Jersey","state_ab":"NJ","county":"Passaic","geo_location":{ "type": "Point", "coordinates": [-74.2144, 40.8835] }},
{"zip_code":"7477","country":"US","city":"Wayne","state":"New Jersey","state_ab":"NJ","county":"Passaic","geo_location":{ "type": "Point", "coordinates": [-74.3048, 41.0114] }},
{"zip_code":"7501","country":"US","city":"Paterson","state":"New Jersey","state_ab":"NJ","county":"Passaic","geo_location":{ "type": "Point", "coordinates": [-74.1671, 40.9143] }},
{"zip_code":"7514","country":"US","city":"Paterson","state":"New Jersey","state_ab":"NJ","county":"Passaic","geo_location":{ "type": "Point", "coordinates": [-74.1467, 40.9248] }},
{"zip_code":"8001","country":"US","city":"Alloway","state":"New Jersey","state_ab":"NJ","county":"Salem","geo_location":{ "type": "Point", "coordinates": [-75.3506, 39.5591] }},
{"zip_code":"8067","country":"US","city":"Pedricktown","state":"New Jersey","state_ab":"NJ","county":"Salem","geo_location":{ "type": "Point", "coordinates": [-75.412, 39.7435] }},
{"zip_code":"8504","country":"US","city":"Blawenburg","state":"New Jersey","state_ab":"NJ","county":"Somerset","geo_location":{ "type": "Point", "coordinates": [-74.6688, 40.4254] }},
{"zip_code":"7837","country":"US","city":"Glasser","state":"New Jersey","state_ab":"NJ","county":"Sussex","geo_location":{ "type": "Point", "coordinates": [-74.679, 41.1283] }},
{"zip_code":"7851","country":"US","city":"Layton","state":"New Jersey","state_ab":"NJ","county":"Sussex","geo_location":{ "type": "Point", "coordinates": [-74.8466, 41.2299] }},
{"zip_code":"7877","country":"US","city":"Swartswood","state":"New Jersey","state_ab":"NJ","county":"Sussex","geo_location":{ "type": "Point", "coordinates": [-74.8508, 41.1029] }},
{"zip_code":"7091","country":"US","city":"Westfield","state":"New Jersey","state_ab":"NJ","county":"Union","geo_location":{ "type": "Point", "coordinates": [-74.2997, 40.6657] }},
{"zip_code":"7204","country":"US","city":"Roselle Park","state":"New Jersey","state_ab":"NJ","county":"Union","geo_location":{ "type": "Point", "coordinates": [-74.267, 40.6651] }},
{"zip_code":"7901","country":"US","city":"Summit","state":"New Jersey","state_ab":"NJ","county":"Union","geo_location":{ "type": "Point", "coordinates": [-74.3642, 40.7149] }},
{"zip_code":"87101","country":"US","city":"Albuquerque","state":"New Mexico","state_ab":"NM","county":"Bernalillo","geo_location":{ "type": "Point", "coordinates": [-106.6448, 35.1996] }},
{"zip_code":"87114","country":"US","city":"Albuquerque","state":"New Mexico","state_ab":"NM","county":"Bernalillo","geo_location":{ "type": "Point", "coordinates": [-106.6652, 35.1868] }},
{"zip_code":"87154","country":"US","city":"Albuquerque","state":"New Mexico","state_ab":"NM","county":"Bernalillo","geo_location":{ "type": "Point", "coordinates": [-106.6729, 35.0443] }},
{"zip_code":"87181","country":"US","city":"Albuquerque","state":"New Mexico","state_ab":"NM","county":"Bernalillo","geo_location":{ "type": "Point", "coordinates": [-106.6729, 35.0443] }},
{"zip_code":"87194","country":"US","city":"Albuquerque","state":"New Mexico","state_ab":"NM","county":"Bernalillo","geo_location":{ "type": "Point", "coordinates": [-106.6729, 35.0443] }},
{"zip_code":"87824","country":"US","city":"Luna","state":"New Mexico","state_ab":"NM","county":"Catron","geo_location":{ "type": "Point", "coordinates": [-108.3794, 33.891] }},
{"zip_code":"87051","country":"US","city":"San Rafael","state":"New Mexico","state_ab":"NM","county":"Cibola","geo_location":{ "type": "Point", "coordinates": [-107.877, 35.151] }},
{"zip_code":"87747","country":"US","city":"Springer","state":"New Mexico","state_ab":"NM","county":"Colfax","geo_location":{ "type": "Point", "coordinates": [-104.5927, 36.3767] }},
{"zip_code":"87941","country":"US","city":"Salem","state":"New Mexico","state_ab":"NM","county":"Doa Ana","geo_location":{ "type": "Point", "coordinates": [-107.2157, 32.7093] }},
{"zip_code":"88001","country":"US","city":"Las Cruces","state":"New Mexico","state_ab":"NM","county":"Doa Ana","geo_location":{ "type": "Point", "coordinates": [-106.7539, 32.2901] }},
{"zip_code":"88027","country":"US","city":"Chamberino","state":"New Mexico","state_ab":"NM","county":"Doa Ana","geo_location":{ "type": "Point", "coordinates": [-106.6673, 32.0174] }},
{"zip_code":"88054","country":"US","city":"Radium Springs","state":"New Mexico","state_ab":"NM","county":"Doa Ana","geo_location":{ "type": "Point", "coordinates": [-106.9146, 32.4888] }},
{"zip_code":"88221","country":"US","city":"Carlsbad","state":"New Mexico","state_ab":"NM","county":"Eddy","geo_location":{ "type": "Point", "coordinates": [-104.2937, 32.342] }},
{"zip_code":"88041","country":"US","city":"Hanover","state":"New Mexico","state_ab":"NM","county":"Grant","geo_location":{ "type": "Point", "coordinates": [-107.9545, 32.8045] }},
{"zip_code":"88324","country":"US","city":"Glencoe","state":"New Mexico","state_ab":"NM","county":"Lincoln","geo_location":{ "type": "Point", "coordinates": [-105.4391, 33.3898] }},
{"zip_code":"88351","country":"US","city":"Tinnie","state":"New Mexico","state_ab":"NM","county":"Lincoln","geo_location":{ "type": "Point", "coordinates": [-105.6294, 33.7397] }},
{"zip_code":"87321","country":"US","city":"Ramah","state":"New Mexico","state_ab":"NM","county":"McKinley","geo_location":{ "type": "Point", "coordinates": [-108.492, 35.1324] }},
{"zip_code":"87347","country":"US","city":"Jamestown","state":"New Mexico","state_ab":"NM","county":"McKinley","geo_location":{ "type": "Point", "coordinates": [-108.1767, 35.4809] }},
{"zip_code":"87734","country":"US","city":"Ocate","state":"New Mexico","state_ab":"NM","county":"Mora","geo_location":{ "type": "Point", "coordinates": [-105.066, 36.1037] }},
{"zip_code":"88081","country":"US","city":"Chaparral","state":"New Mexico","state_ab":"NM","county":"Otero County","geo_location":{ "type": "Point", "coordinates": [-106.2631, 32.2239] }},
{"zip_code":"88311","country":"US","city":"Alamogordo","state":"New Mexico","state_ab":"NM","county":"Otero","geo_location":{ "type": "Point", "coordinates": [-105.6126, 32.6955] }},
{"zip_code":"88337","country":"US","city":"La Luz","state":"New Mexico","state_ab":"NM","county":"Otero","geo_location":{ "type": "Point", "coordinates": [-105.9534, 32.9774] }},
{"zip_code":"88401","country":"US","city":"Tucumcari","state":"New Mexico","state_ab":"NM","county":"Quay","geo_location":{ "type": "Point", "coordinates": [-103.7179, 35.168] }},
{"zip_code":"88427","country":"US","city":"Mc Alister","state":"New Mexico","state_ab":"NM","county":"Quay","geo_location":{ "type": "Point", "coordinates": [-103.654, 34.7321] }},
{"zip_code":"87064","country":"US","city":"Youngsville","state":"New Mexico","state_ab":"NM","county":"Rio Arriba","geo_location":{ "type": "Point", "coordinates": [-106.589, 36.1819] }},
{"zip_code":"87527","country":"US","city":"Dixon","state":"New Mexico","state_ab":"NM","county":"Rio Arriba","geo_location":{ "type": "Point", "coordinates": [-105.8615, 36.179] }},
{"zip_code":"87554","country":"US","city":"Petaca","state":"New Mexico","state_ab":"NM","county":"Rio Arriba","geo_location":{ "type": "Point", "coordinates": [-106.5785, 36.4654] }},
{"zip_code":"87581","country":"US","city":"Vallecitos","state":"New Mexico","state_ab":"NM","county":"Rio Arriba","geo_location":{ "type": "Point", "coordinates": [-106.1448, 36.5286] }},
{"zip_code":"87024","country":"US","city":"Jemez Pueblo","state":"New Mexico","state_ab":"NM","county":"Sandoval","geo_location":{ "type": "Point", "coordinates": [-106.7219, 35.6243] }},
{"zip_code":"87037","country":"US","city":"Nageezi","state":"New Mexico","state_ab":"NM","county":"San Juan","geo_location":{ "type": "Point", "coordinates": [-107.7664, 36.1598] }},
{"zip_code":"88441","country":"US","city":"Bell Ranch","state":"New Mexico","state_ab":"NM","county":"San Miguel","geo_location":{ "type": "Point", "coordinates": [-104.6796, 35.4563] }},
{"zip_code":"87501","country":"US","city":"Santa Fe","state":"New Mexico","state_ab":"NM","county":"Santa Fe","geo_location":{ "type": "Point", "coordinates": [-105.9821, 35.6975] }},
{"zip_code":"87567","country":"US","city":"Santa Cruz","state":"New Mexico","state_ab":"NM","county":"Santa Fe","geo_location":{ "type": "Point", "coordinates": [-106.0318, 35.986] }},
{"zip_code":"87594","country":"US","city":"Santa Fe","state":"New Mexico","state_ab":"NM","county":"Santa Fe","geo_location":{ "type": "Point", "coordinates": [-105.9818, 35.5212] }},
{"zip_code":"87901","country":"US","city":"Truth Or Consequences","state":"New Mexico","state_ab":"NM","county":"Sierra","geo_location":{ "type": "Point", "coordinates": [-107.2669, 33.1606] }},
{"zip_code":"87011","country":"US","city":"Claunch","state":"New Mexico","state_ab":"NM","county":"Socorro","geo_location":{ "type": "Point", "coordinates": [-105.9496, 34.0646] }},
{"zip_code":"87514","country":"US","city":"Arroyo Seco","state":"New Mexico","state_ab":"NM","county":"Taos","geo_location":{ "type": "Point", "coordinates": [-105.534, 36.52] }},
{"zip_code":"88414","country":"US","city":"Capulin","state":"New Mexico","state_ab":"NM","county":"Union","geo_location":{ "type": "Point", "coordinates": [-103.9986, 36.7785] }},
{"zip_code":"88904","country":"US","city":"Winchester","state":"Nevada","state_ab":"NV","county":"Clark County","geo_location":{ "type": "Point", "coordinates": [-115.1363, 36.1749] }},
{"zip_code":"89004","country":"US","city":"Blue Diamond","state":"Nevada","state_ab":"NV","county":"Clark","geo_location":{ "type": "Point", "coordinates": [-115.4707, 36.0854] }},
{"zip_code":"89031","country":"US","city":"North Las Vegas","state":"Nevada","state_ab":"NV","county":"Clark","geo_location":{ "type": "Point", "coordinates": [-115.1718, 36.2589] }},
{"zip_code":"89084","country":"US","city":"North Las Vegas","state":"Nevada","state_ab":"NV","county":"Clark","geo_location":{ "type": "Point", "coordinates": [-115.1482, 36.2815] }},
{"zip_code":"89107","country":"US","city":"Las Vegas","state":"Nevada","state_ab":"NV","county":"Clark","geo_location":{ "type": "Point", "coordinates": [-115.2176, 36.1705] }},
{"zip_code":"89121","country":"US","city":"Las Vegas","state":"Nevada","state_ab":"NV","county":"Clark","geo_location":{ "type": "Point", "coordinates": [-115.0902, 36.1232] }},
{"zip_code":"89134","country":"US","city":"Las Vegas","state":"Nevada","state_ab":"NV","county":"Clark","geo_location":{ "type": "Point", "coordinates": [-115.2941, 36.2092] }},
{"zip_code":"89147","country":"US","city":"Las Vegas","state":"Nevada","state_ab":"NV","county":"Clark","geo_location":{ "type": "Point", "coordinates": [-115.2801, 36.1128] }},
{"zip_code":"89161","country":"US","city":"Las Vegas","state":"Nevada","state_ab":"NV","county":"Clark County","geo_location":{ "type": "Point", "coordinates": [-115.3639, 36.0004] }},
{"zip_code":"89831","country":"US","city":"Mountain City","state":"Nevada","state_ab":"NV","county":"Elko","geo_location":{ "type": "Point", "coordinates": [-115.5296, 41.0594] }},
{"zip_code":"89404","country":"US","city":"Denio","state":"Nevada","state_ab":"NV","county":"Humboldt","geo_location":{ "type": "Point", "coordinates": [-118.732, 41.7043] }},
{"zip_code":"89017","country":"US","city":"Hiko","state":"Nevada","state_ab":"NV","county":"Lincoln","geo_location":{ "type": "Point", "coordinates": [-115.2262, 37.5926] }},
{"zip_code":"89044","country":"US","city":"Henderson","state":"Nevada","state_ab":"NV","county":"Lincoln County","geo_location":{ "type": "Point", "coordinates": [-115.1789, 35.9025] }},
{"zip_code":"89444","country":"US","city":"Wellington","state":"Nevada","state_ab":"NV","county":"Lyon","geo_location":{ "type": "Point", "coordinates": [-119.3523, 38.8447] }},
{"zip_code":"89431","country":"US","city":"Sparks","state":"Nevada","state_ab":"NV","county":"Washoe","geo_location":{ "type": "Point", "coordinates": [-119.7556, 39.5473] }},
{"zip_code":"89507","country":"US","city":"Reno","state":"Nevada","state_ab":"NV","county":"Washoe","geo_location":{ "type": "Point", "coordinates": [-119.8164, 39.5423] }},
{"zip_code":"89521","country":"US","city":"Reno","state":"Nevada","state_ab":"NV","county":"Washoe County","geo_location":{ "type": "Point", "coordinates": [-119.6859, 39.3809] }},
{"zip_code":"89301","country":"US","city":"Ely","state":"Nevada","state_ab":"NV","county":"White Pine","geo_location":{ "type": "Point", "coordinates": [-114.878, 39.3094] }},
{"zip_code":"89314","country":"US","city":"Duckwater","state":"Nevada","state_ab":"NV","county":"White Pine","geo_location":{ "type": "Point", "coordinates": [-114.977, 39.4029] }},
{"zip_code":"89701","country":"US","city":"Carson City","state":"Nevada","state_ab":"NV","county":"Carson City (city)","geo_location":{ "type": "Point", "coordinates": [-119.7459, 39.1507] }},
{"zip_code":"89714","country":"US","city":"Carson City","state":"Nevada","state_ab":"NV","county":"Carson City (city)","geo_location":{ "type": "Point", "coordinates": [-119.7764, 39.1678] }},
{"zip_code":"12077","country":"US","city":"Glenmont","state":"New York","state_ab":"NY","county":"Albany","geo_location":{ "type": "Point", "coordinates": [-73.7959, 42.5971] }},
{"zip_code":"12204","country":"US","city":"Albany","state":"New York","state_ab":"NY","county":"Albany","geo_location":{ "type": "Point", "coordinates": [-73.7354, 42.6847] }},
{"zip_code":"12231","country":"US","city":"Albany","state":"New York","state_ab":"NY","county":"Albany","geo_location":{ "type": "Point", "coordinates": [-73.9708, 42.6149] }},
{"zip_code":"12244","country":"US","city":"Albany","state":"New York","state_ab":"NY","county":"Albany","geo_location":{ "type": "Point", "coordinates": [-73.9708, 42.6149] }},
{"zip_code":"12257","country":"US","city":"Albany","state":"New York","state_ab":"NY","county":"Albany","geo_location":{ "type": "Point", "coordinates": [-73.9708, 42.6149] }},
{"zip_code":"14714","country":"US","city":"Black Creek","state":"New York","state_ab":"NY","county":"Allegany","geo_location":{ "type": "Point", "coordinates": [-78.2312, 42.2855] }},
{"zip_code":"14727","country":"US","city":"Cuba","state":"New York","state_ab":"NY","county":"Allegany","geo_location":{ "type": "Point", "coordinates": [-78.2751, 42.1882] }},
{"zip_code":"14754","country":"US","city":"Little Genesee","state":"New York","state_ab":"NY","county":"Allegany","geo_location":{ "type": "Point", "coordinates": [-78.2097, 42.0319] }},
{"zip_code":"14804","country":"US","city":"Almond","state":"New York","state_ab":"NY","county":"Allegany","geo_location":{ "type": "Point", "coordinates": [-77.778, 42.316] }},
{"zip_code":"14884","country":"US","city":"Swain","state":"New York","state_ab":"NY","county":"Allegany","geo_location":{ "type": "Point", "coordinates": [-77.889, 42.4773] }},
{"zip_code":"14897","country":"US","city":"Whitesville","state":"New York","state_ab":"NY","county":"Allegany","geo_location":{ "type": "Point", "coordinates": [-77.8106, 42.0456] }},
{"zip_code":"10457","country":"US","city":"Bronx","state":"New York","state_ab":"NY","county":"Bronx","geo_location":{ "type": "Point", "coordinates": [-73.8999, 40.8486] }},
{"zip_code":"10471","country":"US","city":"Bronx","state":"New York","state_ab":"NY","county":"Bronx","geo_location":{ "type": "Point", "coordinates": [-73.9053, 40.9011] }},
{"zip_code":"13737","country":"US","city":"Bible School Park","state":"New York","state_ab":"NY","county":"Broome","geo_location":{ "type": "Point", "coordinates": [-76.0973, 42.0805] }},
{"zip_code":"13777","country":"US","city":"Glen Aubrey","state":"New York","state_ab":"NY","county":"Broome","geo_location":{ "type": "Point", "coordinates": [-75.9805, 42.2573] }},
{"zip_code":"13904","country":"US","city":"Binghamton","state":"New York","state_ab":"NY","county":"Broome","geo_location":{ "type": "Point", "coordinates": [-75.8653, 42.1171] }},
{"zip_code":"14741","country":"US","city":"Great Valley","state":"New York","state_ab":"NY","county":"Cattaraugus","geo_location":{ "type": "Point", "coordinates": [-78.6208, 42.2083] }},
{"zip_code":"13081","country":"US","city":"King Ferry","state":"New York","state_ab":"NY","county":"Cayuga","geo_location":{ "type": "Point", "coordinates": [-76.6216, 42.6635] }},
{"zip_code":"13117","country":"US","city":"Montezuma","state":"New York","state_ab":"NY","county":"Cayuga","geo_location":{ "type": "Point", "coordinates": [-76.7047, 43.0023] }},
{"zip_code":"14701","country":"US","city":"Jamestown","state":"New York","state_ab":"NY","county":"Chautauqua","geo_location":{ "type": "Point", "coordinates": [-79.244, 42.0928] }},
{"zip_code":"14767","country":"US","city":"Panama","state":"New York","state_ab":"NY","county":"Chautauqua","geo_location":{ "type": "Point", "coordinates": [-79.4815, 42.057] }},
{"zip_code":"14781","country":"US","city":"Sherman","state":"New York","state_ab":"NY","county":"Chautauqua","geo_location":{ "type": "Point", "coordinates": [-79.5857, 42.1631] }},
{"zip_code":"28151","country":"US","city":"Shelby","state":"North Carolina","state_ab":"NC","county":"Cleveland","geo_location":{ "type": "Point", "coordinates": [-81.5747, 35.2331] }},
{"zip_code":"28564","country":"US","city":"New Bern","state":"North Carolina","state_ab":"NC","county":"Craven","geo_location":{ "type": "Point", "coordinates": [-77.0634, 35.1109] }},
{"zip_code":"28304","country":"US","city":"Fayetteville","state":"North Carolina","state_ab":"NC","county":"Cumberland","geo_location":{ "type": "Point", "coordinates": [-78.9705, 35.0257] }},
{"zip_code":"28331","country":"US","city":"Cumberland","state":"North Carolina","state_ab":"NC","county":"Cumberland","geo_location":{ "type": "Point", "coordinates": [-78.9158, 35.1509] }},
{"zip_code":"28344","country":"US","city":"Godwin","state":"North Carolina","state_ab":"NC","county":"Cumberland","geo_location":{ "type": "Point", "coordinates": [-78.6625, 35.1969] }},
{"zip_code":"27947","country":"US","city":"Jarvisburg","state":"North Carolina","state_ab":"NC","county":"Currituck","geo_location":{ "type": "Point", "coordinates": [-75.8621, 36.1714] }}]}