{"value": [{"zip_code":"61754","country":"US","city":"Mc Lean","state":"Illinois","state_ab":"IL","county":"McLean","geo_location":{"type": "Point", "coordinates": [40.3282,-89.1645]}},
{"zip_code":"62524","country":"US","city":"Decatur","state":"Illinois","state_ab":"IL","county":"Macon","geo_location":{"type": "Point", "coordinates": [39.854,-88.9815]}},
{"zip_code":"62537","country":"US","city":"Harristown","state":"Illinois","state_ab":"IL","county":"Macon","geo_location":{"type": "Point", "coordinates": [39.8567,-89.085]}},
{"zip_code":"62551","country":"US","city":"Niantic","state":"Illinois","state_ab":"IL","county":"Macon","geo_location":{"type": "Point", "coordinates": [39.8582,-89.1701]}},
{"zip_code":"62511","country":"US","city":"Atwater","state":"Illinois","state_ab":"IL","county":"Macoupin","geo_location":{"type": "Point", "coordinates": [39.3391,-89.7357]}},
{"zip_code":"62667","country":"US","city":"Modesto","state":"Illinois","state_ab":"IL","county":"Macoupin","geo_location":{"type": "Point", "coordinates": [39.476,-89.9794]}},
{"zip_code":"62021","country":"US","city":"Dorsey","state":"Illinois","state_ab":"IL","county":"Madison","geo_location":{"type": "Point", "coordinates": [38.9832,-89.9786]}},
{"zip_code":"62034","country":"US","city":"Glen Carbon","state":"Illinois","state_ab":"IL","county":"Madison","geo_location":{"type": "Point", "coordinates": [38.7609,-89.9706]}},
{"zip_code":"62061","country":"US","city":"Marine","state":"Illinois","state_ab":"IL","county":"Madison","geo_location":{"type": "Point", "coordinates": [38.7793,-89.7786]}},
{"zip_code":"62074","country":"US","city":"New Douglas","state":"Illinois","state_ab":"IL","county":"Madison","geo_location":{"type": "Point", "coordinates": [38.9676,-89.7392]}},
{"zip_code":"62087","country":"US","city":"South Roxana","state":"Illinois","state_ab":"IL","county":"Madison","geo_location":{"type": "Point", "coordinates": [38.8225,-90.0583]}},
{"zip_code":"62281","country":"US","city":"Saint Jacob","state":"Illinois","state_ab":"IL","county":"Madison","geo_location":{"type": "Point", "coordinates": [38.7059,-89.7925]}},
{"zip_code":"62294","country":"US","city":"Troy","state":"Illinois","state_ab":"IL","county":"Madison","geo_location":{"type": "Point", "coordinates": [38.7243,-89.8708]}},
{"zip_code":"62807","country":"US","city":"Alma","state":"Illinois","state_ab":"IL","county":"Marion","geo_location":{"type": "Point", "coordinates": [38.7231,-88.9157]}},
{"zip_code":"62601","country":"US","city":"Alexander","state":"Illinois","state_ab":"IL","county":"Morgan","geo_location":{"type": "Point", "coordinates": [39.7517,-90.0458]}},
{"zip_code":"61084","country":"US","city":"Stillman Valley","state":"Illinois","state_ab":"IL","county":"Ogle","geo_location":{"type": "Point", "coordinates": [42.1183,-89.1898]}},
{"zip_code":"61547","country":"US","city":"Mapleton","state":"Illinois","state_ab":"IL","county":"Peoria","geo_location":{"type": "Point", "coordinates": [40.6117,-89.7184]}},
{"zip_code":"61637","country":"US","city":"Peoria","state":"Illinois","state_ab":"IL","county":"Peoria","geo_location":{"type": "Point", "coordinates": [40.7025,-89.5898]}},
{"zip_code":"61651","country":"US","city":"Peoria","state":"Illinois","state_ab":"IL","county":"Peoria","geo_location":{"type": "Point", "coordinates": [40.7442,-89.7184]}},
{"zip_code":"61884","country":"US","city":"White Heath","state":"Illinois","state_ab":"IL","county":"Piatt","geo_location":{"type": "Point", "coordinates": [40.1009,-88.5193]}},
{"zip_code":"62357","country":"US","city":"New Salem","state":"Illinois","state_ab":"IL","county":"Pike","geo_location":{"type": "Point", "coordinates": [39.6996,-90.844]}},
{"zip_code":"62964","country":"US","city":"Mounds","state":"Illinois","state_ab":"IL","county":"Pulaski","geo_location":{"type": "Point", "coordinates": [37.1188,-89.2001]}},
{"zip_code":"61327","country":"US","city":"Hennepin","state":"Illinois","state_ab":"IL","county":"Putnam","geo_location":{"type": "Point", "coordinates": [41.2352,-89.3218]}},
{"zip_code":"62241","country":"US","city":"Ellis Grove","state":"Illinois","state_ab":"IL","county":"Randolph","geo_location":{"type": "Point", "coordinates": [38.0054,-89.9008]}},
{"zip_code":"62421","country":"US","city":"Claremont","state":"Illinois","state_ab":"IL","county":"Richland","geo_location":{"type": "Point", "coordinates": [38.7429,-87.9727]}},
{"zip_code":"61237","country":"US","city":"Buffalo Prairie","state":"Illinois","state_ab":"IL","county":"Rock Island","geo_location":{"type": "Point", "coordinates": [41.3368,-90.8522]}},
{"zip_code":"61264","country":"US","city":"Milan","state":"Illinois","state_ab":"IL","county":"Rock Island","geo_location":{"type": "Point", "coordinates": [41.4262,-90.5739]}},
{"zip_code":"62201","country":"US","city":"East Saint Louis","state":"Illinois","state_ab":"IL","county":"St. Clair","geo_location":{"type": "Point", "coordinates": [38.6427,-90.1387]}},
{"zip_code":"62254","country":"US","city":"Lebanon","state":"Illinois","state_ab":"IL","county":"St. Clair","geo_location":{"type": "Point", "coordinates": [38.6053,-89.7992]}},
{"zip_code":"62977","country":"US","city":"Raleigh","state":"Illinois","state_ab":"IL","county":"Saline","geo_location":{"type": "Point", "coordinates": [37.8256,-88.5324]}},
{"zip_code":"62704","country":"US","city":"Springfield","state":"Illinois","state_ab":"IL","county":"Sangamon","geo_location":{"type": "Point", "coordinates": [39.7725,-89.6889]}},
{"zip_code":"62757","country":"US","city":"Springfield","state":"Illinois","state_ab":"IL","county":"Sangamon","geo_location":{"type": "Point", "coordinates": [39.7495,-89.606]}},
{"zip_code":"62344","country":"US","city":"Huntsville","state":"Illinois","state_ab":"IL","county":"Schuyler","geo_location":{"type": "Point", "coordinates": [40.1544,-90.8531]}},
{"zip_code":"62681","country":"US","city":"Rushville","state":"Illinois","state_ab":"IL","county":"Schuyler","geo_location":{"type": "Point", "coordinates": [40.1133,-90.5432]}},
{"zip_code":"62694","country":"US","city":"Winchester","state":"Illinois","state_ab":"IL","county":"Scott","geo_location":{"type": "Point", "coordinates": [39.6266,-90.4664]}},
{"zip_code":"61044","country":"US","city":"Kent","state":"Illinois","state_ab":"IL","county":"Stephenson","geo_location":{"type": "Point", "coordinates": [42.3155,-89.9195]}},
{"zip_code":"61534","country":"US","city":"Green Valley","state":"Illinois","state_ab":"IL","county":"Tazewell","geo_location":{"type": "Point", "coordinates": [40.4198,-89.6549]}},
{"zip_code":"61611","country":"US","city":"East Peoria","state":"Illinois","state_ab":"IL","county":"Tazewell","geo_location":{"type": "Point", "coordinates": [40.6731,-89.5514]}},
{"zip_code":"61817","country":"US","city":"Catlin","state":"Illinois","state_ab":"IL","county":"Vermilion","geo_location":{"type": "Point", "coordinates": [40.0699,-87.7113]}},
{"zip_code":"61831","country":"US","city":"Collison","state":"Illinois","state_ab":"IL","county":"Vermilion","geo_location":{"type": "Point", "coordinates": [40.2207,-87.7987]}},
{"zip_code":"61844","country":"US","city":"Fithian","state":"Illinois","state_ab":"IL","county":"Vermilion","geo_location":{"type": "Point", "coordinates": [40.1192,-87.8797]}},
{"zip_code":"61857","country":"US","city":"Muncie","state":"Illinois","state_ab":"IL","county":"Vermilion","geo_location":{"type": "Point", "coordinates": [40.1165,-87.8447]}},
{"zip_code":"61417","country":"US","city":"Berwick","state":"Illinois","state_ab":"IL","county":"Warren","geo_location":{"type": "Point", "coordinates": [40.7799,-90.5059]}},
{"zip_code":"62214","country":"US","city":"Addieville","state":"Illinois","state_ab":"IL","county":"Washington","geo_location":{"type": "Point", "coordinates": [38.3815,-89.5794]}},
{"zip_code":"62821","country":"US","city":"Carmi","state":"Illinois","state_ab":"IL","county":"White","geo_location":{"type": "Point", "coordinates": [38.0808,-88.167]}},
{"zip_code":"62834","country":"US","city":"Emma","state":"Illinois","state_ab":"IL","county":"White","geo_location":{"type": "Point", "coordinates": [37.9762,-88.1202]}},
{"zip_code":"62861","country":"US","city":"Maunie","state":"Illinois","state_ab":"IL","county":"White","geo_location":{"type": "Point", "coordinates": [38.0364,-88.0759]}},
{"zip_code":"62887","country":"US","city":"Springerton","state":"Illinois","state_ab":"IL","county":"White","geo_location":{"type": "Point", "coordinates": [38.1699,-88.3726]}},
{"zip_code":"61017","country":"US","city":"Coleta","state":"Illinois","state_ab":"IL","county":"Whiteside","geo_location":{"type": "Point", "coordinates": [41.903,-89.8043]}},
{"zip_code":"61071","country":"US","city":"Rock Falls","state":"Illinois","state_ab":"IL","county":"Whiteside","geo_location":{"type": "Point", "coordinates": [41.7665,-89.6925]}},
{"zip_code":"61251","country":"US","city":"Fenton","state":"Illinois","state_ab":"IL","county":"Whiteside","geo_location":{"type": "Point", "coordinates": [41.7285,-90.0457]}},
{"zip_code":"61277","country":"US","city":"Prophetstown","state":"Illinois","state_ab":"IL","county":"Whiteside","geo_location":{"type": "Point", "coordinates": [41.6312,-89.9467]}},
{"zip_code":"60401","country":"US","city":"Beecher","state":"Illinois","state_ab":"IL","county":"Will","geo_location":{"type": "Point", "coordinates": [41.3444,-87.6115]}},
{"zip_code":"60441","country":"US","city":"Lockport","state":"Illinois","state_ab":"IL","county":"Will","geo_location":{"type": "Point", "coordinates": [41.593,-88.0507]}},
{"zip_code":"60481","country":"US","city":"Wilmington","state":"Illinois","state_ab":"IL","county":"Will","geo_location":{"type": "Point", "coordinates": [41.284,-88.1231]}},
{"zip_code":"60544","country":"US","city":"Plainfield","state":"Illinois","state_ab":"IL","county":"Will","geo_location":{"type": "Point", "coordinates": [41.6009,-88.1994]}},
{"zip_code":"62951","country":"US","city":"Johnston City","state":"Illinois","state_ab":"IL","county":"Williamson","geo_location":{"type": "Point", "coordinates": [37.8245,-88.9209]}},
{"zip_code":"61107","country":"US","city":"Rockford","state":"Illinois","state_ab":"IL","county":"Winnebago","geo_location":{"type": "Point", "coordinates": [42.2786,-89.0361]}},
{"zip_code":"61561","country":"US","city":"Roanoke","state":"Illinois","state_ab":"IL","county":"Woodford","geo_location":{"type": "Point", "coordinates": [40.7956,-89.2093]}},
{"zip_code":"46711","country":"US","city":"Berne","state":"Indiana","state_ab":"IN","county":"Adams","geo_location":{"type": "Point", "coordinates": [40.6716,-84.9343]}},
{"zip_code":"46801","country":"US","city":"Fort Wayne","state":"Indiana","state_ab":"IN","county":"Allen","geo_location":{"type": "Point", "coordinates": [41.0938,-85.0707]}},
{"zip_code":"46814","country":"US","city":"Fort Wayne","state":"Indiana","state_ab":"IN","county":"Allen","geo_location":{"type": "Point", "coordinates": [41.0456,-85.3058]}},
{"zip_code":"46854","country":"US","city":"Fort Wayne","state":"Indiana","state_ab":"IN","county":"Allen","geo_location":{"type": "Point", "coordinates": [41.0938,-85.0707]}},
{"zip_code":"46867","country":"US","city":"Fort Wayne","state":"Indiana","state_ab":"IN","county":"Allen","geo_location":{"type": "Point", "coordinates": [41.0938,-85.0707]}},
{"zip_code":"47921","country":"US","city":"Boswell","state":"Indiana","state_ab":"IN","county":"Benton","geo_location":{"type": "Point", "coordinates": [40.518,-87.3789]}},
{"zip_code":"46917","country":"US","city":"Camden","state":"Indiana","state_ab":"IN","county":"Carroll","geo_location":{"type": "Point", "coordinates": [40.5996,-86.5152]}},
{"zip_code":"46944","country":"US","city":"Landess","state":"Indiana","state_ab":"IN","county":"Cass County","geo_location":{"type": "Point", "coordinates": [40.6108,-85.5611]}},
{"zip_code":"47134","country":"US","city":"Jeffersonville","state":"Indiana","state_ab":"IN","county":"Clark","geo_location":{"type": "Point", "coordinates": [38.2868,-85.7321]}},
{"zip_code":"47147","country":"US","city":"Nabb","state":"Indiana","state_ab":"IN","county":"Clark","geo_location":{"type": "Point", "coordinates": [38.6128,-85.5217]}},
{"zip_code":"47857","country":"US","city":"Knightsville","state":"Indiana","state_ab":"IN","county":"Clay","geo_location":{"type": "Point", "coordinates": [39.5269,-87.0869]}},
{"zip_code":"46041","country":"US","city":"Frankfort","state":"Indiana","state_ab":"IN","county":"Clinton","geo_location":{"type": "Point", "coordinates": [40.3044,-86.4689]}},
{"zip_code":"46067","country":"US","city":"Sedalia","state":"Indiana","state_ab":"IN","county":"Clinton","geo_location":{"type": "Point", "coordinates": [40.3045,-86.469]}},
{"zip_code":"47174","country":"US","city":"Sulphur","state":"Indiana","state_ab":"IN","county":"Crawford","geo_location":{"type": "Point", "coordinates": [38.2259,-86.4908]}},
{"zip_code":"47367","country":"US","city":"Oakville","state":"Indiana","state_ab":"IN","county":"Delaware","geo_location":{"type": "Point", "coordinates": [40.0792,-85.39]}},
{"zip_code":"47521","country":"US","city":"Celestine","state":"Indiana","state_ab":"IN","county":"Dubois","geo_location":{"type": "Point", "coordinates": [38.3878,-86.7568]}},
{"zip_code":"47547","country":"US","city":"Jasper","state":"Indiana","state_ab":"IN","county":"Dubois","geo_location":{"type": "Point", "coordinates": [38.3647,-86.8762]}},
{"zip_code":"46517","country":"US","city":"Elkhart","state":"Indiana","state_ab":"IN","county":"Elkhart","geo_location":{"type": "Point", "coordinates": [41.6469,-85.9728]}},
{"zip_code":"47987","country":"US","city":"Veedersburg","state":"Indiana","state_ab":"IN","county":"Fountain","geo_location":{"type": "Point", "coordinates": [40.1186,-87.2602]}},
{"zip_code":"46931","country":"US","city":"Fulton","state":"Indiana","state_ab":"IN","county":"Fulton","geo_location":{"type": "Point", "coordinates": [40.9484,-86.2658]}},
{"zip_code":"46957","country":"US","city":"Matthews","state":"Indiana","state_ab":"IN","county":"Grant","geo_location":{"type": "Point", "coordinates": [40.3898,-85.4766]}},
{"zip_code":"47457","country":"US","city":"Scotland","state":"Indiana","state_ab":"IN","county":"Greene","geo_location":{"type": "Point", "coordinates": [39.0371,-86.9616]}},
{"zip_code":"47471","country":"US","city":"Worthington","state":"Indiana","state_ab":"IN","county":"Greene","geo_location":{"type": "Point", "coordinates": [39.123,-86.9991]}},
{"zip_code":"46117","country":"US","city":"Charlottesville","state":"Indiana","state_ab":"IN","county":"Hancock","geo_location":{"type": "Point", "coordinates": [39.8388,-85.6258]}},
{"zip_code":"47107","country":"US","city":"Bradford","state":"Indiana","state_ab":"IN","county":"Harrison","geo_location":{"type": "Point", "coordinates": [38.1903,-86.1153]}},
{"zip_code":"47161","country":"US","city":"New Salisbury","state":"Indiana","state_ab":"IN","county":"Harrison","geo_location":{"type": "Point", "coordinates": [38.3399,-86.0887]}},
{"zip_code":"46904","country":"US","city":"Kokomo","state":"Indiana","state_ab":"IN","county":"Howard","geo_location":{"type": "Point", "coordinates": [40.4696,-86.1189]}},
{"zip_code":"47264","country":"US","city":"Norman","state":"Indiana","state_ab":"IN","county":"Jackson","geo_location":{"type": "Point", "coordinates": [38.93,-86.2079]}},
{"zip_code":"47381","country":"US","city":"Salamonia","state":"Indiana","state_ab":"IN","county":"Jay","geo_location":{"type": "Point", "coordinates": [40.3818,-84.8669]}},
{"zip_code":"47224","country":"US","city":"Canaan","state":"Indiana","state_ab":"IN","county":"Jefferson","geo_location":{"type": "Point", "coordinates": [38.887,-85.2213]}},
{"zip_code":"46131","country":"US","city":"Franklin","state":"Indiana","state_ab":"IN","county":"Johnson","geo_location":{"type": "Point", "coordinates": [39.4854,-86.0608]}},
{"zip_code":"46184","country":"US","city":"Whiteland","state":"Indiana","state_ab":"IN","county":"Johnson","geo_location":{"type": "Point", "coordinates": [39.5611,-86.0723]}},
{"zip_code":"47561","country":"US","city":"Oaktown","state":"Indiana","state_ab":"IN","county":"Knox","geo_location":{"type": "Point", "coordinates": [38.8579,-87.3879]}},
{"zip_code":"47587","country":"US","city":"Tobinsport","state":"Indiana","state_ab":"IN","county":"Knox County","geo_location":{"type": "Point", "coordinates": [37.8747,-86.6341]}},
{"zip_code":"46571","country":"US","city":"Topeka","state":"Indiana","state_ab":"IN","county":"LaGrange","geo_location":{"type": "Point", "coordinates": [41.5634,-85.5317]}},
{"zip_code":"46311","country":"US","city":"Dyer","state":"Indiana","state_ab":"IN","county":"Lake","geo_location":{"type": "Point", "coordinates": [41.492,-87.5108]}},
{"zip_code":"46324","country":"US","city":"Hammond","state":"Indiana","state_ab":"IN","county":"Lake","geo_location":{"type": "Point", "coordinates": [41.584,-87.5034]}},
{"zip_code":"46377","country":"US","city":"Shelby","state":"Indiana","state_ab":"IN","county":"Lake","geo_location":{"type": "Point", "coordinates": [41.1917,-87.3398]}},
{"zip_code":"46401","country":"US","city":"Gary","state":"Indiana","state_ab":"IN","county":"Lake","geo_location":{"type": "Point", "coordinates": [41.5907,-87.3199]}},
{"zip_code":"46391","country":"US","city":"Westville","state":"Indiana","state_ab":"IN","county":"LaPorte","geo_location":{"type": "Point", "coordinates": [41.5365,-86.9013]}},
{"zip_code":"46001","country":"US","city":"Alexandria","state":"Indiana","state_ab":"IN","county":"Madison","geo_location":{"type": "Point", "coordinates": [40.2561,-85.6681]}},
{"zip_code":"46014","country":"US","city":"Anderson","state":"Indiana","state_ab":"IN","county":"Madison","geo_location":{"type": "Point", "coordinates": [40.1617,-85.7197]}},
{"zip_code":"46207","country":"US","city":"Indianapolis","state":"Indiana","state_ab":"IN","county":"Marion","geo_location":{"type": "Point", "coordinates": [39.7673,-86.1606]}},
{"zip_code":"46221","country":"US","city":"Indianapolis","state":"Indiana","state_ab":"IN","county":"Marion","geo_location":{"type": "Point", "coordinates": [39.7509,-86.1924]}},
{"zip_code":"46234","country":"US","city":"Indianapolis","state":"Indiana","state_ab":"IN","county":"Marion","geo_location":{"type": "Point", "coordinates": [39.8088,-86.3163]}},
{"zip_code":"46247","country":"US","city":"Indianapolis","state":"Indiana","state_ab":"IN","county":"Marion","geo_location":{"type": "Point", "coordinates": [39.7795,-86.1328]}},
{"zip_code":"46274","country":"US","city":"Indianapolis","state":"Indiana","state_ab":"IN","county":"Marion","geo_location":{"type": "Point", "coordinates": [39.7795,-86.1328]}},
{"zip_code":"46504","country":"US","city":"Bourbon","state":"Indiana","state_ab":"IN","county":"Marshall","geo_location":{"type": "Point", "coordinates": [41.3098,-86.1174]}},
{"zip_code":"46971","country":"US","city":"Grissom Arb","state":"Indiana","state_ab":"IN","county":"Miami","geo_location":{"type": "Point", "coordinates": [40.6683,-86.1378]}},
{"zip_code":"47404","country":"US","city":"Bloomington","state":"Indiana","state_ab":"IN","county":"Monroe","geo_location":{"type": "Point", "coordinates": [39.195,-86.5757]}},
{"zip_code":"47934","country":"US","city":"Crawfordsville","state":"Indiana","state_ab":"IN","county":"Montgomery","geo_location":{"type": "Point", "coordinates": [40.04,-86.8936]}},
{"zip_code":"46157","country":"US","city":"Monrovia","state":"Indiana","state_ab":"IN","county":"Morgan","geo_location":{"type": "Point", "coordinates": [39.5714,-86.4894]}},
{"zip_code":"47431","country":"US","city":"Freedom","state":"Indiana","state_ab":"IN","county":"Owen","geo_location":{"type": "Point", "coordinates": [39.2151,-86.85]}},
{"zip_code":"47574","country":"US","city":"Rome","state":"Indiana","state_ab":"IN","county":"Perry","geo_location":{"type": "Point", "coordinates": [37.9372,-86.534]}},
{"zip_code":"46171","country":"US","city":"Reelsville","state":"Indiana","state_ab":"IN","county":"Putnam","geo_location":{"type": "Point", "coordinates": [39.5464,-86.95]}},
{"zip_code":"47354","country":"US","city":"Losantville","state":"Indiana","state_ab":"IN","county":"Randolph","geo_location":{"type": "Point", "coordinates": [40.0475,-85.2108]}},
{"zip_code":"47394","country":"US","city":"Winchester","state":"Indiana","state_ab":"IN","county":"Randolph","geo_location":{"type": "Point", "coordinates": [40.1696,-85.0044]}},
{"zip_code":"47017","country":"US","city":"Cross Plains","state":"Indiana","state_ab":"IN","county":"Ripley","geo_location":{"type": "Point", "coordinates": [38.949,-85.2122]}},
{"zip_code":"47031","country":"US","city":"Milan","state":"Indiana","state_ab":"IN","county":"Ripley","geo_location":{"type": "Point", "coordinates": [39.1503,-85.1324]}},
{"zip_code":"46104","country":"US","city":"Arlington","state":"Indiana","state_ab":"IN","county":"Rush","geo_location":{"type": "Point", "coordinates": [39.6488,-85.5828]}},
{"zip_code":"46544","country":"US","city":"Mishawaka","state":"Indiana","state_ab":"IN","county":"St. Joseph","geo_location":{"type": "Point", "coordinates": [41.6507,-86.1623]}},
{"zip_code":"46634","country":"US","city":"South Bend","state":"Indiana","state_ab":"IN","county":"St. Joseph","geo_location":{"type": "Point", "coordinates": [41.5968,-86.293]}},
{"zip_code":"46144","country":"US","city":"Gwynneville","state":"Indiana","state_ab":"IN","county":"Shelby","geo_location":{"type": "Point", "coordinates": [39.6617,-85.6476]}},
{"zip_code":"47611","country":"US","city":"Chrisney","state":"Indiana","state_ab":"IN","county":"Spencer","geo_location":{"type": "Point", "coordinates": [38.006,-87.0704]}},
{"zip_code":"46531","country":"US","city":"Grovertown","state":"Indiana","state_ab":"IN","county":"Starke","geo_location":{"type": "Point", "coordinates": [41.3496,-86.5243]}},
{"zip_code":"46737","country":"US","city":"Fremont","state":"Indiana","state_ab":"IN","county":"Steuben","geo_location":{"type": "Point", "coordinates": [41.7331,-84.9452]}},
{"zip_code":"47907","country":"US","city":"West Lafayette","state":"Indiana","state_ab":"IN","county":"Tippecanoe","geo_location":{"type": "Point", "coordinates": [40.4249,-86.9162]}},
{"zip_code":"47701","country":"US","city":"Evansville","state":"Indiana","state_ab":"IN","county":"Vanderburgh","geo_location":{"type": "Point", "coordinates": [37.9971,-87.575]}},
{"zip_code":"47714","country":"US","city":"Evansville","state":"Indiana","state_ab":"IN","county":"Vanderburgh","geo_location":{"type": "Point", "coordinates": [37.9591,-87.5293]}},
{"zip_code":"47727","country":"US","city":"Evansville","state":"Indiana","state_ab":"IN","county":"Vanderburgh","geo_location":{"type": "Point", "coordinates": [38.0319,-87.5389]}},
{"zip_code":"47741","country":"US","city":"Evansville","state":"Indiana","state_ab":"IN","county":"Vanderburgh","geo_location":{"type": "Point", "coordinates": [37.9971,-87.575]}},
{"zip_code":"47831","country":"US","city":"Blanford","state":"Indiana","state_ab":"IN","county":"Vermillion","geo_location":{"type": "Point", "coordinates": [39.8778,-87.4436]}},
{"zip_code":"47884","country":"US","city":"Universal","state":"Indiana","state_ab":"IN","county":"Vermillion","geo_location":{"type": "Point", "coordinates": [39.6221,-87.4548]}},
{"zip_code":"47974","country":"US","city":"Perrysville","state":"Indiana","state_ab":"IN","county":"Vermillion","geo_location":{"type": "Point", "coordinates": [40.0737,-87.4648]}},
{"zip_code":"47804","country":"US","city":"Terre Haute","state":"Indiana","state_ab":"IN","county":"Vigo","geo_location":{"type": "Point", "coordinates": [39.4937,-87.3945]}},
{"zip_code":"47871","country":"US","city":"Riley","state":"Indiana","state_ab":"IN","county":"Vigo","geo_location":{"type": "Point", "coordinates": [39.3886,-87.3014]}},
{"zip_code":"46984","country":"US","city":"Somerset","state":"Indiana","state_ab":"IN","county":"Wabash","geo_location":{"type": "Point", "coordinates": [40.6714,-85.8288]}},
{"zip_code":"47637","country":"US","city":"Tennyson","state":"Indiana","state_ab":"IN","county":"Warrick","geo_location":{"type": "Point", "coordinates": [38.1232,-87.1388]}},
{"zip_code":"47327","country":"US","city":"Cambridge City","state":"Indiana","state_ab":"IN","county":"Wayne","geo_location":{"type": "Point", "coordinates": [39.8182,-85.1685]}},
{"zip_code":"47341","country":"US","city":"Fountain City","state":"Indiana","state_ab":"IN","county":"Wayne","geo_location":{"type": "Point", "coordinates": [39.9634,-84.909]}},
{"zip_code":"46777","country":"US","city":"Ossian","state":"Indiana","state_ab":"IN","county":"Wells","geo_location":{"type": "Point", "coordinates": [40.8806,-85.157]}},
{"zip_code":"46791","country":"US","city":"Uniondale","state":"Indiana","state_ab":"IN","county":"Wells","geo_location":{"type": "Point", "coordinates": [40.8369,-85.2403]}},
{"zip_code":"46764","country":"US","city":"Larwill","state":"Indiana","state_ab":"IN","county":"Whitley","geo_location":{"type": "Point", "coordinates": [41.1646,-85.6139]}},
{"zip_code":"67567","country":"US","city":"Pawnee Rock","state":"Kansas","state_ab":"KS","county":"Barton","geo_location":{"type": "Point", "coordinates": [38.2782,-98.9814]}},
{"zip_code":"66434","country":"US","city":"Hiawatha","state":"Kansas","state_ab":"KS","county":"Brown","geo_location":{"type": "Point", "coordinates": [39.7914,-95.6004]}},
{"zip_code":"67154","country":"US","city":"Whitewater","state":"Kansas","state_ab":"KS","county":"Butler","geo_location":{"type": "Point", "coordinates": [37.9612,-97.1308]}},
{"zip_code":"67024","country":"US","city":"Cedar Vale","state":"Kansas","state_ab":"KS","county":"Chautauqua","geo_location":{"type": "Point", "coordinates": [37.1265,-96.4701]}},
{"zip_code":"67334","country":"US","city":"Chautauqua","state":"Kansas","state_ab":"KS","county":"Chautauqua","geo_location":{"type": "Point", "coordinates": [37.0262,-96.1783]}},
{"zip_code":"67361","country":"US","city":"Sedan","state":"Kansas","state_ab":"KS","county":"Chautauqua","geo_location":{"type": "Point", "coordinates": [37.1297,-96.1732]}},
{"zip_code":"67127","country":"US","city":"Protection","state":"Kansas","state_ab":"KS","county":"Comanche","geo_location":{"type": "Point", "coordinates": [37.1968,-99.4816]}},
{"zip_code":"67451","country":"US","city":"Hope","state":"Kansas","state_ab":"KS","county":"Dickinson","geo_location":{"type": "Point", "coordinates": [38.6776,-97.1061]}},
{"zip_code":"66087","country":"US","city":"Troy","state":"Kansas","state_ab":"KS","county":"Doniphan","geo_location":{"type": "Point", "coordinates": [39.7906,-95.1434]}},
{"zip_code":"66047","country":"US","city":"Lawrence","state":"Kansas","state_ab":"KS","county":"Douglas","geo_location":{"type": "Point", "coordinates": [38.9407,-95.2779]}},
{"zip_code":"67671","country":"US","city":"Victoria","state":"Kansas","state_ab":"KS","county":"Ellis","geo_location":{"type": "Point", "coordinates": [38.8589,-99.1391]}},
{"zip_code":"67851","country":"US","city":"Holcomb","state":"Kansas","state_ab":"KS","county":"Finney","geo_location":{"type": "Point", "coordinates": [37.9931,-100.9893]}},
{"zip_code":"67837","country":"US","city":"Copeland","state":"Kansas","state_ab":"KS","county":"Gray","geo_location":{"type": "Point", "coordinates": [37.568,-100.6148]}},
{"zip_code":"67114","country":"US","city":"Newton","state":"Kansas","state_ab":"KS","county":"Harvey","geo_location":{"type": "Point", "coordinates": [38.0451,-97.3435]}},
{"zip_code":"67877","country":"US","city":"Sublette","state":"Kansas","state_ab":"KS","county":"Haskell","geo_location":{"type": "Point", "coordinates": [37.5221,-100.8208]}},
{"zip_code":"66021","country":"US","city":"Edgerton","state":"Kansas","state_ab":"KS","county":"Johnson","geo_location":{"type": "Point", "coordinates": [38.7811,-95.0094]}},
{"zip_code":"66061","country":"US","city":"Olathe","state":"Kansas","state_ab":"KS","county":"Johnson","geo_location":{"type": "Point", "coordinates": [38.8865,-94.8204]}},
{"zip_code":"66201","country":"US","city":"Shawnee Mission","state":"Kansas","state_ab":"KS","county":"Johnson","geo_location":{"type": "Point", "coordinates": [39.0078,-94.6795]}},
{"zip_code":"66214","country":"US","city":"Shawnee Mission","state":"Kansas","state_ab":"KS","county":"Johnson","geo_location":{"type": "Point", "coordinates": [38.9649,-94.7209]}},
{"zip_code":"33737","country":"US","city":"Saint Petersburg","state":"Florida","state_ab":"FL","county":"Pinellas","geo_location":{"type": "Point", "coordinates": [27.8918,-82.7248]}},
{"zip_code":"33764","country":"US","city":"Clearwater","state":"Florida","state_ab":"FL","county":"Pinellas","geo_location":{"type": "Point", "coordinates": [27.916,-82.7343]}},
{"zip_code":"33777","country":"US","city":"Largo","state":"Florida","state_ab":"FL","county":"Pinellas","geo_location":{"type": "Point", "coordinates": [27.8546,-82.7545]}},
{"zip_code":"34624","country":"US","city":"Clearwater","state":"Florida","state_ab":"FL","county":"Pinellas County","geo_location":{"type": "Point", "coordinates": [27.9375,-82.744]}},
{"zip_code":"34664","country":"US","city":"Pinellas Park","state":"Florida","state_ab":"FL","county":"Pinellas County","geo_location":{"type": "Point", "coordinates": [27.8425,-82.7054]}},
{"zip_code":"34677","country":"US","city":"Oldsmar","state":"Florida","state_ab":"FL","county":"Pinellas","geo_location":{"type": "Point", "coordinates": [28.046,-82.6848]}},
{"zip_code":"33801","country":"US","city":"Lakeland","state":"Florida","state_ab":"FL","county":"Polk","geo_location":{"type": "Point", "coordinates": [28.0381,-81.9392]}},
{"zip_code":"33827","country":"US","city":"Babson Park","state":"Florida","state_ab":"FL","county":"Polk","geo_location":{"type": "Point", "coordinates": [27.8163,-81.5139]}},
{"zip_code":"33841","country":"US","city":"Fort Meade","state":"Florida","state_ab":"FL","county":"Polk","geo_location":{"type": "Point", "coordinates": [27.7464,-81.7823]}},
{"zip_code":"33854","country":"US","city":"Fedhaven","state":"Florida","state_ab":"FL","county":"Polk","geo_location":{"type": "Point", "coordinates": [28.0026,-81.6186]}},
{"zip_code":"33867","country":"US","city":"River Ranch","state":"Florida","state_ab":"FL","county":"Polk","geo_location":{"type": "Point", "coordinates": [27.7686,-81.1966]}},
{"zip_code":"33881","country":"US","city":"Winter Haven","state":"Florida","state_ab":"FL","county":"Polk","geo_location":{"type": "Point", "coordinates": [28.0452,-81.7325]}},
{"zip_code":"34714","country":"US","city":"Clermont","state":"Florida","state_ab":"FL","county":"Polk County","geo_location":{"type": "Point", "coordinates": [28.4113,-81.7812]}},
{"zip_code":"32181","country":"US","city":"Pomona Park","state":"Florida","state_ab":"FL","county":"Putnam","geo_location":{"type": "Point", "coordinates": [29.5021,-81.6307]}},
{"zip_code":"34947","country":"US","city":"Fort Pierce","state":"Florida","state_ab":"FL","county":"St. Lucie","geo_location":{"type": "Point", "coordinates": [27.4493,-80.3592]}},
{"zip_code":"34987","country":"US","city":"Port Saint Lucie","state":"Florida","state_ab":"FL","county":"St. Lucie","geo_location":{"type": "Point", "coordinates": [27.2606,-80.4771]}},
{"zip_code":"34224","country":"US","city":"Englewood","state":"Florida","state_ab":"FL","county":"Sarasota","geo_location":{"type": "Point", "coordinates": [26.92,-82.3048]}},
{"zip_code":"34237","country":"US","city":"Sarasota","state":"Florida","state_ab":"FL","county":"Sarasota","geo_location":{"type": "Point", "coordinates": [27.3369,-82.5128]}},
{"zip_code":"34277","country":"US","city":"Sarasota","state":"Florida","state_ab":"FL","county":"Sarasota","geo_location":{"type": "Point", "coordinates": [27.1675,-82.381]}},
{"zip_code":"34291","country":"US","city":"North Port","state":"Florida","state_ab":"FL","county":"Sarasota County","geo_location":{"type": "Point", "coordinates": [27.0997,-82.2095]}},
{"zip_code":"32707","country":"US","city":"Casselberry","state":"Florida","state_ab":"FL","county":"Seminole","geo_location":{"type": "Point", "coordinates": [28.6617,-81.3122]}},
{"zip_code":"32747","country":"US","city":"Lake Monroe","state":"Florida","state_ab":"FL","county":"Seminole","geo_location":{"type": "Point", "coordinates": [28.8272,-81.3329]}},
{"zip_code":"33597","country":"US","city":"Webster","state":"Florida","state_ab":"FL","county":"Sumter","geo_location":{"type": "Point", "coordinates": [28.549,-82.0805]}},
{"zip_code":"34484","country":"US","city":"Oxford","state":"Florida","state_ab":"FL","county":"Sumter","geo_location":{"type": "Point", "coordinates": [28.9059,-82.0612]}},
{"zip_code":"32064","country":"US","city":"Live Oak","state":"Florida","state_ab":"FL","county":"Suwannee","geo_location":{"type": "Point", "coordinates": [30.2956,-82.9844]}},
{"zip_code":"32347","country":"US","city":"Perry","state":"Florida","state_ab":"FL","county":"Taylor","geo_location":{"type": "Point", "coordinates": [30.1668,-83.616]}},
{"zip_code":"32697","country":"US","city":"Worthington Springs","state":"Florida","state_ab":"FL","county":"Union","geo_location":{"type": "Point", "coordinates": [29.9315,-82.4255]}},
{"zip_code":"32114","country":"US","city":"Daytona Beach","state":"Florida","state_ab":"FL","county":"Volusia","geo_location":{"type": "Point", "coordinates": [29.2012,-81.0371]}},
{"zip_code":"32127","country":"US","city":"Daytona Beach","state":"Florida","state_ab":"FL","county":"Volusia","geo_location":{"type": "Point", "coordinates": [29.1135,-80.9765]}},
{"zip_code":"32141","country":"US","city":"Edgewater","state":"Florida","state_ab":"FL","county":"Volusia","geo_location":{"type": "Point", "coordinates": [28.9455,-80.8969]}},
{"zip_code":"32721","country":"US","city":"Deland","state":"Florida","state_ab":"FL","county":"Volusia","geo_location":{"type": "Point", "coordinates": [28.9973,-81.2995]}},
{"zip_code":"32774","country":"US","city":"Orange City","state":"Florida","state_ab":"FL","county":"Volusia","geo_location":{"type": "Point", "coordinates": [29.0227,-81.1722]}},
{"zip_code":"32437","country":"US","city":"Ebro","state":"Florida","state_ab":"FL","county":"Washington","geo_location":{"type": "Point", "coordinates": [30.4352,-85.8881]}},
{"zip_code":"31034","country":"US","city":"Hardwick","state":"Georgia","state_ab":"GA","county":"Baldwin","geo_location":{"type": "Point", "coordinates": [33.0227,-83.247]}},
{"zip_code":"31061","country":"US","city":"Milledgeville","state":"Georgia","state_ab":"GA","county":"Baldwin","geo_location":{"type": "Point", "coordinates": [33.08,-83.2379]}},
{"zip_code":"30547","country":"US","city":"Homer","state":"Georgia","state_ab":"GA","county":"Banks","geo_location":{"type": "Point", "coordinates": [34.3563,-83.4974]}},
{"zip_code":"30121","country":"US","city":"Cartersville","state":"Georgia","state_ab":"GA","county":"Bartow","geo_location":{"type": "Point", "coordinates": [34.2079,-84.7673]}},
{"zip_code":"31201","country":"US","city":"Macon","state":"Georgia","state_ab":"GA","county":"Bibb","geo_location":{"type": "Point", "coordinates": [32.8095,-83.6168]}},
{"zip_code":"31294","country":"US","city":"Macon","state":"Georgia","state_ab":"GA","county":"Bibb","geo_location":{"type": "Point", "coordinates": [32.8067,-83.6913]}},
{"zip_code":"31537","country":"US","city":"Folkston","state":"Georgia","state_ab":"GA","county":"Charlton","geo_location":{"type": "Point", "coordinates": [30.8508,-82.0116]}},
{"zip_code":"31407","country":"US","city":"Savannah","state":"Georgia","state_ab":"GA","county":"Chatham","geo_location":{"type": "Point", "coordinates": [32.1672,-81.1999]}},
{"zip_code":"31421","country":"US","city":"Savannah","state":"Georgia","state_ab":"GA","county":"Chatham","geo_location":{"type": "Point", "coordinates": [31.9714,-81.0716]}},
{"zip_code":"30107","country":"US","city":"Ball Ground","state":"Georgia","state_ab":"GA","county":"Cherokee","geo_location":{"type": "Point", "coordinates": [34.3393,-84.3758]}},
{"zip_code":"30237","country":"US","city":"Jonesboro","state":"Georgia","state_ab":"GA","county":"Clayton","geo_location":{"type": "Point", "coordinates": [33.5007,-84.3513]}},
{"zip_code":"31744","country":"US","city":"Doerun","state":"Georgia","state_ab":"GA","county":"Colquitt","geo_location":{"type": "Point", "coordinates": [31.3136,-83.9253]}},
{"zip_code":"31771","country":"US","city":"Norman Park","state":"Georgia","state_ab":"GA","county":"Colquitt","geo_location":{"type": "Point", "coordinates": [31.2462,-83.6549]}},
{"zip_code":"31627","country":"US","city":"Cecil","state":"Georgia","state_ab":"GA","county":"Cook","geo_location":{"type": "Point", "coordinates": [31.0403,-83.3915]}},
{"zip_code":"30264","country":"US","city":"Newnan","state":"Georgia","state_ab":"GA","county":"Coweta","geo_location":{"type": "Point", "coordinates": [33.361,-84.8142]}},
{"zip_code":"30277","country":"US","city":"Sharpsburg","state":"Georgia","state_ab":"GA","county":"Coweta","geo_location":{"type": "Point", "coordinates": [33.4013,-84.654]}},
{"zip_code":"30534","country":"US","city":"Dawsonville","state":"Georgia","state_ab":"GA","county":"Dawson","geo_location":{"type": "Point", "coordinates": [34.4537,-84.155]}},
{"zip_code":"31717","country":"US","city":"Bainbridge","state":"Georgia","state_ab":"GA","county":"Decatur","geo_location":{"type": "Point", "coordinates": [30.8979,-84.574]}},
{"zip_code":"30031","country":"US","city":"Decatur","state":"Georgia","state_ab":"GA","county":"DeKalb","geo_location":{"type": "Point", "coordinates": [33.8913,-84.0746]}},
{"zip_code":"30084","country":"US","city":"Tucker","state":"Georgia","state_ab":"GA","county":"DeKalb","geo_location":{"type": "Point", "coordinates": [33.857,-84.216]}},
{"zip_code":"30341","country":"US","city":"Atlanta","state":"Georgia","state_ab":"GA","county":"DeKalb","geo_location":{"type": "Point", "coordinates": [33.8879,-84.2905]}},
{"zip_code":"31007","country":"US","city":"Byromville","state":"Georgia","state_ab":"GA","county":"Dooly","geo_location":{"type": "Point", "coordinates": [32.189,-83.9332]}},
{"zip_code":"31704","country":"US","city":"Albany","state":"Georgia","state_ab":"GA","county":"Dougherty","geo_location":{"type": "Point", "coordinates": [31.55,-84.0612]}},
{"zip_code":"30057","country":"US","city":"Lithia Springs","state":"Georgia","state_ab":"GA","county":"Douglas County","geo_location":{"type": "Point", "coordinates": [33.7737,-84.6544]}},
{"zip_code":"30134","country":"US","city":"Douglasville","state":"Georgia","state_ab":"GA","county":"Douglas","geo_location":{"type": "Point", "coordinates": [33.7606,-84.7477]}},
{"zip_code":"30187","country":"US","city":"Winston","state":"Georgia","state_ab":"GA","county":"Douglas","geo_location":{"type": "Point", "coordinates": [33.6634,-84.8639]}},
{"zip_code":"39834","country":"US","city":"Climax","state":"Georgia","state_ab":"GA","county":"Early County","geo_location":{"type": "Point", "coordinates": [30.8757,-84.445]}},
{"zip_code":"30624","country":"US","city":"Bowman","state":"Georgia","state_ab":"GA","county":"Elbert","geo_location":{"type": "Point", "coordinates": [34.1919,-83.0284]}},
{"zip_code":"30471","country":"US","city":"Twin City","state":"Georgia","state_ab":"GA","county":"Emanuel","geo_location":{"type": "Point", "coordinates": [32.6129,-82.1979]}},
{"zip_code":"30417","country":"US","city":"Claxton","state":"Georgia","state_ab":"GA","county":"Evans","geo_location":{"type": "Point", "coordinates": [32.165,-81.908]}},
{"zip_code":"30147","country":"US","city":"Lindale","state":"Georgia","state_ab":"GA","county":"Floyd","geo_location":{"type": "Point", "coordinates": [34.1707,-85.1825]}},
{"zip_code":"30161","country":"US","city":"Rome","state":"Georgia","state_ab":"GA","county":"Floyd","geo_location":{"type": "Point", "coordinates": [34.2507,-85.1465]}},
{"zip_code":"30521","country":"US","city":"Carnesville","state":"Georgia","state_ab":"GA","county":"Franklin","geo_location":{"type": "Point", "coordinates": [34.3631,-83.2547]}},
{"zip_code":"30004","country":"US","city":"Alpharetta","state":"Georgia","state_ab":"GA","county":"Fulton","geo_location":{"type": "Point", "coordinates": [34.1124,-84.302]}},
{"zip_code":"30291","country":"US","city":"Union City","state":"Georgia","state_ab":"GA","county":"Fulton","geo_location":{"type": "Point", "coordinates": [33.5832,-84.5499]}},
{"zip_code":"30301","country":"US","city":"Atlanta","state":"Georgia","state_ab":"GA","county":"Fulton","geo_location":{"type": "Point", "coordinates": [33.8444,-84.4741]}},
{"zip_code":"30314","country":"US","city":"Atlanta","state":"Georgia","state_ab":"GA","county":"Fulton","geo_location":{"type": "Point", "coordinates": [33.7561,-84.4255]}},
{"zip_code":"30327","country":"US","city":"Atlanta","state":"Georgia","state_ab":"GA","county":"Fulton","geo_location":{"type": "Point", "coordinates": [33.8627,-84.42]}},
{"zip_code":"30354","country":"US","city":"Atlanta","state":"Georgia","state_ab":"GA","county":"Fulton","geo_location":{"type": "Point", "coordinates": [33.6675,-84.3896]}},
{"zip_code":"30381","country":"US","city":"Atlanta","state":"Georgia","state_ab":"GA","county":"Fulton","geo_location":{"type": "Point", "coordinates": [33.8444,-84.4741]}},
{"zip_code":"30394","country":"US","city":"Atlanta","state":"Georgia","state_ab":"GA","county":"Fulton","geo_location":{"type": "Point", "coordinates": [33.8444,-84.4741]}},
{"zip_code":"31191","country":"US","city":"Atlanta","state":"Georgia","state_ab":"GA","county":"Fulton","geo_location":{"type": "Point", "coordinates": [33.8444,-84.4741]}},
{"zip_code":"31524","country":"US","city":"Brunswick","state":"Georgia","state_ab":"GA","county":"Glynn","geo_location":{"type": "Point", "coordinates": [31.222,-81.4826]}},
{"zip_code":"30701","country":"US","city":"Calhoun","state":"Georgia","state_ab":"GA","county":"Gordon","geo_location":{"type": "Point", "coordinates": [34.4965,-84.9345]}},
{"zip_code":"31797","country":"US","city":"Whigham","state":"Georgia","state_ab":"GA","county":"Grady","geo_location":{"type": "Point", "coordinates": [30.907,-84.3158]}},
{"zip_code":"30017","country":"US","city":"Grayson","state":"Georgia","state_ab":"GA","county":"Gwinnett","geo_location":{"type": "Point", "coordinates": [33.8901,-83.9632]}},
{"zip_code":"30044","country":"US","city":"Lawrenceville","state":"Georgia","state_ab":"GA","county":"Gwinnett","geo_location":{"type": "Point", "coordinates": [33.9418,-84.0706]}},
{"zip_code":"30071","country":"US","city":"Norcross","state":"Georgia","state_ab":"GA","county":"Gwinnett","geo_location":{"type": "Point", "coordinates": [33.9381,-84.1972]}},
{"zip_code":"30097","country":"US","city":"Duluth","state":"Georgia","state_ab":"GA","county":"Gwinnett","geo_location":{"type": "Point", "coordinates": [34.026,-84.147]}},
{"zip_code":"30211","country":"US","city":"Dacula","state":"Georgia","state_ab":"GA","county":"Gwinnett County","geo_location":{"type": "Point", "coordinates": [33.9872,-83.8857]}},
{"zip_code":"30507","country":"US","city":"Gainesville","state":"Georgia","state_ab":"GA","county":"Hall","geo_location":{"type": "Point", "coordinates": [34.2591,-83.7716]}},
{"zip_code":"31087","country":"US","city":"Sparta","state":"Georgia","state_ab":"GA","county":"Hancock","geo_location":{"type": "Point", "coordinates": [33.2571,-83.0892]}},
{"zip_code":"31807","country":"US","city":"Ellerslie","state":"Georgia","state_ab":"GA","county":"Harris","geo_location":{"type": "Point", "coordinates": [32.6312,-84.7895]}},
{"zip_code":"31047","country":"US","city":"Kathleen","state":"Georgia","state_ab":"GA","county":"Houston","geo_location":{"type": "Point", "coordinates": [32.4672,-83.6128]}},
{"zip_code":"31021","country":"US","city":"Dublin","state":"Georgia","state_ab":"GA","county":"Laurens","geo_location":{"type": "Point", "coordinates": [32.4593,-82.9381]}},
{"zip_code":"30817","country":"US","city":"Lincolnton","state":"Georgia","state_ab":"GA","county":"Lincoln","geo_location":{"type": "Point", "coordinates": [33.7773,-82.4435]}},
{"zip_code":"31601","country":"US","city":"Valdosta","state":"Georgia","state_ab":"GA","county":"Lowndes","geo_location":{"type": "Point", "coordinates": [30.7539,-83.3321]}},
{"zip_code":"31641","country":"US","city":"Naylor","state":"Georgia","state_ab":"GA","county":"Lowndes","geo_location":{"type": "Point", "coordinates": [30.8985,-83.1224]}},
{"zip_code":"31304","country":"US","city":"Crescent","state":"Georgia","state_ab":"GA","county":"McIntosh","geo_location":{"type": "Point", "coordinates": [31.4951,-81.3819]}},
{"zip_code":"31331","country":"US","city":"Townsend","state":"Georgia","state_ab":"GA","county":"McIntosh","geo_location":{"type": "Point", "coordinates": [31.5673,-81.4182]}},
{"zip_code":"30251","country":"US","city":"Luthersville","state":"Georgia","state_ab":"GA","county":"Meriwether","geo_location":{"type": "Point", "coordinates": [33.1798,-84.7577]}},
{"zip_code":"31784","country":"US","city":"Sale City","state":"Georgia","state_ab":"GA","county":"Mitchell","geo_location":{"type": "Point", "coordinates": [31.26,-84.0422]}},
{"zip_code":"30677","country":"US","city":"Watkinsville","state":"Georgia","state_ab":"GA","county":"Oconee","geo_location":{"type": "Point", "coordinates": [33.8542,-83.408]}},
{"zip_code":"31551","country":"US","city":"Mershon","state":"Georgia","state_ab":"GA","county":"Pierce","geo_location":{"type": "Point", "coordinates": [31.4783,-82.217]}},
{"zip_code":"30174","country":"US","city":"Suwanee","state":"Georgia","state_ab":"GA","county":"Polk County","geo_location":{"type": "Point", "coordinates": [34.0554,-84.0803]}},
{"zip_code":"30907","country":"US","city":"Augusta","state":"Georgia","state_ab":"GA","county":"Richmond","geo_location":{"type": "Point", "coordinates": [33.5229,-82.0852]}},
{"zip_code":"39861","country":"US","city":"Jakin","state":"Georgia","state_ab":"GA","county":"Seminole County","geo_location":{"type": "Point", "coordinates": [31.1824,-85.0121]}},
{"zip_code":"30224","country":"US","city":"Griffin","state":"Georgia","state_ab":"GA","county":"Spalding","geo_location":{"type": "Point", "coordinates": [33.2404,-84.2734]}},
{"zip_code":"31821","country":"US","city":"Omaha","state":"Georgia","state_ab":"GA","county":"Stewart","geo_location":{"type": "Point", "coordinates": [32.1176,-84.9711]}},
{"zip_code":"30664","country":"US","city":"Sharon","state":"Georgia","state_ab":"GA","county":"Taliaferro","geo_location":{"type": "Point", "coordinates": [33.56,-82.7948]}},
{"zip_code":"31757","country":"US","city":"Thomasville","state":"Georgia","state_ab":"GA","county":"Thomas","geo_location":{"type": "Point", "coordinates": [30.8536,-83.8883]}},
{"zip_code":"30457","country":"US","city":"Soperton","state":"Georgia","state_ab":"GA","county":"Treutlen","geo_location":{"type": "Point", "coordinates": [32.3869,-82.5871]}},
{"zip_code":"30741","country":"US","city":"Rossville","state":"Georgia","state_ab":"GA","county":"Walker","geo_location":{"type": "Point", "coordinates": [34.9535,-85.2968]}},
{"zip_code":"31564","country":"US","city":"Waresboro","state":"Georgia","state_ab":"GA","county":"Ware","geo_location":{"type": "Point", "coordinates": [31.019,-82.4165]}},
{"zip_code":"96727","country":"US","city":"Honokaa","state":"Hawaii","state_ab":"HI","county":"Hawaii","geo_location":{"type": "Point", "coordinates": [20.0827,-155.488]}},
{"zip_code":"96781","country":"US","city":"Papaikou","state":"Hawaii","state_ab":"HI","county":"Hawaii","geo_location":{"type": "Point", "coordinates": [19.7916,-155.0984]}},
{"zip_code":"96701","country":"US","city":"Aiea","state":"Hawaii","state_ab":"HI","county":"Honolulu","geo_location":{"type": "Point", "coordinates": [21.3908,-157.9332]}},
{"zip_code":"96804","country":"US","city":"Honolulu","state":"Hawaii","state_ab":"HI","county":"Honolulu","geo_location":{"type": "Point", "coordinates": [21.306,-157.8585]}},
{"zip_code":"96817","country":"US","city":"Honolulu","state":"Hawaii","state_ab":"HI","county":"Honolulu","geo_location":{"type": "Point", "coordinates": [21.3295,-157.8615]}},
{"zip_code":"96844","country":"US","city":"Honolulu","state":"Hawaii","state_ab":"HI","county":"Honolulu","geo_location":{"type": "Point", "coordinates": [21.2951,-157.8162]}},
{"zip_code":"96857","country":"US","city":"Schofield Barracks","state":"Hawaii","state_ab":"HI","county":"Honolulu","geo_location":{"type": "Point", "coordinates": [21.4963,-158.0646]}},
{"zip_code":"96714","country":"US","city":"Hanalei","state":"Hawaii","state_ab":"HI","county":"Kauai","geo_location":{"type": "Point", "coordinates": [22.1603,-159.5471]}},
{"zip_code":"96741","country":"US","city":"Kalaheo","state":"Hawaii","state_ab":"HI","county":"Kauai","geo_location":{"type": "Point", "coordinates": [21.9259,-159.5303]}},
{"zip_code":"96754","country":"US","city":"Kilauea","state":"Hawaii","state_ab":"HI","county":"Kauai","geo_location":{"type": "Point", "coordinates": [22.2073,-159.3954]}},
{"zip_code":"96767","country":"US","city":"Lahaina","state":"Hawaii","state_ab":"HI","county":"Maui","geo_location":{"type": "Point", "coordinates": [20.8666,-156.6467]}},
{"zip_code":"50837","country":"US","city":"Bridgewater","state":"Iowa","state_ab":"IA","county":"Adair","geo_location":{"type": "Point", "coordinates": [41.2589,-94.6669]}},
{"zip_code":"52574","country":"US","city":"Mystic","state":"Iowa","state_ab":"IA","county":"Appanoose","geo_location":{"type": "Point", "coordinates": [40.7883,-92.9284]}},
{"zip_code":"52354","country":"US","city":"Watkins","state":"Iowa","state_ab":"IA","county":"Benton","geo_location":{"type": "Point", "coordinates": [41.904,-91.9965]}},
{"zip_code":"50707","country":"US","city":"Evansdale","state":"Iowa","state_ab":"IA","county":"Black Hawk","geo_location":{"type": "Point", "coordinates": [42.4755,-92.2812]}},
{"zip_code":"50037","country":"US","city":"Boone","state":"Iowa","state_ab":"IA","county":"Boone","geo_location":{"type": "Point", "coordinates": [42.0366,-93.9317]}},
{"zip_code":"50631","country":"US","city":"Frederika","state":"Iowa","state_ab":"IA","county":"Bremer","geo_location":{"type": "Point", "coordinates": [42.8827,-92.3063]}},
{"zip_code":"50644","country":"US","city":"Independence","state":"Iowa","state_ab":"IA","county":"Buchanan","geo_location":{"type": "Point", "coordinates": [42.4674,-91.8803]}},
{"zip_code":"50671","country":"US","city":"Stanley","state":"Iowa","state_ab":"IA","county":"Buchanan","geo_location":{"type": "Point", "coordinates": [42.6356,-91.8127]}},
{"zip_code":"50604","country":"US","city":"Aplington","state":"Iowa","state_ab":"IA","county":"Butler","geo_location":{"type": "Point", "coordinates": [42.587,-92.8751]}},
{"zip_code":"51401","country":"US","city":"Carroll","state":"Iowa","state_ab":"IA","county":"Carroll","geo_location":{"type": "Point", "coordinates": [42.072,-94.8667]}},
{"zip_code":"51544","country":"US","city":"Lewis","state":"Iowa","state_ab":"IA","county":"Cass","geo_location":{"type": "Point", "coordinates": [41.2963,-95.062]}},
{"zip_code":"50464","country":"US","city":"Plymouth","state":"Iowa","state_ab":"IA","county":"Cerro Gordo","geo_location":{"type": "Point", "coordinates": [43.246,-93.1226]}},
{"zip_code":"50477","country":"US","city":"Swaledale","state":"Iowa","state_ab":"IA","county":"Cerro Gordo","geo_location":{"type": "Point", "coordinates": [42.9622,-93.3115]}},
{"zip_code":"51014","country":"US","city":"Cleghorn","state":"Iowa","state_ab":"IA","county":"Cherokee","geo_location":{"type": "Point", "coordinates": [42.8086,-95.7124]}},
{"zip_code":"52044","country":"US","city":"Elkport","state":"Iowa","state_ab":"IA","county":"Clayton","geo_location":{"type": "Point", "coordinates": [42.7624,-91.3203]}},
{"zip_code":"52701","country":"US","city":"Andover","state":"Iowa","state_ab":"IA","county":"Clinton","geo_location":{"type": "Point", "coordinates": [41.9644,-90.2223]}},
{"zip_code":"52727","country":"US","city":"Bryant","state":"Iowa","state_ab":"IA","county":"Clinton","geo_location":{"type": "Point", "coordinates": [41.9629,-90.3388]}},
{"zip_code":"51441","country":"US","city":"Deloit","state":"Iowa","state_ab":"IA","county":"Crawford","geo_location":{"type": "Point", "coordinates": [42.1238,-95.3045]}},
{"zip_code":"51454","country":"US","city":"Manilla","state":"Iowa","state_ab":"IA","county":"Crawford","geo_location":{"type": "Point", "coordinates": [41.8922,-95.2391]}},
{"zip_code":"51467","country":"US","city":"Westside","state":"Iowa","state_ab":"IA","county":"Crawford","geo_location":{"type": "Point", "coordinates": [42.1084,-95.1273]}},
{"zip_code":"50167","country":"US","city":"Minburn","state":"Iowa","state_ab":"IA","county":"Dallas","geo_location":{"type": "Point", "coordinates": [41.7562,-94.015]}},
{"zip_code":"52057","country":"US","city":"Manchester","state":"Iowa","state_ab":"IA","county":"Delaware","geo_location":{"type": "Point", "coordinates": [42.4834,-91.449]}},
{"zip_code":"52237","country":"US","city":"Hopkinton","state":"Iowa","state_ab":"IA","county":"Delaware","geo_location":{"type": "Point", "coordinates": [42.3422,-91.2461]}},
{"zip_code":"52637","country":"US","city":"Mediapolis","state":"Iowa","state_ab":"IA","county":"Des Moines","geo_location":{"type": "Point", "coordinates": [41.0059,-91.1321]}},
{"zip_code":"51351","country":"US","city":"Milford","state":"Iowa","state_ab":"IA","county":"Dickinson","geo_location":{"type": "Point", "coordinates": [43.3196,-95.1615]}},
{"zip_code":"51364","country":"US","city":"Terril","state":"Iowa","state_ab":"IA","county":"Dickinson","geo_location":{"type": "Point", "coordinates": [43.3241,-94.9737]}},
{"zip_code":"52004","country":"US","city":"Dubuque","state":"Iowa","state_ab":"IA","county":"Dubuque","geo_location":{"type": "Point", "coordinates": [42.4849,-90.8041]}},
{"zip_code":"50514","country":"US","city":"Armstrong","state":"Iowa","state_ab":"IA","county":"Emmet","geo_location":{"type": "Point", "coordinates": [43.4024,-94.4853]}},
{"zip_code":"52147","country":"US","city":"Hawkeye","state":"Iowa","state_ab":"IA","county":"Fayette","geo_location":{"type": "Point", "coordinates": [42.9487,-91.9578]}},
{"zip_code":"50064","country":"US","city":"Dana","state":"Iowa","state_ab":"IA","county":"Greene","geo_location":{"type": "Point", "coordinates": [42.1063,-94.2322]}},
{"zip_code":"50217","country":"US","city":"Paton","state":"Iowa","state_ab":"IA","county":"Greene","geo_location":{"type": "Point", "coordinates": [42.1658,-94.273]}},
{"zip_code":"50657","country":"US","city":"Morrison","state":"Iowa","state_ab":"IA","county":"Grundy","geo_location":{"type": "Point", "coordinates": [42.3433,-92.6738]}},
{"zip_code":"50231","country":"US","city":"Randall","state":"Iowa","state_ab":"IA","county":"Hamilton","geo_location":{"type": "Point", "coordinates": [42.2401,-93.6283]}},
{"zip_code":"50271","country":"US","city":"Williams","state":"Iowa","state_ab":"IA","county":"Hamilton","geo_location":{"type": "Point", "coordinates": [42.4614,-93.5677]}},
{"zip_code":"51557","country":"US","city":"Mondamin","state":"Iowa","state_ab":"IA","county":"Harrison","geo_location":{"type": "Point", "coordinates": [41.7089,-96.0072]}},
{"zip_code":"35007","country":"US","city":"Alabaster","state":"Alabama","state_ab":"AL","county":"Shelby","geo_location":{"type": "Point", "coordinates": [33.1934,-86.7944]}},
{"zip_code":"35124","country":"US","city":"Pelham","state":"Alabama","state_ab":"AL","county":"Shelby","geo_location":{"type": "Point", "coordinates": [33.2932,-86.768]}},
{"zip_code":"35137","country":"US","city":"Saginaw","state":"Alabama","state_ab":"AL","county":"Shelby","geo_location":{"type": "Point", "coordinates": [33.2063,-86.7812]}},
{"zip_code":"36901","country":"US","city":"Bellamy","state":"Alabama","state_ab":"AL","county":"Sumter","geo_location":{"type": "Point", "coordinates": [32.4671,-88.1406]}},
{"zip_code":"35151","country":"US","city":"Sylacauga","state":"Alabama","state_ab":"AL","county":"Talladega","geo_location":{"type": "Point", "coordinates": [33.1756,-86.3574]}},
{"zip_code":"35407","country":"US","city":"Tuscaloosa","state":"Alabama","state_ab":"AL","county":"Tuscaloosa","geo_location":{"type": "Point", "coordinates": [33.3066,-87.4532]}},
{"zip_code":"35487","country":"US","city":"Tuscaloosa","state":"Alabama","state_ab":"AL","county":"Tuscaloosa","geo_location":{"type": "Point", "coordinates": [33.3072,-87.5859]}},
{"zip_code":"36581","country":"US","city":"Sunflower","state":"Alabama","state_ab":"AL","county":"Washington","geo_location":{"type": "Point", "coordinates": [31.3696,-88.0122]}},
{"zip_code":"36721","country":"US","city":"Annemanie","state":"Alabama","state_ab":"AL","county":"Wilcox","geo_location":{"type": "Point", "coordinates": [32.0481,-87.2623]}},
{"zip_code":"36747","country":"US","city":"Lamison","state":"Alabama","state_ab":"AL","county":"Wilcox County","geo_location":{"type": "Point", "coordinates": [32.1211,-87.5667]}},
{"zip_code":"35551","country":"US","city":"Delmar","state":"Alabama","state_ab":"AL","county":"Winston","geo_location":{"type": "Point", "coordinates": [34.1459,-87.3732]}},
{"zip_code":"35577","country":"US","city":"Natural Bridge","state":"Alabama","state_ab":"AL","county":"Winston","geo_location":{"type": "Point", "coordinates": [34.0934,-87.6008]}},
{"zip_code":"96507","country":"US","city":"FPO","state":"","state_ab":"AP","county":"Brazoria","geo_location":{"type": "Point", "coordinates": [41.7206,-85.82]}},
{"zip_code":"72617","country":"US","city":"Big Flat","state":"Arkansas","state_ab":"AR","county":"Baxter","geo_location":{"type": "Point", "coordinates": [36.0068,-92.3917]}},
{"zip_code":"72734","country":"US","city":"Gentry","state":"Arkansas","state_ab":"AR","county":"Benton","geo_location":{"type": "Point", "coordinates": [36.2652,-94.4751]}},
{"zip_code":"72747","country":"US","city":"Maysville","state":"Arkansas","state_ab":"AR","county":"Benton","geo_location":{"type": "Point", "coordinates": [36.3811,-94.5783]}},
{"zip_code":"72761","country":"US","city":"Siloam Springs","state":"Arkansas","state_ab":"AR","county":"Benton","geo_location":{"type": "Point", "coordinates": [36.18,-94.528]}},
{"zip_code":"72644","country":"US","city":"Lead Hill","state":"Arkansas","state_ab":"AR","county":"Boone","geo_location":{"type": "Point", "coordinates": [36.3848,-93.0039]}},
{"zip_code":"71744","country":"US","city":"Hampton","state":"Arkansas","state_ab":"AR","county":"Calhoun","geo_location":{"type": "Point", "coordinates": [33.5376,-92.5295]}},
{"zip_code":"72631","country":"US","city":"Eureka Springs","state":"Arkansas","state_ab":"AR","county":"Carroll","geo_location":{"type": "Point", "coordinates": [36.435,-93.7673]}},
{"zip_code":"72424","country":"US","city":"Datto","state":"Arkansas","state_ab":"AR","county":"Clay","geo_location":{"type": "Point", "coordinates": [36.3897,-90.7231]}},
{"zip_code":"72464","country":"US","city":"Saint Francis","state":"Arkansas","state_ab":"AR","county":"Clay","geo_location":{"type": "Point", "coordinates": [36.4548,-90.145]}},
{"zip_code":"72581","country":"US","city":"Tumbling Shoals","state":"Arkansas","state_ab":"AR","county":"Cleburne","geo_location":{"type": "Point", "coordinates": [35.547,-91.9704]}},
{"zip_code":"71861","country":"US","city":"Taylor","state":"Arkansas","state_ab":"AR","county":"Columbia","geo_location":{"type": "Point", "coordinates": [33.108,-93.446]}},
{"zip_code":"72127","country":"US","city":"Plumerville","state":"Arkansas","state_ab":"AR","county":"Conway","geo_location":{"type": "Point", "coordinates": [35.1575,-92.6204]}},
{"zip_code":"72411","country":"US","city":"Bay","state":"Arkansas","state_ab":"AR","county":"Craighead","geo_location":{"type": "Point", "coordinates": [35.7456,-90.5507]}},
{"zip_code":"72437","country":"US","city":"Lake City","state":"Arkansas","state_ab":"AR","county":"Craighead","geo_location":{"type": "Point", "coordinates": [35.8171,-90.4423]}},
{"zip_code":"72347","country":"US","city":"Hickory Ridge","state":"Arkansas","state_ab":"AR","county":"Cross","geo_location":{"type": "Point", "coordinates": [35.3995,-90.9823]}},
{"zip_code":"72387","country":"US","city":"Vanndale","state":"Arkansas","state_ab":"AR","county":"Cross","geo_location":{"type": "Point", "coordinates": [35.3245,-90.7712]}},
{"zip_code":"71654","country":"US","city":"Mc Gehee","state":"Arkansas","state_ab":"AR","county":"Desha","geo_location":{"type": "Point", "coordinates": [33.6297,-91.3928]}},
{"zip_code":"72181","country":"US","city":"Wooster","state":"Arkansas","state_ab":"AR","county":"Faulkner","geo_location":{"type": "Point", "coordinates": [35.1645,-92.453]}},
{"zip_code":"72554","country":"US","city":"Mammoth Spring","state":"Arkansas","state_ab":"AR","county":"Fulton","geo_location":{"type": "Point", "coordinates": [36.4076,-91.5757]}},
{"zip_code":"71951","country":"US","city":"Hot Springs National Park","state":"Arkansas","state_ab":"AR","county":"Garland","geo_location":{"type": "Point", "coordinates": [34.5814,-93.0994]}},
{"zip_code":"71964","country":"US","city":"Pearcy","state":"Arkansas","state_ab":"AR","county":"Garland","geo_location":{"type": "Point", "coordinates": [34.4351,-93.242]}},
{"zip_code":"72451","country":"US","city":"Paragould","state":"Arkansas","state_ab":"AR","county":"Greene","geo_location":{"type": "Point", "coordinates": [36.1163,-90.5251]}},
{"zip_code":"71847","country":"US","city":"Mc Caskill","state":"Arkansas","state_ab":"AR","county":"Hempstead","geo_location":{"type": "Point", "coordinates": [33.923,-93.6266]}},
{"zip_code":"72501","country":"US","city":"Batesville","state":"Arkansas","state_ab":"AR","county":"Independence","geo_location":{"type": "Point", "coordinates": [35.7826,-91.6352]}},
{"zip_code":"72527","country":"US","city":"Desha","state":"Arkansas","state_ab":"AR","county":"Independence","geo_location":{"type": "Point", "coordinates": [35.7411,-91.6985]}},
{"zip_code":"71601","country":"US","city":"Pine Bluff","state":"Arkansas","state_ab":"AR","county":"Jefferson","geo_location":{"type": "Point", "coordinates": [34.209,-91.9859]}},
{"zip_code":"71667","country":"US","city":"Star City","state":"Arkansas","state_ab":"AR","county":"Lincoln","geo_location":{"type": "Point", "coordinates": [33.9405,-91.8653]}},
{"zip_code":"72851","country":"US","city":"New Blaine","state":"Arkansas","state_ab":"AR","county":"Logan","geo_location":{"type": "Point", "coordinates": [35.3189,-93.4446]}},
{"zip_code":"72927","country":"US","city":"Booneville","state":"Arkansas","state_ab":"AR","county":"Logan","geo_location":{"type": "Point", "coordinates": [35.1364,-93.9274]}},
{"zip_code":"72024","country":"US","city":"Carlisle","state":"Arkansas","state_ab":"AR","county":"Lonoke","geo_location":{"type": "Point", "coordinates": [34.7933,-91.7459]}},
{"zip_code":"72037","country":"US","city":"Coy","state":"Arkansas","state_ab":"AR","county":"Lonoke","geo_location":{"type": "Point", "coordinates": [34.5412,-91.8758]}},
{"zip_code":"72721","country":"US","city":"Combs","state":"Arkansas","state_ab":"AR","county":"Madison","geo_location":{"type": "Point", "coordinates": [35.8607,-93.8112]}},
{"zip_code":"71834","country":"US","city":"Doddridge","state":"Arkansas","state_ab":"AR","county":"Miller","geo_location":{"type": "Point", "coordinates": [33.1054,-93.9543]}},
{"zip_code":"72321","country":"US","city":"Burdette","state":"Arkansas","state_ab":"AR","county":"Mississippi","geo_location":{"type": "Point", "coordinates": [35.8211,-89.9406]}},
{"zip_code":"72374","country":"US","city":"Poplar Grove","state":"Arkansas","state_ab":"AR","county":"Phillips","geo_location":{"type": "Point", "coordinates": [34.5394,-90.8813]}},
{"zip_code":"71937","country":"US","city":"Cove","state":"Arkansas","state_ab":"AR","county":"Polk","geo_location":{"type": "Point", "coordinates": [34.4192,-94.3923]}},
{"zip_code":"72811","country":"US","city":"Russellville","state":"Arkansas","state_ab":"AR","county":"Pope","geo_location":{"type": "Point", "coordinates": [35.3147,-93.1133]}},
{"zip_code":"72837","country":"US","city":"Dover","state":"Arkansas","state_ab":"AR","county":"Pope","geo_location":{"type": "Point", "coordinates": [35.4074,-93.1355]}},
{"zip_code":"72064","country":"US","city":"Hazen","state":"Arkansas","state_ab":"AR","county":"Prairie","geo_location":{"type": "Point", "coordinates": [34.7838,-91.5767]}},
{"zip_code":"72114","country":"US","city":"North Little Rock","state":"Arkansas","state_ab":"AR","county":"Pulaski","geo_location":{"type": "Point", "coordinates": [34.7666,-92.2629]}},
{"zip_code":"72204","country":"US","city":"Little Rock","state":"Arkansas","state_ab":"AR","county":"Pulaski","geo_location":{"type": "Point", "coordinates": [34.7269,-92.344]}},
{"zip_code":"72217","country":"US","city":"Little Rock","state":"Arkansas","state_ab":"AR","county":"Pulaski","geo_location":{"type": "Point", "coordinates": [34.8302,-92.1702]}},
{"zip_code":"72231","country":"US","city":"Little Rock","state":"Arkansas","state_ab":"AR","county":"Pulaski","geo_location":{"type": "Point", "coordinates": [34.8019,-92.1894]}},
{"zip_code":"72297","country":"US","city":"Little Rock","state":"Arkansas","state_ab":"AR","county":"Pulaski County","geo_location":{"type": "Point", "coordinates": [34.7224,-92.3541]}},
{"zip_code":"72011","country":"US","city":"Bauxite","state":"Arkansas","state_ab":"AR","county":"Saline","geo_location":{"type": "Point", "coordinates": [34.5091,-92.4828]}},
{"zip_code":"72167","country":"US","city":"Traskwood","state":"Arkansas","state_ab":"AR","county":"Saline","geo_location":{"type": "Point", "coordinates": [34.4508,-92.6547]}},
{"zip_code":"72901","country":"US","city":"Fort Smith","state":"Arkansas","state_ab":"AR","county":"Sebastian","geo_location":{"type": "Point", "coordinates": [35.3653,-94.411]}},
{"zip_code":"72914","country":"US","city":"Fort Smith","state":"Arkansas","state_ab":"AR","county":"Sebastian","geo_location":{"type": "Point", "coordinates": [35.191,-94.2382]}},
{"zip_code":"72941","country":"US","city":"Lavaca","state":"Arkansas","state_ab":"AR","county":"Sebastian","geo_location":{"type": "Point", "coordinates": [35.3661,-94.1917]}},
{"zip_code":"72051","country":"US","city":"Fox","state":"Arkansas","state_ab":"AR","county":"Stone","geo_location":{"type": "Point", "coordinates": [35.7682,-92.3043]}},
{"zip_code":"72567","country":"US","city":"Pleasant Grove","state":"Arkansas","state_ab":"AR","county":"Stone","geo_location":{"type": "Point", "coordinates": [35.8265,-91.8958]}},
{"zip_code":"72657","country":"US","city":"Timbo","state":"Arkansas","state_ab":"AR","county":"Stone","geo_location":{"type": "Point", "coordinates": [35.919,-92.1272]}},
{"zip_code":"71731","country":"US","city":"El Dorado","state":"Arkansas","state_ab":"AR","county":"Union","geo_location":{"type": "Point", "coordinates": [33.198,-92.5289]}},
{"zip_code":"72141","country":"US","city":"Scotland","state":"Arkansas","state_ab":"AR","county":"Van Buren","geo_location":{"type": "Point", "coordinates": [35.508,-92.5867]}},
{"zip_code":"72774","country":"US","city":"West Fork","state":"Arkansas","state_ab":"AR","county":"Washington","geo_location":{"type": "Point", "coordinates": [35.9082,-94.2304]}},
{"zip_code":"72101","country":"US","city":"Mc Crory","state":"Arkansas","state_ab":"AR","county":"Woodruff","geo_location":{"type": "Point", "coordinates": [35.2473,-91.1793]}},
{"zip_code":"72824","country":"US","city":"Belleville","state":"Arkansas","state_ab":"AR","county":"Yell","geo_location":{"type": "Point", "coordinates": [35.1038,-93.4518]}},
{"zip_code":"85927","country":"US","city":"Greer","state":"Arizona","state_ab":"AZ","county":"Apache","geo_location":{"type": "Point", "coordinates": [34.0052,-109.4664]}},
{"zip_code":"86504","country":"US","city":"Fort Defiance","state":"Arizona","state_ab":"AZ","county":"Apache","geo_location":{"type": "Point", "coordinates": [35.2375,-109.5229]}},
{"zip_code":"86544","country":"US","city":"Red Valley","state":"Arizona","state_ab":"AZ","county":"Apache","geo_location":{"type": "Point", "coordinates": [35.2375,-109.5229]}},
{"zip_code":"85617","country":"US","city":"Mc Neal","state":"Arizona","state_ab":"AZ","county":"Cochise","geo_location":{"type": "Point", "coordinates": [31.5121,-109.8438]}},
{"zip_code":"85644","country":"US","city":"Willcox","state":"Arizona","state_ab":"AZ","county":"Cochise","geo_location":{"type": "Point", "coordinates": [32.3007,-109.8782]}},
{"zip_code":"85671","country":"US","city":"Sierra Vista","state":"Arizona","state_ab":"AZ","county":"Cochise","geo_location":{"type": "Point", "coordinates": [31.8801,-109.7543]}},
{"zip_code":"86001","country":"US","city":"Flagstaff","state":"Arizona","state_ab":"AZ","county":"Coconino","geo_location":{"type": "Point", "coordinates": [35.1859,-111.662]}},
{"zip_code":"86351","country":"US","city":"Sedona","state":"Arizona","state_ab":"AZ","county":"Coconino","geo_location":{"type": "Point", "coordinates": [34.7784,-111.7851]}},
{"zip_code":"85501","country":"US","city":"Globe","state":"Arizona","state_ab":"AZ","county":"Gila","geo_location":{"type": "Point", "coordinates": [33.4024,-110.7892]}},
{"zip_code":"85541","country":"US","city":"Payson","state":"Arizona","state_ab":"AZ","county":"Gila","geo_location":{"type": "Point", "coordinates": [34.2198,-111.2878]}},
{"zip_code":"85554","country":"US","city":"Young","state":"Arizona","state_ab":"AZ","county":"Gila","geo_location":{"type": "Point", "coordinates": [33.7415,-110.8607]}},
{"zip_code":"85334","country":"US","city":"Ehrenberg","state":"Arizona","state_ab":"AZ","county":"La Paz","geo_location":{"type": "Point", "coordinates": [33.6177,-114.5077]}},
{"zip_code":"85011","country":"US","city":"Phoenix","state":"Arizona","state_ab":"AZ","county":"Maricopa","geo_location":{"type": "Point", "coordinates": [33.2765,-112.1872]}},
{"zip_code":"85024","country":"US","city":"Phoenix","state":"Arizona","state_ab":"AZ","county":"Maricopa","geo_location":{"type": "Point", "coordinates": [33.6617,-112.037]}},
{"zip_code":"85037","country":"US","city":"Phoenix","state":"Arizona","state_ab":"AZ","county":"Maricopa","geo_location":{"type": "Point", "coordinates": [33.4913,-112.2468]}},
{"zip_code":"85051","country":"US","city":"Phoenix","state":"Arizona","state_ab":"AZ","county":"Maricopa","geo_location":{"type": "Point", "coordinates": [33.5591,-112.1332]}},
{"zip_code":"85064","country":"US","city":"Phoenix","state":"Arizona","state_ab":"AZ","county":"Maricopa","geo_location":{"type": "Point", "coordinates": [33.2765,-112.1872]}},
{"zip_code":"85077","country":"US","city":"Phoenix","state":"Arizona","state_ab":"AZ","county":"Maricopa","geo_location":{"type": "Point", "coordinates": [33.2765,-112.1872]}},
{"zip_code":"85204","country":"US","city":"Mesa","state":"Arizona","state_ab":"AZ","county":"Maricopa","geo_location":{"type": "Point", "coordinates": [33.3992,-111.7896]}},
{"zip_code":"85244","country":"US","city":"Chandler","state":"Arizona","state_ab":"AZ","county":"Maricopa","geo_location":{"type": "Point", "coordinates": [33.3213,-111.8888]}},
{"zip_code":"85257","country":"US","city":"Scottsdale","state":"Arizona","state_ab":"AZ","county":"Maricopa","geo_location":{"type": "Point", "coordinates": [33.4669,-111.9151]}},
{"zip_code":"85271","country":"US","city":"Scottsdale","state":"Arizona","state_ab":"AZ","county":"Maricopa","geo_location":{"type": "Point", "coordinates": [33.2765,-112.1872]}},
{"zip_code":"85284","country":"US","city":"Tempe","state":"Arizona","state_ab":"AZ","county":"Maricopa","geo_location":{"type": "Point", "coordinates": [33.3363,-111.9197]}},
{"zip_code":"85297","country":"US","city":"Gilbert","state":"Arizona","state_ab":"AZ","county":"Maricopa","geo_location":{"type": "Point", "coordinates": [33.2781,-111.7096]}},
{"zip_code":"85307","country":"US","city":"Glendale","state":"Arizona","state_ab":"AZ","county":"Maricopa","geo_location":{"type": "Point", "coordinates": [33.5376,-112.3137]}},
{"zip_code":"85361","country":"US","city":"Wittmann","state":"Arizona","state_ab":"AZ","county":"Maricopa","geo_location":{"type": "Point", "coordinates": [33.7637,-112.6142]}},
{"zip_code":"85374","country":"US","city":"Surprise","state":"Arizona","state_ab":"AZ","county":"Maricopa","geo_location":{"type": "Point", "coordinates": [33.63,-112.3314]}},
{"zip_code":"85387","country":"US","city":"Surprise","state":"Arizona","state_ab":"AZ","county":"Maricopa","geo_location":{"type": "Point", "coordinates": [33.7129,-112.4375]}},
{"zip_code":"86401","country":"US","city":"Kingman","state":"Arizona","state_ab":"AZ","county":"Mohave","geo_location":{"type": "Point", "coordinates": [35.1328,-113.7033]}},
{"zip_code":"86427","country":"US","city":"Fort Mohave","state":"Arizona","state_ab":"AZ","county":"Mohave","geo_location":{"type": "Point", "coordinates": [35.0043,-114.5812]}},
{"zip_code":"86441","country":"US","city":"Dolan Springs","state":"Arizona","state_ab":"AZ","county":"Mohave","geo_location":{"type": "Point", "coordinates": [35.5692,-114.3777]}},
{"zip_code":"85901","country":"US","city":"Show Low","state":"Arizona","state_ab":"AZ","county":"Navajo","geo_location":{"type": "Point", "coordinates": [34.2998,-110.0]}},
{"zip_code":"85941","country":"US","city":"Whiteriver","state":"Arizona","state_ab":"AZ","county":"Navajo","geo_location":{"type": "Point", "coordinates": [33.8021,-109.9937]}},
{"zip_code":"86054","country":"US","city":"Shonto","state":"Arizona","state_ab":"AZ","county":"Navajo","geo_location":{"type": "Point", "coordinates": [36.6159,-110.6477]}},
{"zip_code":"85321","country":"US","city":"Ajo","state":"Arizona","state_ab":"AZ","county":"Pima","geo_location":{"type": "Point", "coordinates": [32.2295,-112.6542]}},
{"zip_code":"85707","country":"US","city":"Tucson","state":"Arizona","state_ab":"AZ","county":"Pima","geo_location":{"type": "Point", "coordinates": [32.1696,-110.8751]}},
{"zip_code":"85721","country":"US","city":"Tucson","state":"Arizona","state_ab":"AZ","county":"Pima","geo_location":{"type": "Point", "coordinates": [32.2338,-110.95]}},
{"zip_code":"85734","country":"US","city":"Tucson","state":"Arizona","state_ab":"AZ","county":"Pima","geo_location":{"type": "Point", "coordinates": [32.0651,-110.9353]}},
{"zip_code":"85747","country":"US","city":"Tucson","state":"Arizona","state_ab":"AZ","county":"Pima","geo_location":{"type": "Point", "coordinates": [32.0984,-110.7272]}},
{"zip_code":"85141","country":"US","city":"Picacho","state":"Arizona","state_ab":"AZ","county":"Pinal","geo_location":{"type": "Point", "coordinates": [32.6686,-111.4549]}},
{"zip_code":"85194","country":"US","city":"Casa Grande","state":"Arizona","state_ab":"AZ","county":"Pinal County","geo_location":{"type": "Point", "coordinates": [32.8984,-111.6261]}},
{"zip_code":"85217","country":"US","city":"Apache Junction","state":"Arizona","state_ab":"AZ","county":"Pinal","geo_location":{"type": "Point", "coordinates": [33.3934,-111.479]}},
{"zip_code":"85631","country":"US","city":"San Manuel","state":"Arizona","state_ab":"AZ","county":"Pinal","geo_location":{"type": "Point", "coordinates": [32.6209,-110.5992]}},
{"zip_code":"86324","country":"US","city":"Clarkdale","state":"Arizona","state_ab":"AZ","county":"Yavapai","geo_location":{"type": "Point", "coordinates": [34.6595,-112.1322]}},
{"zip_code":"86337","country":"US","city":"Seligman","state":"Arizona","state_ab":"AZ","county":"Yavapai","geo_location":{"type": "Point", "coordinates": [35.3212,-112.9548]}},
{"zip_code":"85347","country":"US","city":"Roll","state":"Arizona","state_ab":"AZ","county":"Yuma","geo_location":{"type": "Point", "coordinates": [32.7526,-113.7987]}},
{"zip_code":"94501","country":"US","city":"Alameda","state":"California","state_ab":"CA","county":"Alameda","geo_location":{"type": "Point", "coordinates": [37.7706,-122.2648]}},
{"zip_code":"94541","country":"US","city":"Hayward","state":"California","state_ab":"CA","county":"Alameda","geo_location":{"type": "Point", "coordinates": [37.674,-122.0894]}},
{"zip_code":"94604","country":"US","city":"Oakland","state":"California","state_ab":"CA","county":"Alameda","geo_location":{"type": "Point", "coordinates": [37.6802,-121.9215]}},
{"zip_code":"94617","country":"US","city":"Oakland","state":"California","state_ab":"CA","county":"Alameda","geo_location":{"type": "Point", "coordinates": [37.8078,-122.2717]}},
{"zip_code":"94707","country":"US","city":"Berkeley","state":"California","state_ab":"CA","county":"Alameda","geo_location":{"type": "Point", "coordinates": [37.8927,-122.2761]}},
{"zip_code":"95917","country":"US","city":"Biggs","state":"California","state_ab":"CA","county":"Butte","geo_location":{"type": "Point", "coordinates": [39.4162,-121.7189]}},
{"zip_code":"95221","country":"US","city":"Altaville","state":"California","state_ab":"CA","county":"Calaveras","geo_location":{"type": "Point", "coordinates": [38.0838,-120.5608]}},
{"zip_code":"95247","country":"US","city":"Murphys","state":"California","state_ab":"CA","county":"Calaveras","geo_location":{"type": "Point", "coordinates": [38.1345,-120.4516]}},
{"zip_code":"95931","country":"US","city":"College City","state":"California","state_ab":"CA","county":"Colusa","geo_location":{"type": "Point", "coordinates": [39.0058,-122.0083]}},
{"zip_code":"94514","country":"US","city":"Byron","state":"California","state_ab":"CA","county":"Contra Costa","geo_location":{"type": "Point", "coordinates": [37.8254,-121.6236]}},
{"zip_code":"94527","country":"US","city":"Concord","state":"California","state_ab":"CA","county":"Contra Costa","geo_location":{"type": "Point", "coordinates": [37.9535,-121.9578]}},
{"zip_code":"95531","country":"US","city":"Crescent City","state":"California","state_ab":"CA","county":"Del Norte","geo_location":{"type": "Point", "coordinates": [41.7817,-124.1332]}},
{"zip_code":"95634","country":"US","city":"Georgetown","state":"California","state_ab":"CA","county":"El Dorado","geo_location":{"type": "Point", "coordinates": [38.9185,-120.7599]}},
{"zip_code":"93627","country":"US","city":"Helm","state":"California","state_ab":"CA","county":"Fresno","geo_location":{"type": "Point", "coordinates": [36.4992,-120.0936]}},
{"zip_code":"93641","country":"US","city":"Miramonte","state":"California","state_ab":"CA","county":"Fresno","geo_location":{"type": "Point", "coordinates": [36.6894,-119.0477]}},
{"zip_code":"93654","country":"US","city":"Reedley","state":"California","state_ab":"CA","county":"Fresno","geo_location":{"type": "Point", "coordinates": [36.6044,-119.4378]}},
{"zip_code":"93667","country":"US","city":"Tollhouse","state":"California","state_ab":"CA","county":"Fresno","geo_location":{"type": "Point", "coordinates": [36.9943,-119.3914]}},
{"zip_code":"93704","country":"US","city":"Fresno","state":"California","state_ab":"CA","county":"Fresno","geo_location":{"type": "Point", "coordinates": [36.7991,-119.8016]}},
{"zip_code":"93717","country":"US","city":"Fresno","state":"California","state_ab":"CA","county":"Fresno","geo_location":{"type": "Point", "coordinates": [36.7464,-119.6397]}},
{"zip_code":"93744","country":"US","city":"Fresno","state":"California","state_ab":"CA","county":"Fresno","geo_location":{"type": "Point", "coordinates": [36.7464,-119.6397]}},
{"zip_code":"93771","country":"US","city":"Fresno","state":"California","state_ab":"CA","county":"Fresno","geo_location":{"type": "Point", "coordinates": [36.7464,-119.6397]}},
{"zip_code":"93784","country":"US","city":"Fresno","state":"California","state_ab":"CA","county":"Fresno","geo_location":{"type": "Point", "coordinates": [36.7464,-119.6397]}},
{"zip_code":"95571","country":"US","city":"Weott","state":"California","state_ab":"CA","county":"Humboldt","geo_location":{"type": "Point", "coordinates": [40.3224,-123.9024]}},
{"zip_code":"92251","country":"US","city":"Imperial","state":"California","state_ab":"CA","county":"Imperial","geo_location":{"type": "Point", "coordinates": [32.847,-115.573]}},
{"zip_code":"93241","country":"US","city":"Lamont","state":"California","state_ab":"CA","county":"Kern","geo_location":{"type": "Point", "coordinates": [35.2571,-118.9124]}},
{"zip_code":"93304","country":"US","city":"Bakersfield","state":"California","state_ab":"CA","county":"Kern","geo_location":{"type": "Point", "coordinates": [35.3396,-119.0218]}},
{"zip_code":"93384","country":"US","city":"Bakersfield","state":"California","state_ab":"CA","county":"Kern","geo_location":{"type": "Point", "coordinates": [35.2944,-118.9052]}},
{"zip_code":"93524","country":"US","city":"Edwards","state":"California","state_ab":"CA","county":"Kern","geo_location":{"type": "Point", "coordinates": [34.932,-117.9071]}},
{"zip_code":"95467","country":"US","city":"Hidden Valley Lake","state":"California","state_ab":"CA","county":"Lake County","geo_location":{"type": "Point", "coordinates": [38.8036,-122.5407]}},
{"zip_code":"96121","country":"US","city":"Milford","state":"California","state_ab":"CA","county":"Lassen","geo_location":{"type": "Point", "coordinates": [40.1828,-120.3895]}},
{"zip_code":"90011","country":"US","city":"Los Angeles","state":"California","state_ab":"CA","county":"Los Angeles","geo_location":{"type": "Point", "coordinates": [34.0079,-118.2582]}},
{"zip_code":"90024","country":"US","city":"Los Angeles","state":"California","state_ab":"CA","county":"Los Angeles","geo_location":{"type": "Point", "coordinates": [34.0637,-118.4408]}},
{"zip_code":"90037","country":"US","city":"Los Angeles","state":"California","state_ab":"CA","county":"Los Angeles","geo_location":{"type": "Point", "coordinates": [34.003,-118.2863]}},
{"zip_code":"90051","country":"US","city":"Los Angeles","state":"California","state_ab":"CA","county":"Los Angeles","geo_location":{"type": "Point", "coordinates": [33.7866,-118.2987]}},
{"zip_code":"90064","country":"US","city":"Los Angeles","state":"California","state_ab":"CA","county":"Los Angeles","geo_location":{"type": "Point", "coordinates": [34.0353,-118.4259]}},
{"zip_code":"90077","country":"US","city":"Los Angeles","state":"California","state_ab":"CA","county":"Los Angeles","geo_location":{"type": "Point", "coordinates": [34.1112,-118.4502]}},
{"zip_code":"90091","country":"US","city":"Los Angeles","state":"California","state_ab":"CA","county":"Los Angeles","geo_location":{"type": "Point", "coordinates": [33.7866,-118.2987]}},
{"zip_code":"90101","country":"US","city":"Los Angeles","state":"California","state_ab":"CA","county":"Los Angeles","geo_location":{"type": "Point", "coordinates": [33.7866,-118.2987]}},
{"zip_code":"90231","country":"US","city":"Culver City","state":"California","state_ab":"CA","county":"Los Angeles","geo_location":{"type": "Point", "coordinates": [33.7866,-118.2987]}},
{"zip_code":"90307","country":"US","city":"Inglewood","state":"California","state_ab":"CA","county":"Los Angeles","geo_location":{"type": "Point", "coordinates": [33.7866,-118.2987]}},
{"zip_code":"90411","country":"US","city":"Santa Monica","state":"California","state_ab":"CA","county":"Los Angeles","geo_location":{"type": "Point", "coordinates": [33.7866,-118.2987]}},
{"zip_code":"90501","country":"US","city":"Torrance","state":"California","state_ab":"CA","county":"Los Angeles","geo_location":{"type": "Point", "coordinates": [33.8268,-118.3118]}},
{"zip_code":"90604","country":"US","city":"Whittier","state":"California","state_ab":"CA","county":"Los Angeles","geo_location":{"type": "Point", "coordinates": [33.9299,-118.0121]}},
{"zip_code":"90671","country":"US","city":"Santa Fe Springs","state":"California","state_ab":"CA","county":"Los Angeles","geo_location":{"type": "Point", "coordinates": [33.7866,-118.2987]}},
{"zip_code":"90707","country":"US","city":"Bellflower","state":"California","state_ab":"CA","county":"Los Angeles","geo_location":{"type": "Point", "coordinates": [33.7866,-118.2987]}},
{"zip_code":"90734","country":"US","city":"San Pedro","state":"California","state_ab":"CA","county":"Los Angeles","geo_location":{"type": "Point", "coordinates": [33.7866,-118.2987]}},
{"zip_code":"90747","country":"US","city":"Carson","state":"California","state_ab":"CA","county":"Los Angeles","geo_location":{"type": "Point", "coordinates": [33.8671,-118.2538]}},
{"zip_code":"91001","country":"US","city":"Altadena","state":"California","state_ab":"CA","county":"Los Angeles","geo_location":{"type": "Point", "coordinates": [34.1912,-118.1392]}},
{"zip_code":"91041","country":"US","city":"Sunland","state":"California","state_ab":"CA","county":"Los Angeles","geo_location":{"type": "Point", "coordinates": [33.7866,-118.2987]}},
{"zip_code":"91104","country":"US","city":"Pasadena","state":"California","state_ab":"CA","county":"Los Angeles","geo_location":{"type": "Point", "coordinates": [34.1678,-118.1261]}},
{"zip_code":"91117","country":"US","city":"Pasadena","state":"California","state_ab":"CA","county":"Los Angeles","geo_location":{"type": "Point", "coordinates": [33.7866,-118.2987]}},
{"zip_code":"91131","country":"US","city":"Pasadena","state":"California","state_ab":"CA","county":"Los Angeles","geo_location":{"type": "Point", "coordinates": [33.7866,-118.2987]}},
{"zip_code":"91184","country":"US","city":"Pasadena","state":"California","state_ab":"CA","county":"Los Angeles","geo_location":{"type": "Point", "coordinates": [33.7866,-118.2987]}},
{"zip_code":"91207","country":"US","city":"Glendale","state":"California","state_ab":"CA","county":"Los Angeles","geo_location":{"type": "Point", "coordinates": [34.1649,-118.2451]}},
{"zip_code":"91221","country":"US","city":"Glendale","state":"California","state_ab":"CA","county":"Los Angeles","geo_location":{"type": "Point", "coordinates": [33.7866,-118.2987]}},
{"zip_code":"91311","country":"US","city":"Chatsworth","state":"California","state_ab":"CA","county":"Los Angeles","geo_location":{"type": "Point", "coordinates": [34.2583,-118.5914]}},
{"zip_code":"91324","country":"US","city":"Northridge","state":"California","state_ab":"CA","county":"Los Angeles","geo_location":{"type": "Point", "coordinates": [34.2367,-118.5466]}},
{"zip_code":"91337","country":"US","city":"Reseda","state":"California","state_ab":"CA","county":"Los Angeles","geo_location":{"type": "Point", "coordinates": [33.7866,-118.2987]}},
{"zip_code":"91351","country":"US","city":"Canyon Country","state":"California","state_ab":"CA","county":"Los Angeles","geo_location":{"type": "Point", "coordinates": [34.4262,-118.449]}},
{"zip_code":"91364","country":"US","city":"Woodland Hills","state":"California","state_ab":"CA","county":"Los Angeles","geo_location":{"type": "Point", "coordinates": [34.1557,-118.6]}},
{"zip_code":"91401","country":"US","city":"Van Nuys","state":"California","state_ab":"CA","county":"Los Angeles","geo_location":{"type": "Point", "coordinates": [34.1802,-118.4324]}},
{"zip_code":"91494","country":"US","city":"Los Angeles","state":"California","state_ab":"CA","county":"Los Angeles County","geo_location":{"type": "Point", "coordinates": [34.2011,-118.4742]}},
{"zip_code":"91504","country":"US","city":"Burbank","state":"California","state_ab":"CA","county":"Los Angeles","geo_location":{"type": "Point", "coordinates": [34.2001,-118.3264]}},
{"zip_code":"91607","country":"US","city":"Valley Village","state":"California","state_ab":"CA","county":"Los Angeles","geo_location":{"type": "Point", "coordinates": [34.1672,-118.3989]}},
{"zip_code":"91711","country":"US","city":"Claremont","state":"California","state_ab":"CA","county":"Los Angeles","geo_location":{"type": "Point", "coordinates": [34.1092,-117.7183]}},
{"zip_code":"91724","country":"US","city":"Covina","state":"California","state_ab":"CA","county":"Los Angeles","geo_location":{"type": "Point", "coordinates": [34.0938,-117.856]}},
{"zip_code":"91791","country":"US","city":"West Covina","state":"California","state_ab":"CA","county":"Los Angeles","geo_location":{"type": "Point", "coordinates": [34.0653,-117.8978]}},
{"zip_code":"91801","country":"US","city":"Alhambra","state":"California","state_ab":"CA","county":"Los Angeles","geo_location":{"type": "Point", "coordinates": [34.0914,-118.1293]}},
{"zip_code":"91841","country":"US","city":"Alhambra","state":"California","state_ab":"CA","county":"Los Angeles","geo_location":{"type": "Point", "coordinates": [33.7866,-118.2987]}},
{"zip_code":"93551","country":"US","city":"Palmdale","state":"California","state_ab":"CA","county":"Los Angeles","geo_location":{"type": "Point", "coordinates": [34.6017,-118.231]}}]}