{"value": [{"zip_code":"34711","country":"US","city":"Clermont","state":"Florida","state_ab":"FL","county":"Lake","geo_location":{ "type": "Point", "coordinates": [-81.7574, 28.5525] }},
{"zip_code":"34737","country":"US","city":"Howey In The Hills","state":"Florida","state_ab":"FL","county":"Lake","geo_location":{ "type": "Point", "coordinates": [-81.7976, 28.6971] }},
{"zip_code":"33901","country":"US","city":"Fort Myers","state":"Florida","state_ab":"FL","county":"Lee","geo_location":{ "type": "Point", "coordinates": [-81.8725, 26.6204] }},
{"zip_code":"33914","country":"US","city":"Cape Coral","state":"Florida","state_ab":"FL","county":"Lee","geo_location":{ "type": "Point", "coordinates": [-82.0206, 26.5557] }},
{"zip_code":"33994","country":"US","city":"Fort Myers","state":"Florida","state_ab":"FL","county":"Lee","geo_location":{ "type": "Point", "coordinates": [-81.9486, 26.5529] }},
{"zip_code":"32304","country":"US","city":"Tallahassee","state":"Florida","state_ab":"FL","county":"Leon","geo_location":{ "type": "Point", "coordinates": [-84.3211, 30.4478] }},
{"zip_code":"32317","country":"US","city":"Tallahassee","state":"Florida","state_ab":"FL","county":"Leon","geo_location":{ "type": "Point", "coordinates": [-84.1128, 30.4651] }},
{"zip_code":"32331","country":"US","city":"Greenville","state":"Florida","state_ab":"FL","county":"Madison","geo_location":{ "type": "Point", "coordinates": [-83.6474, 30.4512] }},
{"zip_code":"34207","country":"US","city":"Bradenton","state":"Florida","state_ab":"FL","county":"Manatee","geo_location":{ "type": "Point", "coordinates": [-82.5778, 27.4394] }},
{"zip_code":"34221","country":"US","city":"Palmetto","state":"Florida","state_ab":"FL","county":"Manatee","geo_location":{ "type": "Point", "coordinates": [-82.563, 27.5429] }},
{"zip_code":"32111","country":"US","city":"Candler","state":"Florida","state_ab":"FL","county":"Marion","geo_location":{ "type": "Point", "coordinates": [-81.969, 29.0607] }},
{"zip_code":"32681","country":"US","city":"Orange Lake","state":"Florida","state_ab":"FL","county":"Marion","geo_location":{ "type": "Point", "coordinates": [-82.2449, 29.4281] }},
{"zip_code":"33491","country":"US","city":"Canal Point","state":"Florida","state_ab":"FL","county":"Marion County","geo_location":{ "type": "Point", "coordinates": [-80.6634, 26.7028] }},
{"zip_code":"34481","country":"US","city":"Ocala","state":"Florida","state_ab":"FL","county":"Marion","geo_location":{ "type": "Point", "coordinates": [-82.2975, 29.1281] }},
{"zip_code":"34957","country":"US","city":"Jensen Beach","state":"Florida","state_ab":"FL","county":"Martin","geo_location":{ "type": "Point", "coordinates": [-80.2277, 27.2356] }},
{"zip_code":"34997","country":"US","city":"Stuart","state":"Florida","state_ab":"FL","county":"Martin","geo_location":{ "type": "Point", "coordinates": [-80.2129, 27.1398] }},
{"zip_code":"33011","country":"US","city":"Hialeah","state":"Florida","state_ab":"FL","county":"Miami-Dade","geo_location":{ "type": "Point", "coordinates": [-80.4582, 25.5584] }},
{"zip_code":"33101","country":"US","city":"Miami","state":"Florida","state_ab":"FL","county":"Miami-Dade","geo_location":{ "type": "Point", "coordinates": [-80.1978, 25.7791] }},
{"zip_code":"33114","country":"US","city":"Miami","state":"Florida","state_ab":"FL","county":"Miami-Dade","geo_location":{ "type": "Point", "coordinates": [-80.4582, 25.5584] }},
{"zip_code":"33127","country":"US","city":"Miami","state":"Florida","state_ab":"FL","county":"Miami-Dade","geo_location":{ "type": "Point", "coordinates": [-80.2051, 25.8143] }},
{"zip_code":"33141","country":"US","city":"Miami Beach","state":"Florida","state_ab":"FL","county":"Miami-Dade","geo_location":{ "type": "Point", "coordinates": [-80.1446, 25.8486] }},
{"zip_code":"33154","country":"US","city":"Miami","state":"Florida","state_ab":"FL","county":"Miami-Dade","geo_location":{ "type": "Point", "coordinates": [-80.1321, 25.8831] }},
{"zip_code":"33167","country":"US","city":"Miami","state":"Florida","state_ab":"FL","county":"Miami-Dade","geo_location":{ "type": "Point", "coordinates": [-80.2292, 25.8856] }},
{"zip_code":"33181","country":"US","city":"Miami","state":"Florida","state_ab":"FL","county":"Miami-Dade","geo_location":{ "type": "Point", "coordinates": [-80.157, 25.8965] }},
{"zip_code":"33194","country":"US","city":"Miami","state":"Florida","state_ab":"FL","county":"Miami-Dade","geo_location":{ "type": "Point", "coordinates": [-80.4582, 25.5584] }},
{"zip_code":"33231","country":"US","city":"Miami","state":"Florida","state_ab":"FL","county":"Miami-Dade","geo_location":{ "type": "Point", "coordinates": [-80.4582, 25.5584] }},
{"zip_code":"33257","country":"US","city":"Miami","state":"Florida","state_ab":"FL","county":"Miami-Dade","geo_location":{ "type": "Point", "coordinates": [-80.4582, 25.5584] }},
{"zip_code":"33037","country":"US","city":"Key Largo","state":"Florida","state_ab":"FL","county":"Monroe","geo_location":{ "type": "Point", "coordinates": [-80.9613, 24.9635] }},
{"zip_code":"33051","country":"US","city":"Key Colony Beach","state":"Florida","state_ab":"FL","county":"Monroe","geo_location":{ "type": "Point", "coordinates": [-81.0203, 24.7234] }},
{"zip_code":"32034","country":"US","city":"Fernandina Beach","state":"Florida","state_ab":"FL","county":"Nassau","geo_location":{ "type": "Point", "coordinates": [-81.6829, 30.6078] }},
{"zip_code":"32537","country":"US","city":"Milligan","state":"Florida","state_ab":"FL","county":"Okaloosa","geo_location":{ "type": "Point", "coordinates": [-86.6552, 30.742] }},
{"zip_code":"32564","country":"US","city":"Holt","state":"Florida","state_ab":"FL","county":"Okaloosa","geo_location":{ "type": "Point", "coordinates": [-86.7198, 30.7416] }},
{"zip_code":"32704","country":"US","city":"Apopka","state":"Florida","state_ab":"FL","county":"Orange","geo_location":{ "type": "Point", "coordinates": [-81.2608, 28.5663] }},
{"zip_code":"32807","country":"US","city":"Orlando","state":"Florida","state_ab":"FL","county":"Orange","geo_location":{ "type": "Point", "coordinates": [-81.3051, 28.5515] }},
{"zip_code":"32821","country":"US","city":"Orlando","state":"Florida","state_ab":"FL","county":"Orange","geo_location":{ "type": "Point", "coordinates": [-81.4666, 28.3957] }},
{"zip_code":"32834","country":"US","city":"Orlando","state":"Florida","state_ab":"FL","county":"Orange","geo_location":{ "type": "Point", "coordinates": [-81.2608, 28.5663] }},
{"zip_code":"32861","country":"US","city":"Orlando","state":"Florida","state_ab":"FL","county":"Orange","geo_location":{ "type": "Point", "coordinates": [-81.2608, 28.5663] }},
{"zip_code":"32887","country":"US","city":"Orlando","state":"Florida","state_ab":"FL","county":"Orange","geo_location":{ "type": "Point", "coordinates": [-81.2608, 28.5663] }},
{"zip_code":"34777","country":"US","city":"Winter Garden","state":"Florida","state_ab":"FL","county":"Orange","geo_location":{ "type": "Point", "coordinates": [-81.6058, 28.5416] }},
{"zip_code":"33411","country":"US","city":"West Palm Beach","state":"Florida","state_ab":"FL","county":"Palm Beach","geo_location":{ "type": "Point", "coordinates": [-80.1741, 26.6644] }},
{"zip_code":"33424","country":"US","city":"Boynton Beach","state":"Florida","state_ab":"FL","county":"Palm Beach","geo_location":{ "type": "Point", "coordinates": [-80.4303, 26.6459] }},
{"zip_code":"33437","country":"US","city":"Boynton Beach","state":"Florida","state_ab":"FL","county":"Palm Beach","geo_location":{ "type": "Point", "coordinates": [-80.1418, 26.5312] }},
{"zip_code":"33464","country":"US","city":"Lake Worth","state":"Florida","state_ab":"FL","county":"Palm Beach","geo_location":{ "type": "Point", "coordinates": [-80.4303, 26.6459] }},
{"zip_code":"33477","country":"US","city":"Jupiter","state":"Florida","state_ab":"FL","county":"Palm Beach","geo_location":{ "type": "Point", "coordinates": [-80.077, 26.9217] }},
{"zip_code":"33541","country":"US","city":"Zephyrhills","state":"Florida","state_ab":"FL","county":"Pasco","geo_location":{ "type": "Point", "coordinates": [-82.2057, 28.2311] }},
{"zip_code":"34674","country":"US","city":"Hudson","state":"Florida","state_ab":"FL","county":"Pasco","geo_location":{ "type": "Point", "coordinates": [-82.4818, 28.3248] }},
{"zip_code":"33707","country":"US","city":"Saint Petersburg","state":"Florida","state_ab":"FL","county":"Pinellas","geo_location":{ "type": "Point", "coordinates": [-82.7208, 27.7549] }},
{"zip_code":"33734","country":"US","city":"Saint Petersburg","state":"Florida","state_ab":"FL","county":"Pinellas","geo_location":{ "type": "Point", "coordinates": [-82.7248, 27.8918] }},
{"zip_code":"33747","country":"US","city":"Saint Petersburg","state":"Florida","state_ab":"FL","county":"Pinellas","geo_location":{ "type": "Point", "coordinates": [-82.7248, 27.8918] }},
{"zip_code":"33761","country":"US","city":"Clearwater","state":"Florida","state_ab":"FL","county":"Pinellas","geo_location":{ "type": "Point", "coordinates": [-82.7239, 28.031] }},
{"zip_code":"33774","country":"US","city":"Largo","state":"Florida","state_ab":"FL","county":"Pinellas","geo_location":{ "type": "Point", "coordinates": [-82.8265, 27.8839] }},
{"zip_code":"34621","country":"US","city":"Clearwater","state":"Florida","state_ab":"FL","county":"Pinellas County","geo_location":{ "type": "Point", "coordinates": [-82.7239, 28.0292] }},
{"zip_code":"34634","country":"US","city":"Belleair Beach","state":"Florida","state_ab":"FL","county":"Pinellas County","geo_location":{ "type": "Point", "coordinates": [-82.8496, 27.8825] }},
{"zip_code":"34647","country":"US","city":"Largo","state":"Florida","state_ab":"FL","county":"Pinellas County","geo_location":{ "type": "Point", "coordinates": [-82.7597, 27.8532] }},
{"zip_code":"33811","country":"US","city":"Lakeland","state":"Florida","state_ab":"FL","county":"Polk","geo_location":{ "type": "Point", "coordinates": [-82.0139, 27.9865] }},
{"zip_code":"33837","country":"US","city":"Davenport","state":"Florida","state_ab":"FL","county":"Polk","geo_location":{ "type": "Point", "coordinates": [-81.6079, 28.1963] }},
{"zip_code":"33851","country":"US","city":"Lake Hamilton","state":"Florida","state_ab":"FL","county":"Polk","geo_location":{ "type": "Point", "coordinates": [-81.628, 28.0369] }},
{"zip_code":"33877","country":"US","city":"Waverly","state":"Florida","state_ab":"FL","county":"Polk","geo_location":{ "type": "Point", "coordinates": [-81.6144, 27.9769] }},
{"zip_code":"33967","country":"US","city":"Fort Myers","state":"Florida","state_ab":"FL","county":"Polk County","geo_location":{ "type": "Point", "coordinates": [-81.8122, 26.4722] }},
{"zip_code":"32007","country":"US","city":"Bostwick","state":"Florida","state_ab":"FL","county":"Putnam","geo_location":{ "type": "Point", "coordinates": [-81.6273, 29.7996] }},
{"zip_code":"32177","country":"US","city":"Palatka","state":"Florida","state_ab":"FL","county":"Putnam","geo_location":{ "type": "Point", "coordinates": [-81.6595, 29.6577] }},
{"zip_code":"34984","country":"US","city":"Port Saint Lucie","state":"Florida","state_ab":"FL","county":"St. Lucie","geo_location":{ "type": "Point", "coordinates": [-80.3389, 27.2655] }},
{"zip_code":"34234","country":"US","city":"Sarasota","state":"Florida","state_ab":"FL","county":"Sarasota","geo_location":{ "type": "Point", "coordinates": [-82.5268, 27.3688] }},
{"zip_code":"34274","country":"US","city":"Nokomis","state":"Florida","state_ab":"FL","county":"Sarasota","geo_location":{ "type": "Point", "coordinates": [-82.4645, 27.144] }},
{"zip_code":"34287","country":"US","city":"North Port","state":"Florida","state_ab":"FL","county":"Sarasota","geo_location":{ "type": "Point", "coordinates": [-82.2416, 27.0478] }},
{"zip_code":"32717","country":"US","city":"Altamonte Springs","state":"Florida","state_ab":"FL","county":"Seminole County","geo_location":{ "type": "Point", "coordinates": [-81.4027, 28.6659] }},
{"zip_code":"32771","country":"US","city":"Sanford","state":"Florida","state_ab":"FL","county":"Seminole","geo_location":{ "type": "Point", "coordinates": [-81.285, 28.8013] }},
{"zip_code":"33514","country":"US","city":"Center Hill","state":"Florida","state_ab":"FL","county":"Sumter","geo_location":{ "type": "Point", "coordinates": [-81.9963, 28.6635] }},
{"zip_code":"32357","country":"US","city":"Shady Grove","state":"Florida","state_ab":"FL","county":"Taylor","geo_location":{ "type": "Point", "coordinates": [-83.7111, 30.2147] }},
{"zip_code":"32124","country":"US","city":"Daytona Beach","state":"Florida","state_ab":"FL","county":"Volusia","geo_location":{ "type": "Point", "coordinates": [-81.1402, 29.1419] }},
{"zip_code":"32744","country":"US","city":"Lake Helen","state":"Florida","state_ab":"FL","county":"Volusia","geo_location":{ "type": "Point", "coordinates": [-81.2334, 28.9806] }},
{"zip_code":"32434","country":"US","city":"Mossy Head","state":"Florida","state_ab":"FL","county":"Walton","geo_location":{ "type": "Point", "coordinates": [-86.3427, 30.7625] }},
{"zip_code":"96944","country":"US","city":"Kosrae","state":"","state_ab":"FM","county":"","geo_location":{ "type": "Point", "coordinates": [151.5031, 7.1383] }},
{"zip_code":"31624","country":"US","city":"Axson","state":"Georgia","state_ab":"GA","county":"Atkinson","geo_location":{ "type": "Point", "coordinates": [-82.7319, 31.3035] }},
{"zip_code":"30171","country":"US","city":"Rydal","state":"Georgia","state_ab":"GA","county":"Bartow","geo_location":{ "type": "Point", "coordinates": [-84.7376, 34.3379] }},
{"zip_code":"30184","country":"US","city":"White","state":"Georgia","state_ab":"GA","county":"Bartow","geo_location":{ "type": "Point", "coordinates": [-84.7383, 34.2717] }},
{"zip_code":"31211","country":"US","city":"Macon","state":"Georgia","state_ab":"GA","county":"Bibb","geo_location":{ "type": "Point", "coordinates": [-83.6021, 32.8869] }},
{"zip_code":"30441","country":"US","city":"Midville","state":"Georgia","state_ab":"GA","county":"Burke","geo_location":{ "type": "Point", "coordinates": [-82.2042, 32.8638] }},
{"zip_code":"30234","country":"US","city":"Jenkinsburg","state":"Georgia","state_ab":"GA","county":"Butts","geo_location":{ "type": "Point", "coordinates": [-84.0287, 33.3224] }},
{"zip_code":"31547","country":"US","city":"Kings Bay","state":"Georgia","state_ab":"GA","county":"Camden","geo_location":{ "type": "Point", "coordinates": [-81.5607, 30.7906] }},
{"zip_code":"30117","country":"US","city":"Carrollton","state":"Georgia","state_ab":"GA","county":"Carroll","geo_location":{ "type": "Point", "coordinates": [-85.0812, 33.5798] }},
{"zip_code":"31404","country":"US","city":"Savannah","state":"Georgia","state_ab":"GA","county":"Chatham","geo_location":{ "type": "Point", "coordinates": [-81.0492, 32.0543] }},
{"zip_code":"30607","country":"US","city":"Athens","state":"Georgia","state_ab":"GA","county":"Clarke","geo_location":{ "type": "Point", "coordinates": [-83.4278, 34.007] }},
{"zip_code":"30027","country":"US","city":"Conley","state":"Georgia","state_ab":"GA","county":"Clayton County","geo_location":{ "type": "Point", "coordinates": [-84.3267, 33.6473] }},
{"zip_code":"30247","country":"US","city":"Lilburn","state":"Georgia","state_ab":"GA","county":"Clayton County","geo_location":{ "type": "Point", "coordinates": [-84.1176, 33.8727] }},
{"zip_code":"30274","country":"US","city":"Riverdale","state":"Georgia","state_ab":"GA","county":"Clayton","geo_location":{ "type": "Point", "coordinates": [-84.4003, 33.5531] }},
{"zip_code":"30287","country":"US","city":"Morrow","state":"Georgia","state_ab":"GA","county":"Clayton","geo_location":{ "type": "Point", "coordinates": [-84.3513, 33.5007] }},
{"zip_code":"30001","country":"US","city":"Austell","state":"Georgia","state_ab":"GA","county":"Cobb County","geo_location":{ "type": "Point", "coordinates": [-84.6077, 33.8094] }},
{"zip_code":"30067","country":"US","city":"Marietta","state":"Georgia","state_ab":"GA","county":"Cobb","geo_location":{ "type": "Point", "coordinates": [-84.4733, 33.9282] }},
{"zip_code":"30081","country":"US","city":"Smyrna","state":"Georgia","state_ab":"GA","county":"Cobb","geo_location":{ "type": "Point", "coordinates": [-84.7106, 33.8588] }},
{"zip_code":"30144","country":"US","city":"Kennesaw","state":"Georgia","state_ab":"GA","county":"Cobb","geo_location":{ "type": "Point", "coordinates": [-84.6047, 34.0287] }},
{"zip_code":"31534","country":"US","city":"Douglas","state":"Georgia","state_ab":"GA","county":"Coffee","geo_location":{ "type": "Point", "coordinates": [-82.8546, 31.5716] }},
{"zip_code":"30814","country":"US","city":"Harlem","state":"Georgia","state_ab":"GA","county":"Columbia","geo_location":{ "type": "Point", "coordinates": [-82.3097, 33.417] }},
{"zip_code":"30917","country":"US","city":"Augusta","state":"Georgia","state_ab":"GA","county":"Columbia","geo_location":{ "type": "Point", "coordinates": [-82.2355, 33.5277] }},
{"zip_code":"31637","country":"US","city":"Lenox","state":"Georgia","state_ab":"GA","county":"Cook","geo_location":{ "type": "Point", "coordinates": [-83.4481, 31.2664] }},
{"zip_code":"31701","country":"US","city":"Albany","state":"Georgia","state_ab":"GA","county":"Dougherty","geo_location":{ "type": "Point", "coordinates": [-84.1619, 31.5678] }},
{"zip_code":"31741","country":"US","city":"Damascus","state":"Georgia","state_ab":"GA","county":"Early","geo_location":{ "type": "Point", "coordinates": [-84.7175, 31.2981] }},
{"zip_code":"30634","country":"US","city":"Dewy Rose","state":"Georgia","state_ab":"GA","county":"Elbert","geo_location":{ "type": "Point", "coordinates": [-82.9434, 34.1853] }},
{"zip_code":"30401","country":"US","city":"Swainsboro","state":"Georgia","state_ab":"GA","county":"Emanuel","geo_location":{ "type": "Point", "coordinates": [-82.3462, 32.5699] }},
{"zip_code":"30414","country":"US","city":"Bellville","state":"Georgia","state_ab":"GA","county":"Evans","geo_location":{ "type": "Point", "coordinates": [-81.8719, 32.1634] }},
{"zip_code":"30041","country":"US","city":"Cumming","state":"Georgia","state_ab":"GA","county":"Forsyth","geo_location":{ "type": "Point", "coordinates": [-84.1031, 34.2037] }},
{"zip_code":"30311","country":"US","city":"Atlanta","state":"Georgia","state_ab":"GA","county":"Fulton","geo_location":{ "type": "Point", "coordinates": [-84.4702, 33.723] }},
{"zip_code":"30324","country":"US","city":"Atlanta","state":"Georgia","state_ab":"GA","county":"Fulton","geo_location":{ "type": "Point", "coordinates": [-84.3549, 33.8206] }},
{"zip_code":"30337","country":"US","city":"Atlanta","state":"Georgia","state_ab":"GA","county":"Fulton","geo_location":{ "type": "Point", "coordinates": [-84.4618, 33.6428] }},
{"zip_code":"30351","country":"US","city":"Atlanta","state":"Georgia","state_ab":"GA","county":"Fulton","geo_location":{ "type": "Point", "coordinates": [-84.4741, 33.8444] }},
{"zip_code":"30364","country":"US","city":"Atlanta","state":"Georgia","state_ab":"GA","county":"Fulton","geo_location":{ "type": "Point", "coordinates": [-84.4741, 33.8444] }},
{"zip_code":"30377","country":"US","city":"Atlanta","state":"Georgia","state_ab":"GA","county":"Fulton","geo_location":{ "type": "Point", "coordinates": [-84.4741, 33.8444] }},
{"zip_code":"31107","country":"US","city":"Atlanta","state":"Georgia","state_ab":"GA","county":"Fulton","geo_location":{ "type": "Point", "coordinates": [-84.4741, 33.8444] }},
{"zip_code":"31521","country":"US","city":"Brunswick","state":"Georgia","state_ab":"GA","county":"Glynn","geo_location":{ "type": "Point", "coordinates": [-81.5325, 31.2415] }},
{"zip_code":"31561","country":"US","city":"Sea Island","state":"Georgia","state_ab":"GA","county":"Glynn","geo_location":{ "type": "Point", "coordinates": [-81.3322, 31.1989] }},
{"zip_code":"39897","country":"US","city":"Whigham","state":"Georgia","state_ab":"GA","county":"Grady County","geo_location":{ "type": "Point", "coordinates": [-84.3246, 30.8836] }},
{"zip_code":"30221","country":"US","city":"Grayson","state":"Georgia","state_ab":"GA","county":"Gwinnett County","geo_location":{ "type": "Point", "coordinates": [-83.9749, 33.8835] }},
{"zip_code":"30531","country":"US","city":"Cornelia","state":"Georgia","state_ab":"GA","county":"Habersham","geo_location":{ "type": "Point", "coordinates": [-83.5453, 34.5209] }},
{"zip_code":"30544","country":"US","city":"Demorest","state":"Georgia","state_ab":"GA","county":"Habersham","geo_location":{ "type": "Point", "coordinates": [-83.5629, 34.5931] }},
{"zip_code":"30504","country":"US","city":"Gainesville","state":"Georgia","state_ab":"GA","county":"Hall","geo_location":{ "type": "Point", "coordinates": [-83.8793, 34.2723] }},
{"zip_code":"99501","country":"US","city":"Anchorage","state":"Alaska","state_ab":"AK","county":"Anchorage Municipality","geo_location":{ "type": "Point", "coordinates": [-149.8761, 61.2116] }},
{"zip_code":"99514","country":"US","city":"Anchorage","state":"Alaska","state_ab":"AK","county":"Anchorage Municipality","geo_location":{ "type": "Point", "coordinates": [-149.4403, 61.1089] }},
{"zip_code":"99567","country":"US","city":"Chugiak","state":"Alaska","state_ab":"AK","county":"Anchorage Municipality","geo_location":{ "type": "Point", "coordinates": [-149.4537, 61.4098] }},
{"zip_code":"99707","country":"US","city":"Fairbanks","state":"Alaska","state_ab":"AK","county":"Fairbanks North Star","geo_location":{ "type": "Point", "coordinates": [-147.4051, 64.6998] }},
{"zip_code":"99811","country":"US","city":"Juneau","state":"Alaska","state_ab":"AK","county":"Juneau City and Boroug","geo_location":{ "type": "Point", "coordinates": [-134.1978, 58.3835] }},
{"zip_code":"99824","country":"US","city":"Douglas","state":"Alaska","state_ab":"AK","county":"Juneau City and Boroug","geo_location":{ "type": "Point", "coordinates": [-134.395, 58.2756] }},
{"zip_code":"99631","country":"US","city":"Moose Pass","state":"Alaska","state_ab":"AK","county":"Kenai Peninsula","geo_location":{ "type": "Point", "coordinates": [-149.4056, 60.6148] }},
{"zip_code":"99901","country":"US","city":"Ketchikan","state":"Alaska","state_ab":"AK","county":"Ketchikan Gateway","geo_location":{ "type": "Point", "coordinates": [-131.6832, 55.372] }},
{"zip_code":"99644","country":"US","city":"Ouzinkie","state":"Alaska","state_ab":"AK","county":"Kodiak Island","geo_location":{ "type": "Point", "coordinates": [-155.7971, 58.2687] }},
{"zip_code":"99697","country":"US","city":"Kodiak","state":"Alaska","state_ab":"AK","county":"Kodiak Island","geo_location":{ "type": "Point", "coordinates": [-155.7971, 58.2687] }},
{"zip_code":"99671","country":"US","city":"Stebbins","state":"Alaska","state_ab":"AK","county":"Nome (CA)","geo_location":{ "type": "Point", "coordinates": [-165.6723, 64.7556] }},
{"zip_code":"99684","country":"US","city":"Unalakleet","state":"Alaska","state_ab":"AK","county":"Nome (CA)","geo_location":{ "type": "Point", "coordinates": [-160.7884, 63.8835] }},
{"zip_code":"99721","country":"US","city":"Anaktuvuk Pass","state":"Alaska","state_ab":"AK","county":"North Slope","geo_location":{ "type": "Point", "coordinates": [-153.994, 66.6933] }},
{"zip_code":"99734","country":"US","city":"Prudhoe Bay","state":"Alaska","state_ab":"AK","county":"North Slope","geo_location":{ "type": "Point", "coordinates": [-153.994, 66.6933] }},
{"zip_code":"99747","country":"US","city":"Kaktovik","state":"Alaska","state_ab":"AK","county":"North Slope","geo_location":{ "type": "Point", "coordinates": [-153.994, 66.6933] }},
{"zip_code":"99761","country":"US","city":"Noatak","state":"Alaska","state_ab":"AK","county":"Northwest Arctic","geo_location":{ "type": "Point", "coordinates": [-159.8439, 66.8684] }},
{"zip_code":"99927","country":"US","city":"Point Baker","state":"Alaska","state_ab":"AK","county":"Prince of Wales-Outer","geo_location":{ "type": "Point", "coordinates": [-132.0032, 55.5179] }},
{"zip_code":"99554","country":"US","city":"Alakanuk","state":"Alaska","state_ab":"AK","county":"Wade Hampton (CA)","geo_location":{ "type": "Point", "coordinates": [-164.6475, 62.6944] }},
{"zip_code":"99581","country":"US","city":"Emmonak","state":"Alaska","state_ab":"AK","county":"Wade Hampton (CA)","geo_location":{ "type": "Point", "coordinates": [-164.5335, 62.7818] }},
{"zip_code":"99604","country":"US","city":"Hooper Bay","state":"Alaska","state_ab":"AK","county":"Wade Hampton (CA)","geo_location":{ "type": "Point", "coordinates": [-166.1151, 61.527] }},
{"zip_code":"99657","country":"US","city":"Russian Mission","state":"Alaska","state_ab":"AK","county":"Wade Hampton (CA)","geo_location":{ "type": "Point", "coordinates": [-161.3939, 61.7744] }},
{"zip_code":"99774","country":"US","city":"Stevens Village","state":"Alaska","state_ab":"AK","county":"Yukon-Koyukuk (CA)","geo_location":{ "type": "Point", "coordinates": [-151.0251, 65.2264] }},
{"zip_code":"36511","country":"US","city":"Bon Secour","state":"Alabama","state_ab":"AL","county":"Baldwin","geo_location":{ "type": "Point", "coordinates": [-87.7431, 30.3128] }},
{"zip_code":"36551","country":"US","city":"Loxley","state":"Alabama","state_ab":"AL","county":"Baldwin","geo_location":{ "type": "Point", "coordinates": [-87.7562, 30.618] }},
{"zip_code":"36564","country":"US","city":"Point Clear","state":"Alabama","state_ab":"AL","county":"Baldwin","geo_location":{ "type": "Point", "coordinates": [-87.9179, 30.476] }},
{"zip_code":"36577","country":"US","city":"Spanish Fort","state":"Alabama","state_ab":"AL","county":"Baldwin","geo_location":{ "type": "Point", "coordinates": [-87.7019, 30.7328] }},
{"zip_code":"35031","country":"US","city":"Blountsville","state":"Alabama","state_ab":"AL","county":"Blount","geo_location":{ "type": "Point", "coordinates": [-86.5686, 34.0929] }},
{"zip_code":"35097","country":"US","city":"Locust Fork","state":"Alabama","state_ab":"AL","county":"Blount","geo_location":{ "type": "Point", "coordinates": [-86.6261, 33.905] }},
{"zip_code":"35121","country":"US","city":"Oneonta","state":"Alabama","state_ab":"AL","county":"Blount","geo_location":{ "type": "Point", "coordinates": [-86.4741, 33.9259] }},
{"zip_code":"36061","country":"US","city":"Perote","state":"Alabama","state_ab":"AL","county":"Bullock","geo_location":{ "type": "Point", "coordinates": [-85.7046, 32.0928] }},
{"zip_code":"36201","country":"US","city":"Anniston","state":"Alabama","state_ab":"AL","county":"Calhoun","geo_location":{ "type": "Point", "coordinates": [-85.8382, 33.6539] }},
{"zip_code":"36254","country":"US","city":"Choccolocco","state":"Alabama","state_ab":"AL","county":"Calhoun","geo_location":{ "type": "Point", "coordinates": [-85.6991, 33.6573] }},
{"zip_code":"36911","country":"US","city":"Lavaca","state":"Alabama","state_ab":"AL","county":"Choctaw County","geo_location":{ "type": "Point", "coordinates": [-88.0799, 32.1401] }},
{"zip_code":"36524","country":"US","city":"Coffeeville","state":"Alabama","state_ab":"AL","county":"Clarke","geo_location":{ "type": "Point", "coordinates": [-88.0715, 31.7843] }},
{"zip_code":"36784","country":"US","city":"Thomasville","state":"Alabama","state_ab":"AL","county":"Clarke","geo_location":{ "type": "Point", "coordinates": [-87.7598, 31.9067] }},
{"zip_code":"36267","country":"US","city":"Millerville","state":"Alabama","state_ab":"AL","county":"Clay","geo_location":{ "type": "Point", "coordinates": [-85.9418, 33.1808] }},
{"zip_code":"36331","country":"US","city":"Enterprise","state":"Alabama","state_ab":"AL","county":"Coffee","geo_location":{ "type": "Point", "coordinates": [-85.9036, 31.2978] }},
{"zip_code":"36474","country":"US","city":"Red Level","state":"Alabama","state_ab":"AL","county":"Covington","geo_location":{ "type": "Point", "coordinates": [-86.6121, 31.4399] }},
{"zip_code":"36034","country":"US","city":"Glenwood","state":"Alabama","state_ab":"AL","county":"Crenshaw","geo_location":{ "type": "Point", "coordinates": [-86.171, 31.6641] }},
{"zip_code":"35057","country":"US","city":"Cullman","state":"Alabama","state_ab":"AL","county":"Cullman","geo_location":{ "type": "Point", "coordinates": [-86.9447, 34.0878] }},
{"zip_code":"36317","country":"US","city":"Clopton","state":"Alabama","state_ab":"AL","county":"Dale","geo_location":{ "type": "Point", "coordinates": [-85.3911, 31.6446] }},
{"zip_code":"36371","country":"US","city":"Pinckard","state":"Alabama","state_ab":"AL","county":"Dale","geo_location":{ "type": "Point", "coordinates": [-85.5263, 31.3074] }},
{"zip_code":"36771","country":"US","city":"Prairie","state":"Alabama","state_ab":"AL","county":"Dallas County","geo_location":{ "type": "Point", "coordinates": [-87.4487, 32.0848] }},
{"zip_code":"35961","country":"US","city":"Collinsville","state":"Alabama","state_ab":"AL","county":"DeKalb","geo_location":{ "type": "Point", "coordinates": [-85.862, 34.268] }},
{"zip_code":"35974","country":"US","city":"Geraldine","state":"Alabama","state_ab":"AL","county":"DeKalb","geo_location":{ "type": "Point", "coordinates": [-86.024, 34.3592] }},
{"zip_code":"35907","country":"US","city":"Gadsden","state":"Alabama","state_ab":"AL","county":"Etowah","geo_location":{ "type": "Point", "coordinates": [-86.0245, 33.8979] }},
{"zip_code":"36344","country":"US","city":"Hartford","state":"Alabama","state_ab":"AL","county":"Geneva","geo_location":{ "type": "Point", "coordinates": [-85.7192, 31.086] }},
{"zip_code":"36744","country":"US","city":"Greensboro","state":"Alabama","state_ab":"AL","county":"Hale","geo_location":{ "type": "Point", "coordinates": [-87.5905, 32.7167] }},
{"zip_code":"36304","country":"US","city":"Dothan","state":"Alabama","state_ab":"AL","county":"Houston","geo_location":{ "type": "Point", "coordinates": [-85.3559, 31.156] }},
{"zip_code":"35071","country":"US","city":"Gardendale","state":"Alabama","state_ab":"AL","county":"Jefferson","geo_location":{ "type": "Point", "coordinates": [-86.8225, 33.7189] }},
{"zip_code":"35211","country":"US","city":"Birmingham","state":"Alabama","state_ab":"AL","county":"Jefferson","geo_location":{ "type": "Point", "coordinates": [-86.859, 33.4816] }},
{"zip_code":"35224","country":"US","city":"Birmingham","state":"Alabama","state_ab":"AL","county":"Jefferson","geo_location":{ "type": "Point", "coordinates": [-86.9342, 33.5191] }},
{"zip_code":"35237","country":"US","city":"Birmingham","state":"Alabama","state_ab":"AL","county":"Jefferson","geo_location":{ "type": "Point", "coordinates": [-86.9292, 33.5446] }},
{"zip_code":"35277","country":"US","city":"Birmingham","state":"Alabama","state_ab":"AL","county":"Jefferson","geo_location":{ "type": "Point", "coordinates": [-86.9292, 33.5446] }},
{"zip_code":"35291","country":"US","city":"Birmingham","state":"Alabama","state_ab":"AL","county":"Jefferson","geo_location":{ "type": "Point", "coordinates": [-86.9292, 33.5446] }},
{"zip_code":"35574","country":"US","city":"Kennedy","state":"Alabama","state_ab":"AL","county":"Lamar","geo_location":{ "type": "Point", "coordinates": [-87.9948, 33.6153] }},
{"zip_code":"35677","country":"US","city":"Waterloo","state":"Alabama","state_ab":"AL","county":"Lauderdale","geo_location":{ "type": "Point", "coordinates": [-87.9624, 34.9357] }},
{"zip_code":"35651","country":"US","city":"Mount Hope","state":"Alabama","state_ab":"AL","county":"Lawrence","geo_location":{ "type": "Point", "coordinates": [-87.4769, 34.4793] }},
{"zip_code":"36874","country":"US","city":"Salem","state":"Alabama","state_ab":"AL","county":"Lee","geo_location":{ "type": "Point", "coordinates": [-85.184, 32.6212] }},
{"zip_code":"35611","country":"US","city":"Athens","state":"Alabama","state_ab":"AL","county":"Limestone","geo_location":{ "type": "Point", "coordinates": [-86.9707, 34.8036] }},
{"zip_code":"36047","country":"US","city":"Letohatchee","state":"Alabama","state_ab":"AL","county":"Lowndes","geo_location":{ "type": "Point", "coordinates": [-86.488, 32.0862] }},
{"zip_code":"36087","country":"US","city":"Tuskegee Institute","state":"Alabama","state_ab":"AL","county":"Macon","geo_location":{ "type": "Point", "coordinates": [-85.738, 32.4093] }},
{"zip_code":"35741","country":"US","city":"Brownsboro","state":"Alabama","state_ab":"AL","county":"Madison","geo_location":{ "type": "Point", "coordinates": [-86.4687, 34.7167] }},
{"zip_code":"35767","country":"US","city":"Ryland","state":"Alabama","state_ab":"AL","county":"Madison","geo_location":{ "type": "Point", "coordinates": [-86.5229, 34.734] }},
{"zip_code":"35804","country":"US","city":"Huntsville","state":"Alabama","state_ab":"AL","county":"Madison","geo_location":{ "type": "Point", "coordinates": [-86.5853, 34.7284] }},
{"zip_code":"35897","country":"US","city":"Huntsville","state":"Alabama","state_ab":"AL","county":"Madison","geo_location":{ "type": "Point", "coordinates": [-86.5229, 34.734] }},
{"zip_code":"36731","country":"US","city":"Dayton","state":"Alabama","state_ab":"AL","county":"Marengo County","geo_location":{ "type": "Point", "coordinates": [-87.6418, 32.3507] }},
{"zip_code":"36421","country":"US","city":"Andalusia","state":"Alabama","state_ab":"AL","county":"Mobile County","geo_location":{ "type": "Point", "coordinates": [-86.5067, 31.3247] }},
{"zip_code":"36601","country":"US","city":"Mobile","state":"Alabama","state_ab":"AL","county":"Mobile","geo_location":{ "type": "Point", "coordinates": [-88.1032, 30.7011] }},
{"zip_code":"36614","country":"US","city":"Mobile","state":"Alabama","state_ab":"AL","county":"Mobile","geo_location":{ "type": "Point", "coordinates": [-88.2111, 30.6019] }},
{"zip_code":"36641","country":"US","city":"Mobile","state":"Alabama","state_ab":"AL","county":"Mobile","geo_location":{ "type": "Point", "coordinates": [-88.178, 30.6589] }},
{"zip_code":"36461","country":"US","city":"Monroeville","state":"Alabama","state_ab":"AL","county":"Monroe","geo_location":{ "type": "Point", "coordinates": [-87.3411, 31.5221] }},
{"zip_code":"36111","country":"US","city":"Montgomery","state":"Alabama","state_ab":"AL","county":"Montgomery","geo_location":{ "type": "Point", "coordinates": [-86.2715, 32.3374] }},
{"zip_code":"36124","country":"US","city":"Montgomery","state":"Alabama","state_ab":"AL","county":"Montgomery","geo_location":{ "type": "Point", "coordinates": [-86.2085, 32.2334] }},
{"zip_code":"36177","country":"US","city":"Montgomery","state":"Alabama","state_ab":"AL","county":"Montgomery","geo_location":{ "type": "Point", "coordinates": [-86.2085, 32.2334] }},
{"zip_code":"36191","country":"US","city":"Montgomery","state":"Alabama","state_ab":"AL","county":"Montgomery","geo_location":{ "type": "Point", "coordinates": [-86.2085, 32.2334] }},
{"zip_code":"35754","country":"US","city":"Laceys Spring","state":"Alabama","state_ab":"AL","county":"Morgan","geo_location":{ "type": "Point", "coordinates": [-86.6129, 34.4996] }},
{"zip_code":"35471","country":"US","city":"Mc Shan","state":"Alabama","state_ab":"AL","county":"Pickens","geo_location":{ "type": "Point", "coordinates": [-88.0885, 33.2626] }},
{"zip_code":"92557","country":"US","city":"Moreno Valley","state":"California","state_ab":"CA","county":"Riverside","geo_location":{ "type": "Point", "coordinates": [-117.2457, 33.9553] }},
{"zip_code":"92571","country":"US","city":"Perris","state":"California","state_ab":"CA","county":"Riverside","geo_location":{ "type": "Point", "coordinates": [-117.218, 33.811] }},
{"zip_code":"92584","country":"US","city":"Menifee","state":"California","state_ab":"CA","county":"Riverside","geo_location":{ "type": "Point", "coordinates": [-117.1743, 33.6647] }},
{"zip_code":"92881","country":"US","city":"Corona","state":"California","state_ab":"CA","county":"Riverside","geo_location":{ "type": "Point", "coordinates": [-117.5198, 33.8241] }},
{"zip_code":"94254","country":"US","city":"Sacramento","state":"California","state_ab":"CA","county":"Sacramento","geo_location":{ "type": "Point", "coordinates": [-121.4444, 38.3774] }},
{"zip_code":"94267","country":"US","city":"Sacramento","state":"California","state_ab":"CA","county":"Sacramento","geo_location":{ "type": "Point", "coordinates": [-121.4444, 38.3774] }},
{"zip_code":"94294","country":"US","city":"Sacramento","state":"California","state_ab":"CA","county":"Sacramento","geo_location":{ "type": "Point", "coordinates": [-121.4444, 38.3774] }},
{"zip_code":"95671","country":"US","city":"Represa","state":"California","state_ab":"CA","county":"Sacramento","geo_location":{ "type": "Point", "coordinates": [-121.1694, 38.7065] }},
{"zip_code":"95811","country":"US","city":"Sacramento","state":"California","state_ab":"CA","county":"Sacramento County","geo_location":{ "type": "Point", "coordinates": [-121.488, 38.5762] }},
{"zip_code":"95824","country":"US","city":"Sacramento","state":"California","state_ab":"CA","county":"Sacramento","geo_location":{ "type": "Point", "coordinates": [-121.4419, 38.5178] }},
{"zip_code":"95837","country":"US","city":"Sacramento","state":"California","state_ab":"CA","county":"Sacramento","geo_location":{ "type": "Point", "coordinates": [-121.603, 38.6817] }},
{"zip_code":"95851","country":"US","city":"Sacramento","state":"California","state_ab":"CA","county":"Sacramento","geo_location":{ "type": "Point", "coordinates": [-121.4475, 38.6026] }},
{"zip_code":"95864","country":"US","city":"Sacramento","state":"California","state_ab":"CA","county":"Sacramento","geo_location":{ "type": "Point", "coordinates": [-121.3769, 38.5878] }},
{"zip_code":"95024","country":"US","city":"Hollister","state":"California","state_ab":"CA","county":"San Benito","geo_location":{ "type": "Point", "coordinates": [-121.3982, 36.8586] }},
{"zip_code":"91761","country":"US","city":"Ontario","state":"California","state_ab":"CA","county":"San Bernardino","geo_location":{ "type": "Point", "coordinates": [-117.6187, 34.0316] }},
{"zip_code":"92311","country":"US","city":"Barstow","state":"California","state_ab":"CA","county":"San Bernardino","geo_location":{ "type": "Point", "coordinates": [-117.0387, 34.8914] }},
{"zip_code":"92324","country":"US","city":"Colton","state":"California","state_ab":"CA","county":"San Bernardino","geo_location":{ "type": "Point", "coordinates": [-117.2874, 34.0315] }},
{"zip_code":"92337","country":"US","city":"Fontana","state":"California","state_ab":"CA","county":"San Bernardino","geo_location":{ "type": "Point", "coordinates": [-117.4706, 34.0498] }},
{"zip_code":"92351","country":"US","city":"Kelso","state":"California","state_ab":"CA","county":"San Bernardino County","geo_location":{ "type": "Point", "coordinates": [-115.5776, 34.9678] }},
{"zip_code":"92364","country":"US","city":"Nipton","state":"California","state_ab":"CA","county":"San Bernardino","geo_location":{ "type": "Point", "coordinates": [-115.4814, 35.4676] }},
{"zip_code":"92377","country":"US","city":"Rialto","state":"California","state_ab":"CA","county":"San Bernardino","geo_location":{ "type": "Point", "coordinates": [-117.4042, 34.1561] }},
{"zip_code":"92391","country":"US","city":"Twin Peaks","state":"California","state_ab":"CA","county":"San Bernardino","geo_location":{ "type": "Point", "coordinates": [-117.2348, 34.2379] }},
{"zip_code":"92401","country":"US","city":"San Bernardino","state":"California","state_ab":"CA","county":"San Bernardino","geo_location":{ "type": "Point", "coordinates": [-117.2898, 34.1105] }},
{"zip_code":"92414","country":"US","city":"San Bernardino","state":"California","state_ab":"CA","county":"San Bernardino","geo_location":{ "type": "Point", "coordinates": [-115.9671, 34.84] }},
{"zip_code":"92427","country":"US","city":"San Bernardino","state":"California","state_ab":"CA","county":"San Bernardino","geo_location":{ "type": "Point", "coordinates": [-116.8615, 34.2622] }},
{"zip_code":"91901","country":"US","city":"Alpine","state":"California","state_ab":"CA","county":"San Diego","geo_location":{ "type": "Point", "coordinates": [-116.7543, 32.8282] }},
{"zip_code":"91914","country":"US","city":"Chula Vista","state":"California","state_ab":"CA","county":"San Diego","geo_location":{ "type": "Point", "coordinates": [-116.9652, 32.6587] }},
{"zip_code":"91941","country":"US","city":"La Mesa","state":"California","state_ab":"CA","county":"San Diego","geo_location":{ "type": "Point", "coordinates": [-117.0115, 32.7604] }},
{"zip_code":"92014","country":"US","city":"Del Mar","state":"California","state_ab":"CA","county":"San Diego","geo_location":{ "type": "Point", "coordinates": [-117.249, 32.9665] }},
{"zip_code":"92027","country":"US","city":"Escondido","state":"California","state_ab":"CA","county":"San Diego","geo_location":{ "type": "Point", "coordinates": [-117.052, 33.1388] }},
{"zip_code":"92054","country":"US","city":"Oceanside","state":"California","state_ab":"CA","county":"San Diego","geo_location":{ "type": "Point", "coordinates": [-117.3573, 33.2072] }},
{"zip_code":"92067","country":"US","city":"Rancho Santa Fe","state":"California","state_ab":"CA","county":"San Diego","geo_location":{ "type": "Point", "coordinates": [-117.2157, 33.005] }},
{"zip_code":"92081","country":"US","city":"Vista","state":"California","state_ab":"CA","county":"San Diego County","geo_location":{ "type": "Point", "coordinates": [-117.2403, 33.1644] }},
{"zip_code":"92104","country":"US","city":"San Diego","state":"California","state_ab":"CA","county":"San Diego","geo_location":{ "type": "Point", "coordinates": [-117.1272, 32.7454] }},
{"zip_code":"92117","country":"US","city":"San Diego","state":"California","state_ab":"CA","county":"San Diego","geo_location":{ "type": "Point", "coordinates": [-117.1965, 32.8239] }},
{"zip_code":"92131","country":"US","city":"San Diego","state":"California","state_ab":"CA","county":"San Diego","geo_location":{ "type": "Point", "coordinates": [-117.0898, 32.9123] }},
{"zip_code":"92171","country":"US","city":"San Diego","state":"California","state_ab":"CA","county":"San Diego","geo_location":{ "type": "Point", "coordinates": [-116.846, 33.0169] }},
{"zip_code":"92184","country":"US","city":"San Diego","state":"California","state_ab":"CA","county":"San Diego","geo_location":{ "type": "Point", "coordinates": [-116.846, 33.0169] }},
{"zip_code":"92197","country":"US","city":"San Diego","state":"California","state_ab":"CA","county":"San Diego","geo_location":{ "type": "Point", "coordinates": [-116.846, 33.0169] }},
{"zip_code":"94111","country":"US","city":"San Francisco","state":"California","state_ab":"CA","county":"San Francisco","geo_location":{ "type": "Point", "coordinates": [-122.4001, 37.7974] }},
{"zip_code":"94124","country":"US","city":"San Francisco","state":"California","state_ab":"CA","county":"San Francisco","geo_location":{ "type": "Point", "coordinates": [-122.3886, 37.7309] }},
{"zip_code":"94137","country":"US","city":"San Francisco","state":"California","state_ab":"CA","county":"San Francisco","geo_location":{ "type": "Point", "coordinates": [-122.7278, 37.7848] }},
{"zip_code":"94151","country":"US","city":"San Francisco","state":"California","state_ab":"CA","county":"San Francisco","geo_location":{ "type": "Point", "coordinates": [-122.7278, 37.7848] }},
{"zip_code":"94164","country":"US","city":"San Francisco","state":"California","state_ab":"CA","county":"San Francisco","geo_location":{ "type": "Point", "coordinates": [-122.7278, 37.7848] }},
{"zip_code":"94177","country":"US","city":"San Francisco","state":"California","state_ab":"CA","county":"San Francisco","geo_location":{ "type": "Point", "coordinates": [-122.7278, 37.7848] }},
{"zip_code":"95204","country":"US","city":"Stockton","state":"California","state_ab":"CA","county":"San Joaquin","geo_location":{ "type": "Point", "coordinates": [-121.3154, 37.9743] }},
{"zip_code":"95231","country":"US","city":"French Camp","state":"California","state_ab":"CA","county":"San Joaquin","geo_location":{ "type": "Point", "coordinates": [-121.2827, 37.878] }},
{"zip_code":"95297","country":"US","city":"Stockton","state":"California","state_ab":"CA","county":"San Joaquin","geo_location":{ "type": "Point", "coordinates": [-121.324, 38.0025] }},
{"zip_code":"93431","country":"US","city":"Cholame","state":"California","state_ab":"CA","county":"San Luis Obispo County","geo_location":{ "type": "Point", "coordinates": [-120.1948, 35.5438] }},
{"zip_code":"93444","country":"US","city":"Nipomo","state":"California","state_ab":"CA","county":"San Luis Obispo","geo_location":{ "type": "Point", "coordinates": [-120.4894, 35.0298] }},
{"zip_code":"94021","country":"US","city":"Loma Mar","state":"California","state_ab":"CA","county":"San Mateo","geo_location":{ "type": "Point", "coordinates": [-122.2807, 37.2708] }},
{"zip_code":"94061","country":"US","city":"Redwood City","state":"California","state_ab":"CA","county":"San Mateo","geo_location":{ "type": "Point", "coordinates": [-122.2304, 37.4647] }},
{"zip_code":"94074","country":"US","city":"San Gregorio","state":"California","state_ab":"CA","county":"San Mateo","geo_location":{ "type": "Point", "coordinates": [-122.3556, 37.3255] }},
{"zip_code":"94407","country":"US","city":"San Mateo","state":"California","state_ab":"CA","county":"San Mateo","geo_location":{ "type": "Point", "coordinates": [-122.3348, 37.3811] }},
{"zip_code":"93107","country":"US","city":"Santa Barbara","state":"California","state_ab":"CA","county":"Santa Barbara","geo_location":{ "type": "Point", "coordinates": [-119.8637, 34.4218] }},
{"zip_code":"93121","country":"US","city":"Santa Barbara","state":"California","state_ab":"CA","county":"Santa Barbara","geo_location":{ "type": "Point", "coordinates": [-119.8486, 34.2628] }},
{"zip_code":"93457","country":"US","city":"Santa Maria","state":"California","state_ab":"CA","county":"Santa Barbara","geo_location":{ "type": "Point", "coordinates": [-120.5342, 34.8363] }},
{"zip_code":"94087","country":"US","city":"Sunnyvale","state":"California","state_ab":"CA","county":"Santa Clara","geo_location":{ "type": "Point", "coordinates": [-122.0349, 37.3502] }},
{"zip_code":"94304","country":"US","city":"Palo Alto","state":"California","state_ab":"CA","county":"Santa Clara","geo_location":{ "type": "Point", "coordinates": [-122.1842, 37.4334] }},
{"zip_code":"95011","country":"US","city":"Campbell","state":"California","state_ab":"CA","county":"Santa Clara","geo_location":{ "type": "Point", "coordinates": [-121.9571, 37.294] }},
{"zip_code":"95037","country":"US","city":"Morgan Hill","state":"California","state_ab":"CA","county":"Santa Clara","geo_location":{ "type": "Point", "coordinates": [-121.6501, 37.1353] }},
{"zip_code":"95051","country":"US","city":"Santa Clara","state":"California","state_ab":"CA","county":"Santa Clara","geo_location":{ "type": "Point", "coordinates": [-121.9844, 37.3483] }},
{"zip_code":"95101","country":"US","city":"San Jose","state":"California","state_ab":"CA","county":"Santa Clara","geo_location":{ "type": "Point", "coordinates": [-121.8868, 37.3894] }},
{"zip_code":"95114","country":"US","city":"San Jose","state":"California","state_ab":"CA","county":"Santa Clara","geo_location":{ "type": "Point", "coordinates": [-121.897, 37.3866] }},
{"zip_code":"95127","country":"US","city":"San Jose","state":"California","state_ab":"CA","county":"Santa Clara","geo_location":{ "type": "Point", "coordinates": [-121.8208, 37.3692] }},
{"zip_code":"95141","country":"US","city":"San Jose","state":"California","state_ab":"CA","county":"Santa Clara","geo_location":{ "type": "Point", "coordinates": [-121.7556, 37.1705] }},
{"zip_code":"95154","country":"US","city":"San Jose","state":"California","state_ab":"CA","county":"Santa Clara","geo_location":{ "type": "Point", "coordinates": [-121.9139, 37.2649] }},
{"zip_code":"95194","country":"US","city":"San Jose","state":"California","state_ab":"CA","county":"Santa Clara","geo_location":{ "type": "Point", "coordinates": [-121.8868, 37.3894] }},
{"zip_code":"95064","country":"US","city":"Santa Cruz","state":"California","state_ab":"CA","county":"Santa Cruz","geo_location":{ "type": "Point", "coordinates": [-122.0578, 36.9959] }},
{"zip_code":"95077","country":"US","city":"Watsonville","state":"California","state_ab":"CA","county":"Santa Cruz","geo_location":{ "type": "Point", "coordinates": [-121.7575, 36.9116] }},
{"zip_code":"96001","country":"US","city":"Redding","state":"California","state_ab":"CA","county":"Shasta","geo_location":{ "type": "Point", "coordinates": [-122.4116, 40.5605] }},
{"zip_code":"96014","country":"US","city":"Callahan","state":"California","state_ab":"CA","county":"Siskiyou","geo_location":{ "type": "Point", "coordinates": [-122.764, 41.3833] }},
{"zip_code":"96027","country":"US","city":"Etna","state":"California","state_ab":"CA","county":"Siskiyou","geo_location":{ "type": "Point", "coordinates": [-123.01, 41.4463] }},
{"zip_code":"96067","country":"US","city":"Mount Shasta","state":"California","state_ab":"CA","county":"Siskiyou","geo_location":{ "type": "Point", "coordinates": [-122.324, 41.3174] }},
{"zip_code":"96094","country":"US","city":"Weed","state":"California","state_ab":"CA","county":"Siskiyou","geo_location":{ "type": "Point", "coordinates": [-122.4086, 41.6661] }},
{"zip_code":"94591","country":"US","city":"Vallejo","state":"California","state_ab":"CA","county":"Solano","geo_location":{ "type": "Point", "coordinates": [-122.2124, 38.0985] }},
{"zip_code":"94951","country":"US","city":"Penngrove","state":"California","state_ab":"CA","county":"Sonoma","geo_location":{ "type": "Point", "coordinates": [-122.6483, 38.3153] }},
{"zip_code":"35004","country":"US","city":"Moody","state":"Alabama","state_ab":"AL","county":"St. Clair","geo_location":{ "type": "Point", "coordinates": [-86.4668, 33.6035] }},
{"zip_code":"35987","country":"US","city":"Steele","state":"Alabama","state_ab":"AL","county":"St. Clair","geo_location":{ "type": "Point", "coordinates": [-86.2289, 33.9417] }},
{"zip_code":"35147","country":"US","city":"Sterrett","state":"Alabama","state_ab":"AL","county":"Shelby","geo_location":{ "type": "Point", "coordinates": [-86.4917, 33.4461] }},
{"zip_code":"35187","country":"US","city":"Wilton","state":"Alabama","state_ab":"AL","county":"Shelby","geo_location":{ "type": "Point", "coordinates": [-86.8793, 33.081] }},
{"zip_code":"35044","country":"US","city":"Childersburg","state":"Alabama","state_ab":"AL","county":"Talladega","geo_location":{ "type": "Point", "coordinates": [-86.3641, 33.2459] }},
{"zip_code":"35161","country":"US","city":"Talladega","state":"Alabama","state_ab":"AL","county":"Talladega","geo_location":{ "type": "Point", "coordinates": [-86.1028, 33.4202] }},
{"zip_code":"36861","country":"US","city":"Jacksons Gap","state":"Alabama","state_ab":"AL","county":"Tallapoosa","geo_location":{ "type": "Point", "coordinates": [-85.8487, 32.8797] }},
{"zip_code":"35404","country":"US","city":"Tuscaloosa","state":"Alabama","state_ab":"AL","county":"Tuscaloosa","geo_location":{ "type": "Point", "coordinates": [-87.4827, 33.1826] }},
{"zip_code":"35444","country":"US","city":"Brookwood","state":"Alabama","state_ab":"AL","county":"Tuscaloosa","geo_location":{ "type": "Point", "coordinates": [-87.309, 33.2775] }},
{"zip_code":"35457","country":"US","city":"Echola","state":"Alabama","state_ab":"AL","county":"Tuscaloosa","geo_location":{ "type": "Point", "coordinates": [-87.7766, 33.294] }},
{"zip_code":"35587","country":"US","city":"Townley","state":"Alabama","state_ab":"AL","county":"Walker","geo_location":{ "type": "Point", "coordinates": [-87.4372, 33.847] }},
{"zip_code":"96337","country":"US","city":"APO","state":"","state_ab":"AP","county":"Harford","geo_location":{ "type": "Point", "coordinates": [-113.038, 35.3541] }},
{"zip_code":"72537","country":"US","city":"Gamaliel","state":"Arkansas","state_ab":"AR","county":"Baxter","geo_location":{ "type": "Point", "coordinates": [-92.2284, 36.4618] }},
{"zip_code":"72654","country":"US","city":"Mountain Home","state":"Arkansas","state_ab":"AR","county":"Baxter","geo_location":{ "type": "Point", "coordinates": [-92.3726, 36.2364] }},
{"zip_code":"72757","country":"US","city":"Rogers","state":"Arkansas","state_ab":"AR","county":"Benton","geo_location":{ "type": "Point", "coordinates": [-94.1156, 36.372] }},
{"zip_code":"72601","country":"US","city":"Harrison","state":"Arkansas","state_ab":"AR","county":"Boone","geo_location":{ "type": "Point", "coordinates": [-93.1062, 36.2417] }},
{"zip_code":"71651","country":"US","city":"Jersey","state":"Arkansas","state_ab":"AR","county":"Bradley","geo_location":{ "type": "Point", "coordinates": [-92.2966, 33.3889] }},
{"zip_code":"71767","country":"US","city":"Hampton","state":"Arkansas","state_ab":"AR","county":"Calhoun","geo_location":{ "type": "Point", "coordinates": [-92.5439, 33.536] }},
{"zip_code":"71921","country":"US","city":"Amity","state":"Arkansas","state_ab":"AR","county":"Clark","geo_location":{ "type": "Point", "coordinates": [-93.4206, 34.2594] }},
{"zip_code":"72461","country":"US","city":"Rector","state":"Arkansas","state_ab":"AR","county":"Clay","geo_location":{ "type": "Point", "coordinates": [-90.2702, 36.2672] }},
{"zip_code":"71754","country":"US","city":"Magnolia","state":"Arkansas","state_ab":"AR","county":"Columbia","geo_location":{ "type": "Point", "coordinates": [-93.23, 33.2426] }},
{"zip_code":"72421","country":"US","city":"Cash","state":"Arkansas","state_ab":"AR","county":"Craighead","geo_location":{ "type": "Point", "coordinates": [-90.941, 35.8301] }},
{"zip_code":"72447","country":"US","city":"Monette","state":"Arkansas","state_ab":"AR","county":"Craighead","geo_location":{ "type": "Point", "coordinates": [-90.3437, 35.9002] }},
{"zip_code":"72331","country":"US","city":"Earle","state":"Arkansas","state_ab":"AR","county":"Crittenden","geo_location":{ "type": "Point", "coordinates": [-90.4503, 35.2799] }},
{"zip_code":"72384","country":"US","city":"Turrell","state":"Arkansas","state_ab":"AR","county":"Crittenden","geo_location":{ "type": "Point", "coordinates": [-90.2978, 35.3439] }},
{"zip_code":"72397","country":"US","city":"Mc Crory","state":"Arkansas","state_ab":"AR","county":"Cross","geo_location":{ "type": "Point", "coordinates": [-90.7724, 35.2965] }},
{"zip_code":"71677","country":"US","city":"Winchester","state":"Arkansas","state_ab":"AR","county":"Drew","geo_location":{ "type": "Point", "coordinates": [-91.4649, 33.7471] }},
{"zip_code":"72034","country":"US","city":"Conway","state":"Arkansas","state_ab":"AR","county":"Faulkner","geo_location":{ "type": "Point", "coordinates": [-92.4683, 35.0823] }},
{"zip_code":"72047","country":"US","city":"Enola","state":"Arkansas","state_ab":"AR","county":"Faulkner","geo_location":{ "type": "Point", "coordinates": [-92.2123, 35.2087] }},
{"zip_code":"72061","country":"US","city":"Guy","state":"Arkansas","state_ab":"AR","county":"Faulkner","geo_location":{ "type": "Point", "coordinates": [-92.2878, 35.3239] }},
{"zip_code":"72111","country":"US","city":"Mount Vernon","state":"Arkansas","state_ab":"AR","county":"Faulkner","geo_location":{ "type": "Point", "coordinates": [-92.1373, 35.2606] }},
{"zip_code":"72821","country":"US","city":"Altus","state":"Arkansas","state_ab":"AR","county":"Franklin","geo_location":{ "type": "Point", "coordinates": [-93.7598, 35.4346] }},
{"zip_code":"72087","country":"US","city":"Lonsdale","state":"Arkansas","state_ab":"AR","county":"Garland","geo_location":{ "type": "Point", "coordinates": [-92.834, 34.5562] }},
{"zip_code":"72474","country":"US","city":"Walcott","state":"Arkansas","state_ab":"AR","county":"Greene","geo_location":{ "type": "Point", "coordinates": [-90.6718, 36.0413] }},
{"zip_code":"71831","country":"US","city":"Columbus","state":"Arkansas","state_ab":"AR","county":"Hempstead","geo_location":{ "type": "Point", "coordinates": [-93.807, 33.7935] }},
{"zip_code":"72524","country":"US","city":"Cord","state":"Arkansas","state_ab":"AR","county":"Independence","geo_location":{ "type": "Point", "coordinates": [-91.3375, 35.8184] }},
{"zip_code":"72564","country":"US","city":"Oil Trough","state":"Arkansas","state_ab":"AR","county":"Independence","geo_location":{ "type": "Point", "coordinates": [-91.4703, 35.6131] }},
{"zip_code":"71611","country":"US","city":"Pine Bluff","state":"Arkansas","state_ab":"AR","county":"Jefferson","geo_location":{ "type": "Point", "coordinates": [-91.9551, 34.2615] }},
{"zip_code":"72434","country":"US","city":"Imboden","state":"Arkansas","state_ab":"AR","county":"Lawrence","geo_location":{ "type": "Point", "coordinates": [-91.1854, 36.1976] }},
{"zip_code":"72951","country":"US","city":"Ratcliff","state":"Arkansas","state_ab":"AR","county":"Logan","geo_location":{ "type": "Point", "coordinates": [-93.8899, 35.2917] }},
{"zip_code":"72007","country":"US","city":"Austin","state":"Arkansas","state_ab":"AR","county":"Lonoke","geo_location":{ "type": "Point", "coordinates": [-91.9798, 34.9921] }},
{"zip_code":"72317","country":"US","city":"Blytheville","state":"Arkansas","state_ab":"AR","county":"Mississippi County","geo_location":{ "type": "Point", "coordinates": [-89.9187, 35.9271] }},
{"zip_code":"72021","country":"US","city":"Brinkley","state":"Arkansas","state_ab":"AR","county":"Monroe","geo_location":{ "type": "Point", "coordinates": [-91.1886, 34.8781] }},
{"zip_code":"71961","country":"US","city":"Oden","state":"Arkansas","state_ab":"AR","county":"Montgomery","geo_location":{ "type": "Point", "coordinates": [-93.8211, 34.6113] }},
{"zip_code":"71844","country":"US","city":"Laneburg","state":"Arkansas","state_ab":"AR","county":"Nevada","geo_location":{ "type": "Point", "coordinates": [-93.2941, 33.7008] }},
{"zip_code":"71857","country":"US","city":"Prescott","state":"Arkansas","state_ab":"AR","county":"Nevada","geo_location":{ "type": "Point", "coordinates": [-93.3725, 33.804] }},
{"zip_code":"72641","country":"US","city":"Jasper","state":"Arkansas","state_ab":"AR","county":"Newton","geo_location":{ "type": "Point", "coordinates": [-93.2048, 36.0038] }},
{"zip_code":"71701","country":"US","city":"Camden","state":"Arkansas","state_ab":"AR","county":"Ouachita","geo_location":{ "type": "Point", "coordinates": [-92.8513, 33.5948] }},
{"zip_code":"72847","country":"US","city":"London","state":"Arkansas","state_ab":"AR","county":"Pope","geo_location":{ "type": "Point", "coordinates": [-93.2736, 35.3744] }},
{"zip_code":"72124","country":"US","city":"North Little Rock","state":"Arkansas","state_ab":"AR","county":"Pulaski","geo_location":{ "type": "Point", "coordinates": [-92.3925, 34.7519] }},
{"zip_code":"72164","country":"US","city":"Sweet Home","state":"Arkansas","state_ab":"AR","county":"Pulaski","geo_location":{ "type": "Point", "coordinates": [-92.2399, 34.6873] }},
{"zip_code":"72201","country":"US","city":"Little Rock","state":"Arkansas","state_ab":"AR","county":"Pulaski","geo_location":{ "type": "Point", "coordinates": [-92.2819, 34.7483] }},
{"zip_code":"72214","country":"US","city":"Little Rock","state":"Arkansas","state_ab":"AR","county":"Pulaski","geo_location":{ "type": "Point", "coordinates": [-92.2282, 34.7621] }},
{"zip_code":"72227","country":"US","city":"Little Rock","state":"Arkansas","state_ab":"AR","county":"Pulaski","geo_location":{ "type": "Point", "coordinates": [-92.3724, 34.7757] }},
{"zip_code":"72924","country":"US","city":"Bates","state":"Arkansas","state_ab":"AR","county":"Scott","geo_location":{ "type": "Point", "coordinates": [-94.0797, 34.8826] }},
{"zip_code":"72937","country":"US","city":"Hackett","state":"Arkansas","state_ab":"AR","county":"Sebastian","geo_location":{ "type": "Point", "coordinates": [-94.3983, 35.1945] }},
{"zip_code":"72577","country":"US","city":"Sidney","state":"Arkansas","state_ab":"AR","county":"Sharp","geo_location":{ "type": "Point", "coordinates": [-91.642, 36.0664] }},
{"zip_code":"72704","country":"US","city":"Fayetteville","state":"Arkansas","state_ab":"AR","county":"Washington","geo_location":{ "type": "Point", "coordinates": [-94.3093, 36.0877] }},
{"zip_code":"72717","country":"US","city":"Canehill","state":"Arkansas","state_ab":"AR","county":"Washington","geo_location":{ "type": "Point", "coordinates": [-94.4441, 35.8477] }},
{"zip_code":"72744","country":"US","city":"Lincoln","state":"Arkansas","state_ab":"AR","county":"Washington","geo_location":{ "type": "Point", "coordinates": [-94.4272, 35.9569] }},
{"zip_code":"72137","country":"US","city":"Rose Bud","state":"Arkansas","state_ab":"AR","county":"White","geo_location":{ "type": "Point", "coordinates": [-92.062, 35.3214] }},
{"zip_code":"72074","country":"US","city":"Hunter","state":"Arkansas","state_ab":"AR","county":"Woodruff","geo_location":{ "type": "Point", "coordinates": [-91.1064, 35.0452] }},
{"zip_code":"72834","country":"US","city":"Dardanelle","state":"Arkansas","state_ab":"AR","county":"Yell","geo_location":{ "type": "Point", "coordinates": [-93.1873, 35.1955] }},
{"zip_code":"85924","country":"US","city":"Concho","state":"Arizona","state_ab":"AZ","county":"Apache","geo_location":{ "type": "Point", "coordinates": [-109.6741, 34.4458] }},
{"zip_code":"86514","country":"US","city":"Teec Nos Pos","state":"Arizona","state_ab":"AZ","county":"Apache","geo_location":{ "type": "Point", "coordinates": [-109.359, 36.7797] }},
{"zip_code":"85627","country":"US","city":"Pomerene","state":"Arizona","state_ab":"AZ","county":"Cochise","geo_location":{ "type": "Point", "coordinates": [-110.2909, 32.0495] }},
{"zip_code":"86011","country":"US","city":"Flagstaff","state":"Arizona","state_ab":"AZ","county":"Coconino","geo_location":{ "type": "Point", "coordinates": [-112.0524, 35.6308] }},
{"zip_code":"86024","country":"US","city":"Happy Jack","state":"Arizona","state_ab":"AZ","county":"Coconino","geo_location":{ "type": "Point", "coordinates": [-111.3404, 34.6616] }},
{"zip_code":"33941","country":"US","city":"Naples","state":"Florida","state_ab":"FL","county":"Collier County","geo_location":{ "type": "Point", "coordinates": [-81.7908, 26.1597] }},
{"zip_code":"34104","country":"US","city":"Naples","state":"Florida","state_ab":"FL","county":"Collier","geo_location":{ "type": "Point", "coordinates": [-81.7417, 26.1529] }},
{"zip_code":"34117","country":"US","city":"Naples","state":"Florida","state_ab":"FL","county":"Collier","geo_location":{ "type": "Point", "coordinates": [-81.5239, 26.1156] }},
{"zip_code":"32061","country":"US","city":"Lulu","state":"Florida","state_ab":"FL","county":"Columbia","geo_location":{ "type": "Point", "coordinates": [-82.5385, 30.0754] }},
{"zip_code":"33864","country":"US","city":"Nocatee","state":"Florida","state_ab":"FL","county":"DeSoto County","geo_location":{ "type": "Point", "coordinates": [-81.8824, 27.1598] }},
{"zip_code":"32201","country":"US","city":"Jacksonville","state":"Florida","state_ab":"FL","county":"Duval","geo_location":{ "type": "Point", "coordinates": [-81.6808, 30.3894] }},
{"zip_code":"32214","country":"US","city":"Jacksonville","state":"Florida","state_ab":"FL","county":"Duval","geo_location":{ "type": "Point", "coordinates": [-81.6831, 30.3449] }},
{"zip_code":"32227","country":"US","city":"Jacksonville","state":"Florida","state_ab":"FL","county":"Duval","geo_location":{ "type": "Point", "coordinates": [-81.416, 30.3802] }},
{"zip_code":"32241","country":"US","city":"Jacksonville","state":"Florida","state_ab":"FL","county":"Duval","geo_location":{ "type": "Point", "coordinates": [-81.6831, 30.3449] }},
{"zip_code":"32254","country":"US","city":"Jacksonville","state":"Florida","state_ab":"FL","county":"Duval","geo_location":{ "type": "Point", "coordinates": [-81.7358, 30.3415] }},
{"zip_code":"32267","country":"US","city":"Jacksonville","state":"Florida","state_ab":"FL","county":"Duval","geo_location":{ "type": "Point", "coordinates": [-81.6831, 30.3449] }},
{"zip_code":"3814","country":"US","city":"Center Ossipee","state":"New Hampshire","state_ab":"NH","county":"Carroll","geo_location":{ "type": "Point", "coordinates": [-71.1349, 43.7682] }},
{"zip_code":"3894","country":"US","city":"Wolfeboro","state":"New Hampshire","state_ab":"NH","county":"Carroll","geo_location":{ "type": "Point", "coordinates": [-71.1908, 43.595] }},
{"zip_code":"3441","country":"US","city":"Ashuelot","state":"New Hampshire","state_ab":"NH","county":"Cheshire","geo_location":{ "type": "Point", "coordinates": [-72.4349, 42.7851] }},
{"zip_code":"3467","country":"US","city":"Westmoreland","state":"New Hampshire","state_ab":"NH","county":"Cheshire","geo_location":{ "type": "Point", "coordinates": [-72.4358, 42.969] }},
{"zip_code":"3584","country":"US","city":"Lancaster","state":"New Hampshire","state_ab":"NH","county":"Coos","geo_location":{ "type": "Point", "coordinates": [-71.5591, 44.4921] }},
{"zip_code":"3597","country":"US","city":"West Stewartstown","state":"New Hampshire","state_ab":"NH","county":"Coos","geo_location":{ "type": "Point", "coordinates": [-71.3874, 44.6956] }},
{"zip_code":"3274","country":"US","city":"Stinson Lake","state":"New Hampshire","state_ab":"NH","county":"Grafton","geo_location":{ "type": "Point", "coordinates": [-71.8409, 43.9675] }},
{"zip_code":"3777","country":"US","city":"Orford","state":"New Hampshire","state_ab":"NH","county":"Grafton","geo_location":{ "type": "Point", "coordinates": [-72.0978, 43.8941] }},
{"zip_code":"3054","country":"US","city":"Merrimack","state":"New Hampshire","state_ab":"NH","county":"Hillsborough","geo_location":{ "type": "Point", "coordinates": [-71.5128, 42.8667] }},
{"zip_code":"3104","country":"US","city":"Manchester","state":"New Hampshire","state_ab":"NH","county":"Hillsborough","geo_location":{ "type": "Point", "coordinates": [-71.4482, 43.0073] }},
{"zip_code":"3221","country":"US","city":"Bradford","state":"New Hampshire","state_ab":"NH","county":"Merrimack","geo_location":{ "type": "Point", "coordinates": [-71.9617, 43.2517] }},
{"zip_code":"3234","country":"US","city":"Epsom","state":"New Hampshire","state_ab":"NH","county":"Merrimack","geo_location":{ "type": "Point", "coordinates": [-71.3546, 43.2174] }},
{"zip_code":"3287","country":"US","city":"Wilmot","state":"New Hampshire","state_ab":"NH","county":"Merrimack","geo_location":{ "type": "Point", "coordinates": [-71.9158, 43.4485] }},
{"zip_code":"3041","country":"US","city":"East Derry","state":"New Hampshire","state_ab":"NH","county":"Rockingham","geo_location":{ "type": "Point", "coordinates": [-71.0132, 43.0059] }},
{"zip_code":"3261","country":"US","city":"Northwood","state":"New Hampshire","state_ab":"NH","county":"Rockingham","geo_location":{ "type": "Point", "coordinates": [-71.2004, 43.207] }},
{"zip_code":"3801","country":"US","city":"Portsmouth","state":"New Hampshire","state_ab":"NH","county":"Rockingham","geo_location":{ "type": "Point", "coordinates": [-70.8052, 43.0729] }},
{"zip_code":"3827","country":"US","city":"East Kingston","state":"New Hampshire","state_ab":"NH","county":"Rockingham","geo_location":{ "type": "Point", "coordinates": [-70.9876, 42.907] }},
{"zip_code":"3841","country":"US","city":"Hampstead","state":"New Hampshire","state_ab":"NH","county":"Rockingham","geo_location":{ "type": "Point", "coordinates": [-71.1758, 42.882] }},
{"zip_code":"3854","country":"US","city":"New Castle","state":"New Hampshire","state_ab":"NH","county":"Rockingham","geo_location":{ "type": "Point", "coordinates": [-70.7199, 43.0681] }},
{"zip_code":"3867","country":"US","city":"Rochester","state":"New Hampshire","state_ab":"NH","county":"Strafford","geo_location":{ "type": "Point", "coordinates": [-71.0558, 43.3092] }},
{"zip_code":"3607","country":"US","city":"South Acworth","state":"New Hampshire","state_ab":"NH","county":"Sullivan","geo_location":{ "type": "Point", "coordinates": [-72.2686, 43.1956] }},
{"zip_code":"3751","country":"US","city":"Georges Mills","state":"New Hampshire","state_ab":"NH","county":"Sullivan","geo_location":{ "type": "Point", "coordinates": [-72.0637, 43.4487] }},
{"zip_code":"8341","country":"US","city":"Minotola","state":"New Jersey","state_ab":"NJ","county":"Atlantic","geo_location":{ "type": "Point", "coordinates": [-74.9467, 39.5155] }},
{"zip_code":"8404","country":"US","city":"Atlantic City","state":"New Jersey","state_ab":"NJ","county":"Atlantic","geo_location":{ "type": "Point", "coordinates": [-74.6086, 39.5092] }},
{"zip_code":"7401","country":"US","city":"Allendale","state":"New Jersey","state_ab":"NJ","county":"Bergen","geo_location":{ "type": "Point", "coordinates": [-74.1342, 41.0327] }},
{"zip_code":"7481","country":"US","city":"Wyckoff","state":"New Jersey","state_ab":"NJ","county":"Bergen","geo_location":{ "type": "Point", "coordinates": [-74.166, 40.9978] }},
{"zip_code":"7607","country":"US","city":"Maywood","state":"New Jersey","state_ab":"NJ","county":"Bergen","geo_location":{ "type": "Point", "coordinates": [-74.0629, 40.9024] }},
{"zip_code":"7621","country":"US","city":"Bergenfield","state":"New Jersey","state_ab":"NJ","county":"Bergen","geo_location":{ "type": "Point", "coordinates": [-73.9989, 40.9238] }},
{"zip_code":"7647","country":"US","city":"Northvale","state":"New Jersey","state_ab":"NJ","county":"Bergen","geo_location":{ "type": "Point", "coordinates": [-73.9389, 41.0086] }},
{"zip_code":"7661","country":"US","city":"River Edge","state":"New Jersey","state_ab":"NJ","county":"Bergen","geo_location":{ "type": "Point", "coordinates": [-74.0392, 40.9265] }},
{"zip_code":"8057","country":"US","city":"Moorestown","state":"New Jersey","state_ab":"NJ","county":"Burlington","geo_location":{ "type": "Point", "coordinates": [-74.9533, 39.9683] }},
{"zip_code":"8224","country":"US","city":"New Gretna","state":"New Jersey","state_ab":"NJ","county":"Burlington","geo_location":{ "type": "Point", "coordinates": [-74.4357, 39.5952] }},
{"zip_code":"8004","country":"US","city":"Atco","state":"New Jersey","state_ab":"NJ","county":"Camden","geo_location":{ "type": "Point", "coordinates": [-74.8665, 39.76] }},
{"zip_code":"8031","country":"US","city":"Bellmawr","state":"New Jersey","state_ab":"NJ","county":"Camden","geo_location":{ "type": "Point", "coordinates": [-75.0944, 39.8689] }},
{"zip_code":"8084","country":"US","city":"Stratford","state":"New Jersey","state_ab":"NJ","county":"Camden","geo_location":{ "type": "Point", "coordinates": [-75.0147, 39.8288] }},
{"zip_code":"8107","country":"US","city":"Oaklyn","state":"New Jersey","state_ab":"NJ","county":"Camden","geo_location":{ "type": "Point", "coordinates": [-75.0849, 39.908] }},
{"zip_code":"8251","country":"US","city":"Villas","state":"New Jersey","state_ab":"NJ","county":"Cape May","geo_location":{ "type": "Point", "coordinates": [-74.9354, 39.0219] }},
{"zip_code":"8314","country":"US","city":"Delmont","state":"New Jersey","state_ab":"NJ","county":"Cumberland","geo_location":{ "type": "Point", "coordinates": [-74.9705, 39.2023] }},
{"zip_code":"8327","country":"US","city":"Leesburg","state":"New Jersey","state_ab":"NJ","county":"Cumberland","geo_location":{ "type": "Point", "coordinates": [-75.0074, 39.3879] }},
{"zip_code":"7041","country":"US","city":"Millburn","state":"New Jersey","state_ab":"NJ","county":"Essex","geo_location":{ "type": "Point", "coordinates": [-74.3015, 40.7228] }},
{"zip_code":"7104","country":"US","city":"Newark","state":"New Jersey","state_ab":"NJ","county":"Essex","geo_location":{ "type": "Point", "coordinates": [-74.1695, 40.7664] }},
{"zip_code":"7184","country":"US","city":"Newark","state":"New Jersey","state_ab":"NJ","county":"Essex","geo_location":{ "type": "Point", "coordinates": [-74.2452, 40.7918] }},
{"zip_code":"7197","country":"US","city":"Newark","state":"New Jersey","state_ab":"NJ","county":"Essex","geo_location":{ "type": "Point", "coordinates": [-74.2452, 40.7918] }},
{"zip_code":"8071","country":"US","city":"Pitman","state":"New Jersey","state_ab":"NJ","county":"Gloucester","geo_location":{ "type": "Point", "coordinates": [-75.1297, 39.7312] }},
{"zip_code":"8097","country":"US","city":"Woodbury Heights","state":"New Jersey","state_ab":"NJ","county":"Gloucester","geo_location":{ "type": "Point", "coordinates": [-75.153, 39.8142] }},
{"zip_code":"7094","country":"US","city":"Secaucus","state":"New Jersey","state_ab":"NJ","county":"Hudson","geo_location":{ "type": "Point", "coordinates": [-74.0634, 40.791] }},
{"zip_code":"7311","country":"US","city":"Jersey City","state":"New Jersey","state_ab":"NJ","county":"Hudson","geo_location":{ "type": "Point", "coordinates": [-74.0754, 40.7323] }},
{"zip_code":"8804","country":"US","city":"Bloomsbury","state":"New Jersey","state_ab":"NJ","county":"Hunterdon","geo_location":{ "type": "Point", "coordinates": [-75.0966, 40.6437] }},
{"zip_code":"8534","country":"US","city":"Pennington","state":"New Jersey","state_ab":"NJ","county":"Mercer","geo_location":{ "type": "Point", "coordinates": [-74.7944, 40.3339] }},
{"zip_code":"8561","country":"US","city":"Windsor","state":"New Jersey","state_ab":"NJ","county":"Mercer","geo_location":{ "type": "Point", "coordinates": [-74.5787, 40.2423] }},
{"zip_code":"8611","country":"US","city":"Trenton","state":"New Jersey","state_ab":"NJ","county":"Mercer","geo_location":{ "type": "Point", "coordinates": [-74.7416, 40.1967] }},
{"zip_code":"8677","country":"US","city":"Trenton","state":"New Jersey","state_ab":"NJ","county":"Mercer","geo_location":{ "type": "Point", "coordinates": [-74.712, 40.2805] }},
{"zip_code":"8691","country":"US","city":"Trenton","state":"New Jersey","state_ab":"NJ","county":"Mercer","geo_location":{ "type": "Point", "coordinates": [-74.5939, 40.2197] }},
{"zip_code":"7001","country":"US","city":"Avenel","state":"New Jersey","state_ab":"NJ","county":"Middlesex","geo_location":{ "type": "Point", "coordinates": [-74.2785, 40.5826] }},
{"zip_code":"7067","country":"US","city":"Colonia","state":"New Jersey","state_ab":"NJ","county":"Middlesex","geo_location":{ "type": "Point", "coordinates": [-74.3164, 40.5937] }},
{"zip_code":"8817","country":"US","city":"Edison","state":"New Jersey","state_ab":"NJ","county":"Middlesex","geo_location":{ "type": "Point", "coordinates": [-74.3973, 40.5171] }},
{"zip_code":"8831","country":"US","city":"Jamesburg","state":"New Jersey","state_ab":"NJ","county":"Middlesex","geo_location":{ "type": "Point", "coordinates": [-74.4336, 40.3425] }},
{"zip_code":"8857","country":"US","city":"Old Bridge","state":"New Jersey","state_ab":"NJ","county":"Middlesex","geo_location":{ "type": "Point", "coordinates": [-74.3236, 40.398] }},
{"zip_code":"8871","country":"US","city":"Sayreville","state":"New Jersey","state_ab":"NJ","county":"Middlesex","geo_location":{ "type": "Point", "coordinates": [-74.4173, 40.43] }},
{"zip_code":"8884","country":"US","city":"Spotswood","state":"New Jersey","state_ab":"NJ","county":"Middlesex","geo_location":{ "type": "Point", "coordinates": [-74.3894, 40.3847] }},
{"zip_code":"7711","country":"US","city":"Allenhurst","state":"New Jersey","state_ab":"NJ","county":"Monmouth","geo_location":{ "type": "Point", "coordinates": [-74.0067, 40.2367] }},
{"zip_code":"7724","country":"US","city":"Eatontown","state":"New Jersey","state_ab":"NJ","county":"Monmouth","geo_location":{ "type": "Point", "coordinates": [-74.0698, 40.3028] }},
{"zip_code":"7737","country":"US","city":"Leonardo","state":"New Jersey","state_ab":"NJ","county":"Monmouth","geo_location":{ "type": "Point", "coordinates": [-74.0623, 40.4177] }},
{"zip_code":"7751","country":"US","city":"Morganville","state":"New Jersey","state_ab":"NJ","county":"Monmouth","geo_location":{ "type": "Point", "coordinates": [-74.2779, 40.3529] }},
{"zip_code":"7764","country":"US","city":"West Long Branch","state":"New Jersey","state_ab":"NJ","county":"Monmouth","geo_location":{ "type": "Point", "coordinates": [-74.0162, 40.2878] }},
{"zip_code":"7777","country":"US","city":"Holmdel","state":"New Jersey","state_ab":"NJ","county":"Monmouth","geo_location":{ "type": "Point", "coordinates": [-74.2493, 40.3027] }},
{"zip_code":"7054","country":"US","city":"Parsippany","state":"New Jersey","state_ab":"NJ","county":"Morris","geo_location":{ "type": "Point", "coordinates": [-74.4117, 40.8621] }},
{"zip_code":"7801","country":"US","city":"Dover","state":"New Jersey","state_ab":"NJ","county":"Morris","geo_location":{ "type": "Point", "coordinates": [-74.5467, 40.9176] }},
{"zip_code":"8701","country":"US","city":"Lakewood","state":"New Jersey","state_ab":"NJ","county":"Ocean","geo_location":{ "type": "Point", "coordinates": [-74.2042, 40.085] }},
{"zip_code":"8741","country":"US","city":"Pine Beach","state":"New Jersey","state_ab":"NJ","county":"Ocean","geo_location":{ "type": "Point", "coordinates": [-74.168, 39.9347] }},
{"zip_code":"8754","country":"US","city":"Toms River","state":"New Jersey","state_ab":"NJ","county":"Ocean","geo_location":{ "type": "Point", "coordinates": [-74.2493, 40.0008] }},
{"zip_code":"7014","country":"US","city":"Clifton","state":"New Jersey","state_ab":"NJ","county":"Passaic","geo_location":{ "type": "Point", "coordinates": [-74.1377, 40.8344] }},
{"zip_code":"7504","country":"US","city":"Paterson","state":"New Jersey","state_ab":"NJ","county":"Passaic","geo_location":{ "type": "Point", "coordinates": [-74.1452, 40.9122] }},
{"zip_code":"7544","country":"US","city":"Paterson","state":"New Jersey","state_ab":"NJ","county":"Passaic","geo_location":{ "type": "Point", "coordinates": [-74.3048, 41.0114] }},
{"zip_code":"7931","country":"US","city":"Far Hills","state":"New Jersey","state_ab":"NJ","county":"Somerset","geo_location":{ "type": "Point", "coordinates": [-74.6536, 40.6996] }},
{"zip_code":"8844","country":"US","city":"Hillsborough","state":"New Jersey","state_ab":"NJ","county":"Somerset County","geo_location":{ "type": "Point", "coordinates": [-74.6272, 40.4775] }},
{"zip_code":"7827","country":"US","city":"Montague","state":"New Jersey","state_ab":"NJ","county":"Sussex","geo_location":{ "type": "Point", "coordinates": [-74.754, 41.3023] }},
{"zip_code":"7881","country":"US","city":"Wallpack Center","state":"New Jersey","state_ab":"NJ","county":"Sussex","geo_location":{ "type": "Point", "coordinates": [-74.9177, 41.1256] }},
{"zip_code":"7027","country":"US","city":"Garwood","state":"New Jersey","state_ab":"NJ","county":"Union","geo_location":{ "type": "Point", "coordinates": [-74.3239, 40.6512] }},
{"zip_code":"7081","country":"US","city":"Springfield","state":"New Jersey","state_ab":"NJ","county":"Union","geo_location":{ "type": "Point", "coordinates": [-74.3227, 40.7015] }},
{"zip_code":"7207","country":"US","city":"Elizabeth","state":"New Jersey","state_ab":"NJ","county":"Union","geo_location":{ "type": "Point", "coordinates": [-74.2997, 40.6657] }},
{"zip_code":"87104","country":"US","city":"Albuquerque","state":"New Mexico","state_ab":"NM","county":"Bernalillo","geo_location":{ "type": "Point", "coordinates": [-106.6712, 35.1038] }},
{"zip_code":"87117","country":"US","city":"Kirtland Afb","state":"New Mexico","state_ab":"NM","county":"Bernalillo","geo_location":{ "type": "Point", "coordinates": [-106.5503, 35.0203] }},
{"zip_code":"87131","country":"US","city":"Albuquerque","state":"New Mexico","state_ab":"NM","county":"Bernalillo","geo_location":{ "type": "Point", "coordinates": [-106.6729, 35.0443] }},
{"zip_code":"87184","country":"US","city":"Albuquerque","state":"New Mexico","state_ab":"NM","county":"Bernalillo","geo_location":{ "type": "Point", "coordinates": [-106.6729, 35.0443] }},
{"zip_code":"87197","country":"US","city":"Albuquerque","state":"New Mexico","state_ab":"NM","county":"Bernalillo","geo_location":{ "type": "Point", "coordinates": [-106.2439, 35.1086] }},
{"zip_code":"87827","country":"US","city":"Pie Town","state":"New Mexico","state_ab":"NM","county":"Catron","geo_location":{ "type": "Point", "coordinates": [-108.3682, 34.3243] }},
{"zip_code":"87014","country":"US","city":"Cubero","state":"New Mexico","state_ab":"NM","county":"Cibola","geo_location":{ "type": "Point", "coordinates": [-108.0565, 34.963] }},
{"zip_code":"88134","country":"US","city":"Taiban","state":"New Mexico","state_ab":"NM","county":"DeBaca","geo_location":{ "type": "Point", "coordinates": [-104.0159, 34.3271] }},
{"zip_code":"88004","country":"US","city":"Las Cruces","state":"New Mexico","state_ab":"NM","county":"Doa Ana","geo_location":{ "type": "Point", "coordinates": [-106.8201, 32.4181] }},
{"zip_code":"88044","country":"US","city":"La Mesa","state":"New Mexico","state_ab":"NM","county":"Doa Ana","geo_location":{ "type": "Point", "coordinates": [-106.7999, 32.1383] }},
{"zip_code":"88211","country":"US","city":"Artesia","state":"New Mexico","state_ab":"NM","county":"Eddy","geo_location":{ "type": "Point", "coordinates": [-104.3281, 32.7536] }},
{"zip_code":"87711","country":"US","city":"Anton Chico","state":"New Mexico","state_ab":"NM","county":"Guadalupe","geo_location":{ "type": "Point", "coordinates": [-104.7189, 34.7819] }},
{"zip_code":"87724","country":"US","city":"La Loma","state":"New Mexico","state_ab":"NM","county":"Guadalupe","geo_location":{ "type": "Point", "coordinates": [-105.0775, 35.1734] }},
{"zip_code":"88417","country":"US","city":"Cuervo","state":"New Mexico","state_ab":"NM","county":"Guadalupe","geo_location":{ "type": "Point", "coordinates": [-104.3999, 35.0101] }},
{"zip_code":"88431","country":"US","city":"Newkirk","state":"New Mexico","state_ab":"NM","county":"Guadalupe","geo_location":{ "type": "Point", "coordinates": [-104.2433, 35.0847] }},
{"zip_code":"88264","country":"US","city":"Maljamar","state":"New Mexico","state_ab":"NM","county":"Lea","geo_location":{ "type": "Point", "coordinates": [-103.7234, 32.8423] }},
{"zip_code":"88301","country":"US","city":"Carrizozo","state":"New Mexico","state_ab":"NM","county":"Lincoln","geo_location":{ "type": "Point", "coordinates": [-105.8696, 33.6496] }},
{"zip_code":"88341","country":"US","city":"Nogal","state":"New Mexico","state_ab":"NM","county":"Lincoln","geo_location":{ "type": "Point", "coordinates": [-105.7036, 33.4996] }},
{"zip_code":"87544","country":"US","city":"Los Alamos","state":"New Mexico","state_ab":"NM","county":"Los Alamos","geo_location":{ "type": "Point", "coordinates": [-106.2676, 35.8663] }},
{"zip_code":"88031","country":"US","city":"Deming","state":"New Mexico","state_ab":"NM","county":"Luna","geo_location":{ "type": "Point", "coordinates": [-107.7404, 32.2398] }},
{"zip_code":"87311","country":"US","city":"Church Rock","state":"New Mexico","state_ab":"NM","county":"McKinley","geo_location":{ "type": "Point", "coordinates": [-108.1767, 35.4809] }},
{"zip_code":"88314","country":"US","city":"Bent","state":"New Mexico","state_ab":"NM","county":"Otero","geo_location":{ "type": "Point", "coordinates": [-105.8635, 33.148] }},
{"zip_code":"88354","country":"US","city":"Weed","state":"New Mexico","state_ab":"NM","county":"Otero","geo_location":{ "type": "Point", "coordinates": [-105.5063, 32.8052] }},
{"zip_code":"88121","country":"US","city":"House","state":"New Mexico","state_ab":"NM","county":"Quay","geo_location":{ "type": "Point", "coordinates": [-103.9203, 34.6952] }},
{"zip_code":"87531","country":"US","city":"Embudo","state":"New Mexico","state_ab":"NM","county":"Rio Arriba","geo_location":{ "type": "Point", "coordinates": [-105.8901, 36.2153] }},
{"zip_code":"87001","country":"US","city":"Algodones","state":"New Mexico","state_ab":"NM","county":"Sandoval","geo_location":{ "type": "Point", "coordinates": [-106.3517, 35.389] }},
{"zip_code":"87027","country":"US","city":"La Jara","state":"New Mexico","state_ab":"NM","county":"Sandoval","geo_location":{ "type": "Point", "coordinates": [-106.9923, 36.1194] }},
{"zip_code":"87041","country":"US","city":"Pena Blanca","state":"New Mexico","state_ab":"NM","county":"Sandoval","geo_location":{ "type": "Point", "coordinates": [-106.3492, 35.598] }},
{"zip_code":"87144","country":"US","city":"Rio Rancho","state":"New Mexico","state_ab":"NM","county":"Sandoval County","geo_location":{ "type": "Point", "coordinates": [-106.7099, 35.324] }},
{"zip_code":"87364","country":"US","city":"Sheep Springs","state":"New Mexico","state_ab":"NM","county":"San Juan","geo_location":{ "type": "Point", "coordinates": [-108.7064, 36.142] }},
{"zip_code":"87401","country":"US","city":"Farmington","state":"New Mexico","state_ab":"NM","county":"San Juan","geo_location":{ "type": "Point", "coordinates": [-108.1797, 36.7412] }},
{"zip_code":"87504","country":"US","city":"Santa Fe","state":"New Mexico","state_ab":"NM","county":"Santa Fe","geo_location":{ "type": "Point", "coordinates": [-106.0075, 35.8936] }},
{"zip_code":"87931","country":"US","city":"Caballo","state":"New Mexico","state_ab":"NM","county":"Sierra","geo_location":{ "type": "Point", "coordinates": [-107.4102, 32.9641] }},
{"zip_code":"87801","country":"US","city":"Socorro","state":"New Mexico","state_ab":"NM","county":"Socorro","geo_location":{ "type": "Point", "coordinates": [-106.8907, 34.0479] }},
{"zip_code":"87517","country":"US","city":"Carson","state":"New Mexico","state_ab":"NM","county":"Taos","geo_location":{ "type": "Point", "coordinates": [-105.6292, 36.5045] }},
{"zip_code":"87557","country":"US","city":"Ranchos De Taos","state":"New Mexico","state_ab":"NM","county":"Taos","geo_location":{ "type": "Point", "coordinates": [-105.6086, 36.3357] }},
{"zip_code":"87571","country":"US","city":"Taos","state":"New Mexico","state_ab":"NM","county":"Taos","geo_location":{ "type": "Point", "coordinates": [-105.5847, 36.3953] }},
{"zip_code":"89407","country":"US","city":"Fallon","state":"Nevada","state_ab":"NV","county":"Churchill","geo_location":{ "type": "Point", "coordinates": [-118.8424, 39.5256] }},
{"zip_code":"89007","country":"US","city":"Bunkerville","state":"Nevada","state_ab":"NV","county":"Clark","geo_location":{ "type": "Point", "coordinates": [-114.1281, 36.7684] }},
{"zip_code":"89021","country":"US","city":"Logandale","state":"Nevada","state_ab":"NV","county":"Clark","geo_location":{ "type": "Point", "coordinates": [-114.4683, 36.5935] }},
{"zip_code":"89034","country":"US","city":"Mesquite","state":"Nevada","state_ab":"NV","county":"Clark County","geo_location":{ "type": "Point", "coordinates": [-114.0591, 36.809] }},
{"zip_code":"89074","country":"US","city":"Henderson","state":"Nevada","state_ab":"NV","county":"Clark","geo_location":{ "type": "Point", "coordinates": [-115.0857, 36.0384] }},
{"zip_code":"89087","country":"US","city":"North Las Vegas","state":"Nevada","state_ab":"NV","county":"Clark County","geo_location":{ "type": "Point", "coordinates": [-115.1458, 36.2204] }},
{"zip_code":"89111","country":"US","city":"Las Vegas","state":"Nevada","state_ab":"NV","county":"Clark","geo_location":{ "type": "Point", "coordinates": [-114.9721, 35.9279] }},
{"zip_code":"89124","country":"US","city":"Las Vegas","state":"Nevada","state_ab":"NV","county":"Clark","geo_location":{ "type": "Point", "coordinates": [-115.4809, 36.4257] }},
{"zip_code":"89137","country":"US","city":"Las Vegas","state":"Nevada","state_ab":"NV","county":"Clark","geo_location":{ "type": "Point", "coordinates": [-114.9721, 35.9279] }},
{"zip_code":"89151","country":"US","city":"Las Vegas","state":"Nevada","state_ab":"NV","county":"Clark","geo_location":{ "type": "Point", "coordinates": [-114.9721, 35.9279] }},
{"zip_code":"89164","country":"US","city":"Las Vegas","state":"Nevada","state_ab":"NV","county":"Clark","geo_location":{ "type": "Point", "coordinates": [-114.9721, 35.9279] }},
{"zip_code":"89177","country":"US","city":"Las Vegas","state":"Nevada","state_ab":"NV","county":"Clark","geo_location":{ "type": "Point", "coordinates": [-114.9721, 35.9279] }},
{"zip_code":"89191","country":"US","city":"Nellis Afb","state":"Nevada","state_ab":"NV","county":"Clark","geo_location":{ "type": "Point", "coordinates": [-115.0257, 36.2395] }},
{"zip_code":"89834","country":"US","city":"Tuscarora","state":"Nevada","state_ab":"NV","county":"Elko","geo_location":{ "type": "Point", "coordinates": [-115.5296, 41.0594] }},
{"zip_code":"89047","country":"US","city":"Silverpeak","state":"Nevada","state_ab":"NV","county":"Esmeralda","geo_location":{ "type": "Point", "coordinates": [-117.7965, 37.7225] }},
{"zip_code":"89821","country":"US","city":"Crescent Valley","state":"Nevada","state_ab":"NV","county":"Eureka","geo_location":{ "type": "Point", "coordinates": [-116.5813, 40.4138] }},
{"zip_code":"89421","country":"US","city":"Mc Dermitt","state":"Nevada","state_ab":"NV","county":"Humboldt","geo_location":{ "type": "Point", "coordinates": [-117.6737, 41.9708] }},
{"zip_code":"89447","country":"US","city":"Yerington","state":"Nevada","state_ab":"NV","county":"Lyon","geo_location":{ "type": "Point", "coordinates": [-119.1596, 38.9866] }},
{"zip_code":"89061","country":"US","city":"Pahrump","state":"Nevada","state_ab":"NV","county":"Nye","geo_location":{ "type": "Point", "coordinates": [-115.9407, 36.1184] }},
{"zip_code":"89434","country":"US","city":"Sparks","state":"Nevada","state_ab":"NV","county":"Washoe","geo_location":{ "type": "Point", "coordinates": [-119.7178, 39.5502] }},
{"zip_code":"89511","country":"US","city":"Reno","state":"Nevada","state_ab":"NV","county":"Washoe","geo_location":{ "type": "Point", "coordinates": [-119.7668, 39.4151] }},
{"zip_code":"89564","country":"US","city":"Reno","state":"Nevada","state_ab":"NV","county":"Washoe","geo_location":{ "type": "Point", "coordinates": [-119.5869, 40.5412] }},
{"zip_code":"89704","country":"US","city":"Washoe Valley","state":"Nevada","state_ab":"NV","county":"Washoe","geo_location":{ "type": "Point", "coordinates": [-119.8174, 39.2669] }},
{"zip_code":"89317","country":"US","city":"Lund","state":"Nevada","state_ab":"NV","county":"White Pine","geo_location":{ "type": "Point", "coordinates": [-115.0069, 38.8641] }},
{"zip_code":"12041","country":"US","city":"Clarksville","state":"New York","state_ab":"NY","county":"Albany","geo_location":{ "type": "Point", "coordinates": [-73.9573, 42.562] }},
{"zip_code":"12054","country":"US","city":"Delmar","state":"New York","state_ab":"NY","county":"Albany","geo_location":{ "type": "Point", "coordinates": [-73.8373, 42.6158] }},
{"zip_code":"12067","country":"US","city":"Feura Bush","state":"New York","state_ab":"NY","county":"Albany","geo_location":{ "type": "Point", "coordinates": [-73.9237, 42.555] }},
{"zip_code":"12207","country":"US","city":"Albany","state":"New York","state_ab":"NY","county":"Albany","geo_location":{ "type": "Point", "coordinates": [-73.7508, 42.656] }},
{"zip_code":"12234","country":"US","city":"Albany","state":"New York","state_ab":"NY","county":"Albany","geo_location":{ "type": "Point", "coordinates": [-73.9708, 42.6149] }},
{"zip_code":"12247","country":"US","city":"Albany","state":"New York","state_ab":"NY","county":"Albany","geo_location":{ "type": "Point", "coordinates": [-73.9708, 42.6149] }},
{"zip_code":"12261","country":"US","city":"Albany","state":"New York","state_ab":"NY","county":"Albany","geo_location":{ "type": "Point", "coordinates": [-73.9708, 42.6149] }},
{"zip_code":"14717","country":"US","city":"Caneadea","state":"New York","state_ab":"NY","county":"Allegany","geo_location":{ "type": "Point", "coordinates": [-78.184, 42.364] }},
{"zip_code":"14744","country":"US","city":"Houghton","state":"New York","state_ab":"NY","county":"Allegany","geo_location":{ "type": "Point", "coordinates": [-78.2063, 42.4228] }}]}