{"value": [{"zip_code":"15765","country":"US","city":"Penn Run","state":"Pennsylvania","state_ab":"PA","county":"Indiana","geo_location":{ "type": "Point", "coordinates": [-78.9943, 40.6213] }},
{"zip_code":"15778","country":"US","city":"Timblin","state":"Pennsylvania","state_ab":"PA","county":"Jefferson","geo_location":{ "type": "Point", "coordinates": [-79.2014, 40.9684] }},
{"zip_code":"17035","country":"US","city":"Honey Grove","state":"Pennsylvania","state_ab":"PA","county":"Juniata","geo_location":{ "type": "Point", "coordinates": [-77.5761, 40.4309] }},
{"zip_code":"58078","country":"US","city":"West Fargo","state":"North Dakota","state_ab":"ND","county":"Cass","geo_location":{ "type": "Point", "coordinates": [-96.9258, 46.8907] }},
{"zip_code":"58102","country":"US","city":"Fargo","state":"North Dakota","state_ab":"ND","county":"Cass","geo_location":{ "type": "Point", "coordinates": [-96.8318, 46.9209] }},
{"zip_code":"58542","country":"US","city":"Hague","state":"North Dakota","state_ab":"ND","county":"Emmons","geo_location":{ "type": "Point", "coordinates": [-99.9745, 46.0589] }},
{"zip_code":"58632","country":"US","city":"Golva","state":"North Dakota","state_ab":"ND","county":"Golden Valley","geo_location":{ "type": "Point", "coordinates": [-103.9575, 46.7075] }},
{"zip_code":"58205","country":"US","city":"Grand Forks Afb","state":"North Dakota","state_ab":"ND","county":"Grand Forks","geo_location":{ "type": "Point", "coordinates": [-97.379, 47.9515] }},
{"zip_code":"58258","country":"US","city":"Mekinock","state":"North Dakota","state_ab":"ND","county":"Grand Forks","geo_location":{ "type": "Point", "coordinates": [-97.4305, 48.0074] }},
{"zip_code":"58425","country":"US","city":"Cooperstown","state":"North Dakota","state_ab":"ND","county":"Griggs","geo_location":{ "type": "Point", "coordinates": [-98.1533, 47.4527] }},
{"zip_code":"58452","country":"US","city":"Jessie","state":"North Dakota","state_ab":"ND","county":"Griggs","geo_location":{ "type": "Point", "coordinates": [-98.2304, 47.4565] }},
{"zip_code":"58478","country":"US","city":"Robinson","state":"North Dakota","state_ab":"ND","county":"Kidder","geo_location":{ "type": "Point", "coordinates": [-99.7457, 47.1749] }},
{"zip_code":"58788","country":"US","city":"Towner","state":"North Dakota","state_ab":"ND","county":"McHenry","geo_location":{ "type": "Point", "coordinates": [-100.4854, 48.3636] }},
{"zip_code":"58838","country":"US","city":"Cartwright","state":"North Dakota","state_ab":"ND","county":"McKenzie","geo_location":{ "type": "Point", "coordinates": [-103.9487, 47.7992] }},
{"zip_code":"58775","country":"US","city":"Roseglen","state":"North Dakota","state_ab":"ND","county":"McLean","geo_location":{ "type": "Point", "coordinates": [-101.822, 47.696] }},
{"zip_code":"58272","country":"US","city":"Petersburg","state":"North Dakota","state_ab":"ND","county":"Nelson","geo_location":{ "type": "Point", "coordinates": [-97.984, 47.998] }},
{"zip_code":"58362","country":"US","city":"Penn","state":"North Dakota","state_ab":"ND","county":"Ramsey","geo_location":{ "type": "Point", "coordinates": [-99.0655, 48.2271] }},
{"zip_code":"58528","country":"US","city":"Cannon Ball","state":"North Dakota","state_ab":"ND","county":"Sioux","geo_location":{ "type": "Point", "coordinates": [-100.5975, 46.3874] }},
{"zip_code":"58568","country":"US","city":"Selfridge","state":"North Dakota","state_ab":"ND","county":"Sioux","geo_location":{ "type": "Point", "coordinates": [-101.1502, 46.0351] }},
{"zip_code":"58218","country":"US","city":"Buxton","state":"North Dakota","state_ab":"ND","county":"Traill","geo_location":{ "type": "Point", "coordinates": [-97.0893, 47.6163] }},
{"zip_code":"58722","country":"US","city":"Burlington","state":"North Dakota","state_ab":"ND","county":"Ward","geo_location":{ "type": "Point", "coordinates": [-101.4282, 48.2735] }},
{"zip_code":"58735","country":"US","city":"Douglas","state":"North Dakota","state_ab":"ND","county":"Ward","geo_location":{ "type": "Point", "coordinates": [-101.5112, 47.8659] }},
{"zip_code":"58438","country":"US","city":"Fessenden","state":"North Dakota","state_ab":"ND","county":"Wells","geo_location":{ "type": "Point", "coordinates": [-99.6434, 47.6286] }},
{"zip_code":"58465","country":"US","city":"Manfred","state":"North Dakota","state_ab":"ND","county":"Wells County","geo_location":{ "type": "Point", "coordinates": [-99.7644, 47.7117] }},
{"zip_code":"58852","country":"US","city":"Tioga","state":"North Dakota","state_ab":"ND","county":"Williams","geo_location":{ "type": "Point", "coordinates": [-102.9576, 48.3646] }},
{"zip_code":"68868","country":"US","city":"Prosser","state":"Nebraska","state_ab":"NE","county":"Adams County","geo_location":{ "type": "Point", "coordinates": [-98.5573, 40.6612] }},
{"zip_code":"68635","country":"US","city":"Dwight","state":"Nebraska","state_ab":"NE","county":"Butler","geo_location":{ "type": "Point", "coordinates": [-96.9931, 41.0894] }},
{"zip_code":"68455","country":"US","city":"Union","state":"Nebraska","state_ab":"NE","county":"Cass","geo_location":{ "type": "Point", "coordinates": [-95.9037, 40.8245] }},
{"zip_code":"68792","country":"US","city":"Wynot","state":"Nebraska","state_ab":"NE","county":"Cedar","geo_location":{ "type": "Point", "coordinates": [-97.1678, 42.7393] }},
{"zip_code":"69045","country":"US","city":"Wauneta","state":"Nebraska","state_ab":"NE","county":"Chase","geo_location":{ "type": "Point", "coordinates": [-101.3812, 40.4409] }},
{"zip_code":"69135","country":"US","city":"Elsmere","state":"Nebraska","state_ab":"NE","county":"Cherry","geo_location":{ "type": "Point", "coordinates": [-100.2595, 42.2403] }},
{"zip_code":"69212","country":"US","city":"Crookston","state":"Nebraska","state_ab":"NE","county":"Cherry","geo_location":{ "type": "Point", "coordinates": [-100.7735, 42.9255] }},
{"zip_code":"69162","country":"US","city":"Sidney","state":"Nebraska","state_ab":"NE","county":"Cheyenne","geo_location":{ "type": "Point", "coordinates": [-102.9856, 41.138] }},
{"zip_code":"68828","country":"US","city":"Comstock","state":"Nebraska","state_ab":"NE","county":"Custer","geo_location":{ "type": "Point", "coordinates": [-99.2753, 41.5553] }},
{"zip_code":"68855","country":"US","city":"Mason City","state":"Nebraska","state_ab":"NE","county":"Custer","geo_location":{ "type": "Point", "coordinates": [-99.3049, 41.1853] }},
{"zip_code":"69122","country":"US","city":"Big Springs","state":"Nebraska","state_ab":"NE","county":"Deuel","geo_location":{ "type": "Point", "coordinates": [-102.0933, 41.0696] }},
{"zip_code":"68105","country":"US","city":"Omaha","state":"Nebraska","state_ab":"NE","county":"Douglas","geo_location":{ "type": "Point", "coordinates": [-95.9629, 41.2435] }},
{"zip_code":"68118","country":"US","city":"Omaha","state":"Nebraska","state_ab":"NE","county":"Douglas","geo_location":{ "type": "Point", "coordinates": [-96.1661, 41.2606] }},
{"zip_code":"68132","country":"US","city":"Omaha","state":"Nebraska","state_ab":"NE","county":"Douglas","geo_location":{ "type": "Point", "coordinates": [-95.996, 41.2657] }},
{"zip_code":"68145","country":"US","city":"Omaha","state":"Nebraska","state_ab":"NE","county":"Douglas","geo_location":{ "type": "Point", "coordinates": [-96.1711, 41.2917] }},
{"zip_code":"68172","country":"US","city":"Omaha","state":"Nebraska","state_ab":"NE","county":"Douglas","geo_location":{ "type": "Point", "coordinates": [-96.1711, 41.2917] }},
{"zip_code":"68198","country":"US","city":"Omaha","state":"Nebraska","state_ab":"NE","county":"Douglas","geo_location":{ "type": "Point", "coordinates": [-96.1711, 41.2917] }},
{"zip_code":"68365","country":"US","city":"Grafton","state":"Nebraska","state_ab":"NE","county":"Fillmore","geo_location":{ "type": "Point", "coordinates": [-97.7403, 40.6402] }},
{"zip_code":"68932","country":"US","city":"Campbell","state":"Nebraska","state_ab":"NE","county":"Franklin","geo_location":{ "type": "Point", "coordinates": [-98.737, 40.2967] }},
{"zip_code":"68972","country":"US","city":"Riverton","state":"Nebraska","state_ab":"NE","county":"Franklin","geo_location":{ "type": "Point", "coordinates": [-98.7858, 40.1016] }},
{"zip_code":"68415","country":"US","city":"Odell","state":"Nebraska","state_ab":"NE","county":"Gage","geo_location":{ "type": "Point", "coordinates": [-96.8019, 40.0451] }},
{"zip_code":"69148","country":"US","city":"Lisco","state":"Nebraska","state_ab":"NE","county":"Garden","geo_location":{ "type": "Point", "coordinates": [-102.5498, 41.5114] }},
{"zip_code":"68842","country":"US","city":"Greeley","state":"Nebraska","state_ab":"NE","county":"Greeley","geo_location":{ "type": "Point", "coordinates": [-98.53, 41.5526] }},
{"zip_code":"68882","country":"US","city":"Wolbach","state":"Nebraska","state_ab":"NE","county":"Greeley","geo_location":{ "type": "Point", "coordinates": [-98.3995, 41.4244] }},
{"zip_code":"68802","country":"US","city":"Grand Island","state":"Nebraska","state_ab":"NE","county":"Hall","geo_location":{ "type": "Point", "coordinates": [-98.5021, 40.8725] }},
{"zip_code":"69032","country":"US","city":"Hayes Center","state":"Nebraska","state_ab":"NE","county":"Hayes","geo_location":{ "type": "Point", "coordinates": [-101.0252, 40.5173] }},
{"zip_code":"68725","country":"US","city":"Chambers","state":"Nebraska","state_ab":"NE","county":"Holt","geo_location":{ "type": "Point", "coordinates": [-98.7378, 42.1916] }},
{"zip_code":"68338","country":"US","city":"Daykin","state":"Nebraska","state_ab":"NE","county":"Jefferson","geo_location":{ "type": "Point", "coordinates": [-97.3043, 40.3192] }},
{"zip_code":"68352","country":"US","city":"Fairbury","state":"Nebraska","state_ab":"NE","county":"Jefferson","geo_location":{ "type": "Point", "coordinates": [-97.1839, 40.1488] }},
{"zip_code":"68945","country":"US","city":"Heartwell","state":"Nebraska","state_ab":"NE","county":"Kearney","geo_location":{ "type": "Point", "coordinates": [-98.7851, 40.5716] }},
{"zip_code":"68778","country":"US","city":"Springview","state":"Nebraska","state_ab":"NE","county":"Keya Paha","geo_location":{ "type": "Point", "coordinates": [-99.8061, 42.8488] }},
{"zip_code":"68402","country":"US","city":"Malcolm","state":"Nebraska","state_ab":"NE","county":"Lancaster","geo_location":{ "type": "Point", "coordinates": [-96.86, 40.9091] }},
{"zip_code":"68428","country":"US","city":"Raymond","state":"Nebraska","state_ab":"NE","county":"Lancaster","geo_location":{ "type": "Point", "coordinates": [-96.7866, 40.9342] }},
{"zip_code":"68505","country":"US","city":"Lincoln","state":"Nebraska","state_ab":"NE","county":"Lancaster","geo_location":{ "type": "Point", "coordinates": [-96.6252, 40.8247] }},
{"zip_code":"68532","country":"US","city":"Lincoln","state":"Nebraska","state_ab":"NE","county":"Lancaster","geo_location":{ "type": "Point", "coordinates": [-96.8551, 40.7922] }},
{"zip_code":"68572","country":"US","city":"Lincoln","state":"Nebraska","state_ab":"NE","county":"Lancaster","geo_location":{ "type": "Point", "coordinates": [-96.6888, 40.7845] }},
{"zip_code":"68752","country":"US","city":"Meadow Grove","state":"Nebraska","state_ab":"NE","county":"Madison","geo_location":{ "type": "Point", "coordinates": [-97.7334, 42.0102] }},
{"zip_code":"68378","country":"US","city":"Johnson","state":"Nebraska","state_ab":"NE","county":"Nemaha","geo_location":{ "type": "Point", "coordinates": [-95.9883, 40.4016] }},
{"zip_code":"68958","country":"US","city":"Loomis","state":"Nebraska","state_ab":"NE","county":"Phelps","geo_location":{ "type": "Point", "coordinates": [-99.4979, 40.4792] }},
{"zip_code":"68738","country":"US","city":"Hadar","state":"Nebraska","state_ab":"NE","county":"Pierce","geo_location":{ "type": "Point", "coordinates": [-97.6013, 42.2644] }},
{"zip_code":"68765","country":"US","city":"Osmond","state":"Nebraska","state_ab":"NE","county":"Pierce","geo_location":{ "type": "Point", "coordinates": [-97.582, 42.3539] }},
{"zip_code":"68662","country":"US","city":"Shelby","state":"Nebraska","state_ab":"NE","county":"Polk","geo_location":{ "type": "Point", "coordinates": [-97.4295, 41.2435] }},
{"zip_code":"68442","country":"US","city":"Stella","state":"Nebraska","state_ab":"NE","county":"Richardson","geo_location":{ "type": "Point", "coordinates": [-95.768, 40.2303] }},
{"zip_code":"68028","country":"US","city":"Gretna","state":"Nebraska","state_ab":"NE","county":"Sarpy","geo_location":{ "type": "Point", "coordinates": [-96.2458, 41.1345] }},
{"zip_code":"68015","country":"US","city":"Cedar Bluffs","state":"Nebraska","state_ab":"NE","county":"Saunders","geo_location":{ "type": "Point", "coordinates": [-96.5691, 41.3835] }},
{"zip_code":"68042","country":"US","city":"Memphis","state":"Nebraska","state_ab":"NE","county":"Saunders","geo_location":{ "type": "Point", "coordinates": [-96.4306, 41.0946] }},
{"zip_code":"68648","country":"US","city":"Morse Bluff","state":"Nebraska","state_ab":"NE","county":"Saunders","geo_location":{ "type": "Point", "coordinates": [-96.7862, 41.4178] }},
{"zip_code":"69355","country":"US","city":"Melbeta","state":"Nebraska","state_ab":"NE","county":"Scotts Bluff","geo_location":{ "type": "Point", "coordinates": [-103.4687, 41.765] }},
{"zip_code":"68325","country":"US","city":"Byron","state":"Nebraska","state_ab":"NE","county":"Thayer","geo_location":{ "type": "Point", "coordinates": [-97.7612, 40.0269] }},
{"zip_code":"68055","country":"US","city":"Rosalie","state":"Nebraska","state_ab":"NE","county":"Thurston","geo_location":{ "type": "Point", "coordinates": [-96.4929, 42.0574] }},
{"zip_code":"68815","country":"US","city":"Arcadia","state":"Nebraska","state_ab":"NE","county":"Valley","geo_location":{ "type": "Point", "coordinates": [-99.1205, 41.4293] }},
{"zip_code":"68002","country":"US","city":"Arlington","state":"Nebraska","state_ab":"NE","county":"Washington","geo_location":{ "type": "Point", "coordinates": [-96.307, 41.4417] }},
{"zip_code":"68068","country":"US","city":"Washington","state":"Nebraska","state_ab":"NE","county":"Washington","geo_location":{ "type": "Point", "coordinates": [-96.209, 41.3953] }},
{"zip_code":"68622","country":"US","city":"Bartlett","state":"Nebraska","state_ab":"NE","county":"Wheeler","geo_location":{ "type": "Point", "coordinates": [-98.5567, 41.8697] }},
{"zip_code":"3225","country":"US","city":"Center Barnstead","state":"New Hampshire","state_ab":"NH","county":"Belknap","geo_location":{ "type": "Point", "coordinates": [-71.2424, 43.3566] }},
{"zip_code":"3252","country":"US","city":"Lochmere","state":"New Hampshire","state_ab":"NH","county":"Belknap","geo_location":{ "type": "Point", "coordinates": [-71.5371, 43.4686] }},
{"zip_code":"3818","country":"US","city":"Conway","state":"New Hampshire","state_ab":"NH","county":"Carroll","geo_location":{ "type": "Point", "coordinates": [-71.1503, 43.9742] }},
{"zip_code":"3832","country":"US","city":"Eaton Center","state":"New Hampshire","state_ab":"NH","county":"Carroll","geo_location":{ "type": "Point", "coordinates": [-71.2577, 43.8839] }},
{"zip_code":"3845","country":"US","city":"Intervale","state":"New Hampshire","state_ab":"NH","county":"Carroll","geo_location":{ "type": "Point", "coordinates": [-71.1194, 44.0955] }},
{"zip_code":"3872","country":"US","city":"Sanbornville","state":"New Hampshire","state_ab":"NH","county":"Carroll","geo_location":{ "type": "Point", "coordinates": [-71.02, 43.5513] }},
{"zip_code":"3445","country":"US","city":"Sullivan","state":"New Hampshire","state_ab":"NH","county":"Cheshire","geo_location":{ "type": "Point", "coordinates": [-72.2019, 42.9982] }},
{"zip_code":"3575","country":"US","city":"Bretton Woods","state":"New Hampshire","state_ab":"NH","county":"Coos","geo_location":{ "type": "Point", "coordinates": [-71.3874, 44.6956] }},
{"zip_code":"3588","country":"US","city":"Milan","state":"New Hampshire","state_ab":"NH","county":"Coos","geo_location":{ "type": "Point", "coordinates": [-71.181, 44.587] }},
{"zip_code":"3238","country":"US","city":"Glencliff","state":"New Hampshire","state_ab":"NH","county":"Grafton","geo_location":{ "type": "Point", "coordinates": [-71.8409, 43.9675] }},
{"zip_code":"3755","country":"US","city":"Hanover","state":"New Hampshire","state_ab":"NH","county":"Grafton","geo_location":{ "type": "Point", "coordinates": [-72.285, 43.7045] }},
{"zip_code":"3768","country":"US","city":"Lyme","state":"New Hampshire","state_ab":"NH","county":"Grafton","geo_location":{ "type": "Point", "coordinates": [-72.162, 43.7913] }},
{"zip_code":"3045","country":"US","city":"Goffstown","state":"New Hampshire","state_ab":"NH","county":"Hillsborough","geo_location":{ "type": "Point", "coordinates": [-71.5697, 43.0201] }},
{"zip_code":"3108","country":"US","city":"Manchester","state":"New Hampshire","state_ab":"NH","county":"Hillsborough","geo_location":{ "type": "Point", "coordinates": [-71.6539, 42.9521] }},
{"zip_code":"3458","country":"US","city":"Peterborough","state":"New Hampshire","state_ab":"NH","county":"Hillsborough","geo_location":{ "type": "Point", "coordinates": [-71.947, 42.8856] }},
{"zip_code":"3265","country":"US","city":"Andover","state":"New Hampshire","state_ab":"NH","county":"Merrimack County","geo_location":{ "type": "Point", "coordinates": [-71.99, 43.417] }},
{"zip_code":"3278","country":"US","city":"Warner","state":"New Hampshire","state_ab":"NH","county":"Merrimack","geo_location":{ "type": "Point", "coordinates": [-71.8353, 43.3035] }},
{"zip_code":"3302","country":"US","city":"Concord","state":"New Hampshire","state_ab":"NH","county":"Merrimack","geo_location":{ "type": "Point", "coordinates": [-71.6629, 43.3103] }},
{"zip_code":"211","country":"US","city":"Portsmouth","state":"New Hampshire","state_ab":"NH","county":"Rockingham","geo_location":{ "type": "Point", "coordinates": [-71.0132, 43.0059] }},
{"zip_code":"3032","country":"US","city":"Auburn","state":"New Hampshire","state_ab":"NH","county":"Rockingham","geo_location":{ "type": "Point", "coordinates": [-71.3449, 42.9925] }},
{"zip_code":"3858","country":"US","city":"Newton","state":"New Hampshire","state_ab":"NH","county":"Rockingham","geo_location":{ "type": "Point", "coordinates": [-71.042, 42.8678] }},
{"zip_code":"3885","country":"US","city":"Stratham","state":"New Hampshire","state_ab":"NH","county":"Rockingham","geo_location":{ "type": "Point", "coordinates": [-70.8997, 43.0194] }},
{"zip_code":"3805","country":"US","city":"Rollinsford","state":"New Hampshire","state_ab":"NH","county":"Strafford","geo_location":{ "type": "Point", "coordinates": [-70.9307, 43.2853] }},
{"zip_code":"3782","country":"US","city":"Sunapee","state":"New Hampshire","state_ab":"NH","county":"Sullivan","geo_location":{ "type": "Point", "coordinates": [-72.095, 43.3868] }},
{"zip_code":"8215","country":"US","city":"Egg Harbor City","state":"New Jersey","state_ab":"NJ","county":"Atlantic","geo_location":{ "type": "Point", "coordinates": [-74.6177, 39.5331] }},
{"zip_code":"7072","country":"US","city":"Carlstadt","state":"New Jersey","state_ab":"NJ","county":"Bergen","geo_location":{ "type": "Point", "coordinates": [-74.0925, 40.8403] }},
{"zip_code":"7432","country":"US","city":"Midland Park","state":"New Jersey","state_ab":"NJ","county":"Bergen","geo_location":{ "type": "Point", "coordinates": [-74.1409, 40.9957] }},
{"zip_code":"7458","country":"US","city":"Saddle River","state":"New Jersey","state_ab":"NJ","county":"Bergen","geo_location":{ "type": "Point", "coordinates": [-74.0981, 41.0443] }},
{"zip_code":"7498","country":"US","city":"Mahwah","state":"New Jersey","state_ab":"NJ","county":"Bergen","geo_location":{ "type": "Point", "coordinates": [-74.0832, 40.9481] }},
{"zip_code":"7652","country":"US","city":"Paramus","state":"New Jersey","state_ab":"NJ","county":"Bergen","geo_location":{ "type": "Point", "coordinates": [-74.0672, 40.9477] }},
{"zip_code":"8022","country":"US","city":"Columbus","state":"New Jersey","state_ab":"NJ","county":"Burlington","geo_location":{ "type": "Point", "coordinates": [-74.6899, 40.0642] }},
{"zip_code":"8048","country":"US","city":"Lumberton","state":"New Jersey","state_ab":"NJ","county":"Burlington","geo_location":{ "type": "Point", "coordinates": [-74.8067, 39.9651] }},
{"zip_code":"8075","country":"US","city":"Riverside","state":"New Jersey","state_ab":"NJ","county":"Burlington","geo_location":{ "type": "Point", "coordinates": [-74.9497, 40.0293] }},
{"zip_code":"8088","country":"US","city":"Vincentown","state":"New Jersey","state_ab":"NJ","county":"Burlington","geo_location":{ "type": "Point", "coordinates": [-74.6693, 39.8604] }},
{"zip_code":"8035","country":"US","city":"Haddon Heights","state":"New Jersey","state_ab":"NJ","county":"Camden","geo_location":{ "type": "Point", "coordinates": [-75.0664, 39.8788] }},
{"zip_code":"8358","country":"US","city":"Cherry Hill","state":"New Jersey","state_ab":"NJ","county":"Camden County","geo_location":{ "type": "Point", "coordinates": [-74.9961, 39.9023] }},
{"zip_code":"8202","country":"US","city":"Avalon","state":"New Jersey","state_ab":"NJ","county":"Cape May","geo_location":{ "type": "Point", "coordinates": [-74.7262, 39.0951] }},
{"zip_code":"8242","country":"US","city":"Rio Grande","state":"New Jersey","state_ab":"NJ","county":"Cape May","geo_location":{ "type": "Point", "coordinates": [-74.8756, 39.0196] }},
{"zip_code":"8332","country":"US","city":"Millville","state":"New Jersey","state_ab":"NJ","county":"Cumberland","geo_location":{ "type": "Point", "coordinates": [-75.0293, 39.3673] }},
{"zip_code":"8345","country":"US","city":"Newport","state":"New Jersey","state_ab":"NJ","county":"Cumberland","geo_location":{ "type": "Point", "coordinates": [-75.1716, 39.2832] }},
{"zip_code":"7018","country":"US","city":"East Orange","state":"New Jersey","state_ab":"NJ","county":"Essex","geo_location":{ "type": "Point", "coordinates": [-74.2198, 40.7558] }},
{"zip_code":"7108","country":"US","city":"Newark","state":"New Jersey","state_ab":"NJ","county":"Essex","geo_location":{ "type": "Point", "coordinates": [-74.2015, 40.7236] }},
{"zip_code":"7175","country":"US","city":"Newark","state":"New Jersey","state_ab":"NJ","county":"Essex","geo_location":{ "type": "Point", "coordinates": [-74.2452, 40.7918] }},
{"zip_code":"7188","country":"US","city":"Newark","state":"New Jersey","state_ab":"NJ","county":"Essex","geo_location":{ "type": "Point", "coordinates": [-74.2452, 40.7918] }},
{"zip_code":"8062","country":"US","city":"Mullica Hill","state":"New Jersey","state_ab":"NJ","county":"Gloucester","geo_location":{ "type": "Point", "coordinates": [-75.2065, 39.7252] }},
{"zip_code":"7032","country":"US","city":"Kearny","state":"New Jersey","state_ab":"NJ","county":"Hudson","geo_location":{ "type": "Point", "coordinates": [-74.1471, 40.7647] }},
{"zip_code":"7302","country":"US","city":"Jersey City","state":"New Jersey","state_ab":"NJ","county":"Hudson","geo_location":{ "type": "Point", "coordinates": [-74.0469, 40.7221] }},
{"zip_code":"7395","country":"US","city":"Jersey City","state":"New Jersey","state_ab":"NJ","county":"Hudson County","geo_location":{ "type": "Point", "coordinates": [-74.078, 40.7279] }},
{"zip_code":"8822","country":"US","city":"Flemington","state":"New Jersey","state_ab":"NJ","county":"Hunterdon","geo_location":{ "type": "Point", "coordinates": [-74.8453, 40.518] }},
{"zip_code":"8848","country":"US","city":"Milford","state":"New Jersey","state_ab":"NJ","county":"Hunterdon","geo_location":{ "type": "Point", "coordinates": [-75.1025, 40.5929] }},
{"zip_code":"8888","country":"US","city":"Whitehouse","state":"New Jersey","state_ab":"NJ","county":"Hunterdon","geo_location":{ "type": "Point", "coordinates": [-74.7406, 40.6194] }},
{"zip_code":"8525","country":"US","city":"Hopewell","state":"New Jersey","state_ab":"NJ","county":"Mercer","geo_location":{ "type": "Point", "coordinates": [-74.771, 40.3902] }},
{"zip_code":"8602","country":"US","city":"Trenton","state":"New Jersey","state_ab":"NJ","county":"Mercer","geo_location":{ "type": "Point", "coordinates": [-74.712, 40.2805] }},
{"zip_code":"8628","country":"US","city":"Trenton","state":"New Jersey","state_ab":"NJ","county":"Mercer","geo_location":{ "type": "Point", "coordinates": [-74.8168, 40.2655] }},
{"zip_code":"8695","country":"US","city":"Trenton","state":"New Jersey","state_ab":"NJ","county":"Mercer","geo_location":{ "type": "Point", "coordinates": [-74.712, 40.2805] }},
{"zip_code":"7098","country":"US","city":"Avenel","state":"New Jersey","state_ab":"NJ","county":"Middlesex County","geo_location":{ "type": "Point", "coordinates": [-74.2853, 40.5802] }},
{"zip_code":"8512","country":"US","city":"Cranbury","state":"New Jersey","state_ab":"NJ","county":"Middlesex","geo_location":{ "type": "Point", "coordinates": [-74.5065, 40.3039] }},
{"zip_code":"8862","country":"US","city":"Perth Amboy","state":"New Jersey","state_ab":"NJ","county":"Middlesex","geo_location":{ "type": "Point", "coordinates": [-74.4173, 40.43] }},
{"zip_code":"7702","country":"US","city":"Shrewsbury","state":"New Jersey","state_ab":"NJ","county":"Monmouth","geo_location":{ "type": "Point", "coordinates": [-74.0589, 40.3282] }},
{"zip_code":"7715","country":"US","city":"Belmar","state":"New Jersey","state_ab":"NJ","county":"Monmouth","geo_location":{ "type": "Point", "coordinates": [-74.2493, 40.3027] }},
{"zip_code":"7728","country":"US","city":"Freehold","state":"New Jersey","state_ab":"NJ","county":"Monmouth","geo_location":{ "type": "Point", "coordinates": [-74.2768, 40.2458] }},
{"zip_code":"7755","country":"US","city":"Oakhurst","state":"New Jersey","state_ab":"NJ","county":"Monmouth","geo_location":{ "type": "Point", "coordinates": [-74.0184, 40.2648] }},
{"zip_code":"7005","country":"US","city":"Boonton","state":"New Jersey","state_ab":"NJ","county":"Morris","geo_location":{ "type": "Point", "coordinates": [-74.414, 40.9115] }},
{"zip_code":"7045","country":"US","city":"Montville","state":"New Jersey","state_ab":"NJ","county":"Morris","geo_location":{ "type": "Point", "coordinates": [-74.3646, 40.9049] }},
{"zip_code":"7058","country":"US","city":"Pine Brook","state":"New Jersey","state_ab":"NJ","county":"Morris","geo_location":{ "type": "Point", "coordinates": [-74.35, 40.8742] }},
{"zip_code":"7405","country":"US","city":"Butler","state":"New Jersey","state_ab":"NJ","county":"Morris","geo_location":{ "type": "Point", "coordinates": [-74.4261, 40.9988] }},
{"zip_code":"7845","country":"US","city":"Ironia","state":"New Jersey","state_ab":"NJ","county":"Morris","geo_location":{ "type": "Point", "coordinates": [-74.5783, 40.8673] }},
{"zip_code":"7885","country":"US","city":"Wharton","state":"New Jersey","state_ab":"NJ","county":"Morris","geo_location":{ "type": "Point", "coordinates": [-74.5863, 40.9139] }},
{"zip_code":"7935","country":"US","city":"Green Village","state":"New Jersey","state_ab":"NJ","county":"Morris","geo_location":{ "type": "Point", "coordinates": [-74.4517, 40.7416] }},
{"zip_code":"7962","country":"US","city":"Morristown","state":"New Jersey","state_ab":"NJ","county":"Morris","geo_location":{ "type": "Point", "coordinates": [-74.5783, 40.8673] }},
{"zip_code":"8008","country":"US","city":"Beach Haven","state":"New Jersey","state_ab":"NJ","county":"Ocean","geo_location":{ "type": "Point", "coordinates": [-74.1922, 39.6411] }},
{"zip_code":"8732","country":"US","city":"Island Heights","state":"New Jersey","state_ab":"NJ","county":"Ocean","geo_location":{ "type": "Point", "coordinates": [-74.1468, 39.9432] }},
{"zip_code":"8758","country":"US","city":"Waretown","state":"New Jersey","state_ab":"NJ","county":"Ocean","geo_location":{ "type": "Point", "coordinates": [-74.1954, 39.7896] }},
{"zip_code":"7508","country":"US","city":"Haledon","state":"New Jersey","state_ab":"NJ","county":"Passaic","geo_location":{ "type": "Point", "coordinates": [-74.1826, 40.9457] }},
{"zip_code":"7522","country":"US","city":"Paterson","state":"New Jersey","state_ab":"NJ","county":"Passaic","geo_location":{ "type": "Point", "coordinates": [-74.1781, 40.9252] }},
{"zip_code":"8318","country":"US","city":"Elmer","state":"New Jersey","state_ab":"NJ","county":"Salem","geo_location":{ "type": "Point", "coordinates": [-75.163, 39.5691] }},
{"zip_code":"8835","country":"US","city":"Manville","state":"New Jersey","state_ab":"NJ","county":"Somerset","geo_location":{ "type": "Point", "coordinates": [-74.5934, 40.5399] }},
{"zip_code":"8875","country":"US","city":"Somerset","state":"New Jersey","state_ab":"NJ","county":"Somerset","geo_location":{ "type": "Point", "coordinates": [-74.7117, 40.5809] }},
{"zip_code":"7418","country":"US","city":"Glenwood","state":"New Jersey","state_ab":"NJ","county":"Sussex","geo_location":{ "type": "Point", "coordinates": [-74.4885, 41.2356] }},
{"zip_code":"13435","country":"US","city":"Prospect","state":"New York","state_ab":"NY","county":"Oneida","geo_location":{ "type": "Point", "coordinates": [-75.1502, 43.3052] }},
{"zip_code":"13088","country":"US","city":"Liverpool","state":"New York","state_ab":"NY","county":"Onondaga","geo_location":{ "type": "Point", "coordinates": [-76.187, 43.1099] }},
{"zip_code":"13112","country":"US","city":"Memphis","state":"New York","state_ab":"NY","county":"Onondaga","geo_location":{ "type": "Point", "coordinates": [-76.403, 43.0934] }},
{"zip_code":"13125","country":"US","city":"Manlius","state":"New York","state_ab":"NY","county":"Onondaga County","geo_location":{ "type": "Point", "coordinates": [-75.9332, 42.978] }},
{"zip_code":"13138","country":"US","city":"Pompey","state":"New York","state_ab":"NY","county":"Onondaga","geo_location":{ "type": "Point", "coordinates": [-76.0265, 42.8927] }},
{"zip_code":"13152","country":"US","city":"Skaneateles","state":"New York","state_ab":"NY","county":"Onondaga","geo_location":{ "type": "Point", "coordinates": [-76.4052, 42.9258] }},
{"zip_code":"13202","country":"US","city":"Syracuse","state":"New York","state_ab":"NY","county":"Onondaga","geo_location":{ "type": "Point", "coordinates": [-76.1489, 43.041] }},
{"zip_code":"13215","country":"US","city":"Syracuse","state":"New York","state_ab":"NY","county":"Onondaga","geo_location":{ "type": "Point", "coordinates": [-76.2276, 42.9722] }},
{"zip_code":"14425","country":"US","city":"Farmington","state":"New York","state_ab":"NY","county":"Ontario","geo_location":{ "type": "Point", "coordinates": [-77.3083, 42.958] }},
{"zip_code":"10915","country":"US","city":"Bullville","state":"New York","state_ab":"NY","county":"Orange","geo_location":{ "type": "Point", "coordinates": [-74.3288, 41.5556] }},
{"zip_code":"10928","country":"US","city":"Highland Falls","state":"New York","state_ab":"NY","county":"Orange","geo_location":{ "type": "Point", "coordinates": [-73.9746, 41.3582] }},
{"zip_code":"12575","country":"US","city":"Rock Tavern","state":"New York","state_ab":"NY","county":"Orange","geo_location":{ "type": "Point", "coordinates": [-74.1659, 41.4575] }},
{"zip_code":"14452","country":"US","city":"Fancher","state":"New York","state_ab":"NY","county":"Orleans","geo_location":{ "type": "Point", "coordinates": [-78.2313, 43.381] }},
{"zip_code":"13488","country":"US","city":"Westford","state":"New York","state_ab":"NY","county":"Otsego","geo_location":{ "type": "Point", "coordinates": [-74.7653, 42.6809] }},
{"zip_code":"13808","country":"US","city":"Morris","state":"New York","state_ab":"NY","county":"Otsego","geo_location":{ "type": "Point", "coordinates": [-75.2448, 42.5478] }},
{"zip_code":"10542","country":"US","city":"Mahopac Falls","state":"New York","state_ab":"NY","county":"Putnam","geo_location":{ "type": "Point", "coordinates": [-73.7601, 41.3726] }},
{"zip_code":"11105","country":"US","city":"Astoria","state":"New York","state_ab":"NY","county":"Queens","geo_location":{ "type": "Point", "coordinates": [-73.911, 40.7763] }},
{"zip_code":"11352","country":"US","city":"Flushing","state":"New York","state_ab":"NY","county":"Queens","geo_location":{ "type": "Point", "coordinates": [-73.8708, 40.6514] }},
{"zip_code":"11365","country":"US","city":"Fresh Meadows","state":"New York","state_ab":"NY","county":"Queens","geo_location":{ "type": "Point", "coordinates": [-73.7951, 40.7374] }},
{"zip_code":"11378","country":"US","city":"Maspeth","state":"New York","state_ab":"NY","county":"Queens","geo_location":{ "type": "Point", "coordinates": [-73.8997, 40.7239] }},
{"zip_code":"11402","country":"US","city":"Jamaica","state":"New York","state_ab":"NY","county":"Queens County","geo_location":{ "type": "Point", "coordinates": [-73.8059, 40.6913] }},
{"zip_code":"11415","country":"US","city":"Kew Gardens","state":"New York","state_ab":"NY","county":"Queens","geo_location":{ "type": "Point", "coordinates": [-73.8297, 40.7069] }},
{"zip_code":"11428","country":"US","city":"Queens Village","state":"New York","state_ab":"NY","county":"Queens","geo_location":{ "type": "Point", "coordinates": [-73.7433, 40.7208] }},
{"zip_code":"11482","country":"US","city":"Jamaica","state":"New York","state_ab":"NY","county":"Queens County","geo_location":{ "type": "Point", "coordinates": [-73.8061, 40.6914] }},
{"zip_code":"12018","country":"US","city":"Averill Park","state":"New York","state_ab":"NY","county":"Rensselaer","geo_location":{ "type": "Point", "coordinates": [-73.5504, 42.6365] }},
{"zip_code":"12162","country":"US","city":"South Schodack","state":"New York","state_ab":"NY","county":"Rensselaer","geo_location":{ "type": "Point", "coordinates": [-73.7024, 42.5139] }},
{"zip_code":"10308","country":"US","city":"Staten Island","state":"New York","state_ab":"NY","county":"Richmond","geo_location":{ "type": "Point", "coordinates": [-74.1526, 40.5518] }},
{"zip_code":"10968","country":"US","city":"Piermont","state":"New York","state_ab":"NY","county":"Rockland","geo_location":{ "type": "Point", "coordinates": [-73.9192, 41.0395] }},
{"zip_code":"10982","country":"US","city":"Tallman","state":"New York","state_ab":"NY","county":"Rockland","geo_location":{ "type": "Point", "coordinates": [-74.0608, 41.1609] }},
{"zip_code":"10995","country":"US","city":"West Nyack","state":"New York","state_ab":"NY","county":"Rockland","geo_location":{ "type": "Point", "coordinates": [-74.0608, 41.1609] }},
{"zip_code":"12922","country":"US","city":"Childwold","state":"New York","state_ab":"NY","county":"St. Lawrence","geo_location":{ "type": "Point", "coordinates": [-74.6759, 44.2867] }},
{"zip_code":"13642","country":"US","city":"Gouverneur","state":"New York","state_ab":"NY","county":"St. Lawrence","geo_location":{ "type": "Point", "coordinates": [-75.4651, 44.3283] }},
{"zip_code":"13668","country":"US","city":"Norwood","state":"New York","state_ab":"NY","county":"St. Lawrence","geo_location":{ "type": "Point", "coordinates": [-74.9992, 44.7472] }},
{"zip_code":"13695","country":"US","city":"Wanakena","state":"New York","state_ab":"NY","county":"St. Lawrence","geo_location":{ "type": "Point", "coordinates": [-74.9125, 44.1408] }},
{"zip_code":"12148","country":"US","city":"Rexford","state":"New York","state_ab":"NY","county":"Saratoga","geo_location":{ "type": "Point", "coordinates": [-73.8701, 42.8524] }},
{"zip_code":"12188","country":"US","city":"Waterford","state":"New York","state_ab":"NY","county":"Saratoga","geo_location":{ "type": "Point", "coordinates": [-73.6995, 42.81] }},
{"zip_code":"12302","country":"US","city":"Schenectady","state":"New York","state_ab":"NY","county":"Schenectady","geo_location":{ "type": "Point", "coordinates": [-73.9913, 42.88] }},
{"zip_code":"12122","country":"US","city":"Middleburgh","state":"New York","state_ab":"NY","county":"Schoharie","geo_location":{ "type": "Point", "coordinates": [-74.3292, 42.5637] }},
{"zip_code":"12175","country":"US","city":"Summit","state":"New York","state_ab":"NY","county":"Schoharie","geo_location":{ "type": "Point", "coordinates": [-74.5452, 42.535] }},
{"zip_code":"14812","country":"US","city":"Beaver Dams","state":"New York","state_ab":"NY","county":"Schuyler","geo_location":{ "type": "Point", "coordinates": [-76.972, 42.2798] }},
{"zip_code":"14865","country":"US","city":"Montour Falls","state":"New York","state_ab":"NY","county":"Schuyler","geo_location":{ "type": "Point", "coordinates": [-76.8396, 42.3437] }},
{"zip_code":"13165","country":"US","city":"Waterloo","state":"New York","state_ab":"NY","county":"Seneca","geo_location":{ "type": "Point", "coordinates": [-76.8755, 42.9045] }},
{"zip_code":"11725","country":"US","city":"Commack","state":"New York","state_ab":"NY","county":"Suffolk","geo_location":{ "type": "Point", "coordinates": [-73.2799, 40.843] }},
{"zip_code":"11738","country":"US","city":"Farmingville","state":"New York","state_ab":"NY","county":"Suffolk","geo_location":{ "type": "Point", "coordinates": [-73.0413, 40.8366] }},
{"zip_code":"11752","country":"US","city":"Islip Terrace","state":"New York","state_ab":"NY","county":"Suffolk","geo_location":{ "type": "Point", "coordinates": [-73.1827, 40.7548] }},
{"zip_code":"11778","country":"US","city":"Rocky Point","state":"New York","state_ab":"NY","county":"Suffolk","geo_location":{ "type": "Point", "coordinates": [-72.9357, 40.9492] }},
{"zip_code":"11792","country":"US","city":"Wading River","state":"New York","state_ab":"NY","county":"Suffolk","geo_location":{ "type": "Point", "coordinates": [-72.8348, 40.952] }},
{"zip_code":"11932","country":"US","city":"Bridgehampton","state":"New York","state_ab":"NY","county":"Suffolk","geo_location":{ "type": "Point", "coordinates": [-72.3077, 40.9339] }},
{"zip_code":"11958","country":"US","city":"Peconic","state":"New York","state_ab":"NY","county":"Suffolk","geo_location":{ "type": "Point", "coordinates": [-72.4666, 41.0392] }},
{"zip_code":"11972","country":"US","city":"Speonk","state":"New York","state_ab":"NY","county":"Suffolk","geo_location":{ "type": "Point", "coordinates": [-72.6371, 40.9223] }},
{"zip_code":"12742","country":"US","city":"Harris","state":"New York","state_ab":"NY","county":"Sullivan","geo_location":{ "type": "Point", "coordinates": [-74.7218, 41.7141] }},
{"zip_code":"12768","country":"US","city":"Parksville","state":"New York","state_ab":"NY","county":"Sullivan","geo_location":{ "type": "Point", "coordinates": [-74.7359, 41.8517] }},
{"zip_code":"13732","country":"US","city":"Apalachin","state":"New York","state_ab":"NY","county":"Tioga","geo_location":{ "type": "Point", "coordinates": [-76.1519, 42.0556] }},
{"zip_code":"13835","country":"US","city":"Richford","state":"New York","state_ab":"NY","county":"Tioga","geo_location":{ "type": "Point", "coordinates": [-76.1865, 42.3945] }},
{"zip_code":"14892","country":"US","city":"Waverly","state":"New York","state_ab":"NY","county":"Tioga","geo_location":{ "type": "Point", "coordinates": [-76.5333, 42.0172] }},
{"zip_code":"13062","country":"US","city":"Etna","state":"New York","state_ab":"NY","county":"Tompkins","geo_location":{ "type": "Point", "coordinates": [-76.389, 42.4844] }},
{"zip_code":"14852","country":"US","city":"Ithaca","state":"New York","state_ab":"NY","county":"Tompkins","geo_location":{ "type": "Point", "coordinates": [-76.4672, 42.4451] }},
{"zip_code":"12432","country":"US","city":"Glasco","state":"New York","state_ab":"NY","county":"Ulster","geo_location":{ "type": "Point", "coordinates": [-74.0032, 41.9498] }},
{"zip_code":"12458","country":"US","city":"Napanoch","state":"New York","state_ab":"NY","county":"Ulster","geo_location":{ "type": "Point", "coordinates": [-74.3804, 41.759] }},
{"zip_code":"12472","country":"US","city":"Rosendale","state":"New York","state_ab":"NY","county":"Ulster","geo_location":{ "type": "Point", "coordinates": [-74.073, 41.8402] }},
{"zip_code":"12498","country":"US","city":"Woodstock","state":"New York","state_ab":"NY","county":"Ulster","geo_location":{ "type": "Point", "coordinates": [-74.112, 42.0348] }},
{"zip_code":"12548","country":"US","city":"Modena","state":"New York","state_ab":"NY","county":"Ulster","geo_location":{ "type": "Point", "coordinates": [-74.1036, 41.6503] }},
{"zip_code":"12588","country":"US","city":"Walker Valley","state":"New York","state_ab":"NY","county":"Ulster","geo_location":{ "type": "Point", "coordinates": [-74.3457, 41.8788] }},
{"zip_code":"12782","country":"US","city":"Sundown","state":"New York","state_ab":"NY","county":"Ulster","geo_location":{ "type": "Point", "coordinates": [-74.4301, 41.8815] }},
{"zip_code":"12845","country":"US","city":"Lake George","state":"New York","state_ab":"NY","county":"Warren","geo_location":{ "type": "Point", "coordinates": [-73.6975, 43.4167] }},
{"zip_code":"12885","country":"US","city":"Warrensburg","state":"New York","state_ab":"NY","county":"Warren","geo_location":{ "type": "Point", "coordinates": [-73.792, 43.5003] }},
{"zip_code":"12832","country":"US","city":"Granville","state":"New York","state_ab":"NY","county":"Washington","geo_location":{ "type": "Point", "coordinates": [-73.2978, 43.3776] }},
{"zip_code":"14502","country":"US","city":"Macedon","state":"New York","state_ab":"NY","county":"Wayne","geo_location":{ "type": "Point", "coordinates": [-77.3372, 43.0784] }},
{"zip_code":"14542","country":"US","city":"Rose","state":"New York","state_ab":"NY","county":"Wayne","geo_location":{ "type": "Point", "coordinates": [-76.8608, 43.1448] }},
{"zip_code":"14555","country":"US","city":"Sodus Point","state":"New York","state_ab":"NY","county":"Wayne","geo_location":{ "type": "Point", "coordinates": [-76.9835, 43.2546] }},
{"zip_code":"14568","country":"US","city":"Walworth","state":"New York","state_ab":"NY","county":"Wayne","geo_location":{ "type": "Point", "coordinates": [-77.2858, 43.1402] }},
{"zip_code":"10502","country":"US","city":"Ardsley","state":"New York","state_ab":"NY","county":"Westchester","geo_location":{ "type": "Point", "coordinates": [-73.8413, 41.0113] }},
{"zip_code":"10528","country":"US","city":"Harrison","state":"New York","state_ab":"NY","county":"Westchester","geo_location":{ "type": "Point", "coordinates": [-73.7181, 40.9719] }},
{"zip_code":"10595","country":"US","city":"Valhalla","state":"New York","state_ab":"NY","county":"Westchester","geo_location":{ "type": "Point", "coordinates": [-73.7776, 41.0856] }},
{"zip_code":"10605","country":"US","city":"White Plains","state":"New York","state_ab":"NY","county":"Westchester","geo_location":{ "type": "Point", "coordinates": [-73.7552, 41.0141] }},
{"zip_code":"10708","country":"US","city":"Bronxville","state":"New York","state_ab":"NY","county":"Westchester","geo_location":{ "type": "Point", "coordinates": [-73.8353, 40.9391] }},
{"zip_code":"14478","country":"US","city":"Keuka Park","state":"New York","state_ab":"NY","county":"Yates","geo_location":{ "type": "Point", "coordinates": [-77.1226, 42.5708] }},
{"zip_code":"14878","country":"US","city":"Rock Stream","state":"New York","state_ab":"NY","county":"Yates","geo_location":{ "type": "Point", "coordinates": [-76.9364, 42.4485] }},
{"zip_code":"45618","country":"US","city":"Cherry Fork","state":"Ohio","state_ab":"OH","county":"Adams","geo_location":{ "type": "Point", "coordinates": [-83.6218, 38.8922] }},
{"zip_code":"44848","country":"US","city":"Nankin","state":"Ohio","state_ab":"OH","county":"Ashland","geo_location":{ "type": "Point", "coordinates": [-82.2817, 40.9206] }},
{"zip_code":"44048","country":"US","city":"Kingsville","state":"Ohio","state_ab":"OH","county":"Ashtabula","geo_location":{ "type": "Point", "coordinates": [-80.6601, 41.8723] }},
{"zip_code":"44088","country":"US","city":"Unionville","state":"Ohio","state_ab":"OH","county":"Ashtabula","geo_location":{ "type": "Point", "coordinates": [-81.0034, 41.7833] }},
{"zip_code":"45735","country":"US","city":"Guysville","state":"Ohio","state_ab":"OH","county":"Athens","geo_location":{ "type": "Point", "coordinates": [-81.922, 39.2493] }},
{"zip_code":"45865","country":"US","city":"Minster","state":"Ohio","state_ab":"OH","county":"Auglaize","geo_location":{ "type": "Point", "coordinates": [-84.3729, 40.391] }},
{"zip_code":"43935","country":"US","city":"Martins Ferry","state":"Ohio","state_ab":"OH","county":"Belmont","geo_location":{ "type": "Point", "coordinates": [-80.7361, 40.1036] }},
{"zip_code":"45115","country":"US","city":"Decatur","state":"Ohio","state_ab":"OH","county":"Brown","geo_location":{ "type": "Point", "coordinates": [-83.6995, 38.8237] }},
{"zip_code":"45168","country":"US","city":"Russellville","state":"Ohio","state_ab":"OH","county":"Brown","geo_location":{ "type": "Point", "coordinates": [-83.7625, 38.8511] }},
{"zip_code":"45012","country":"US","city":"Hamilton","state":"Ohio","state_ab":"OH","county":"Butler","geo_location":{ "type": "Point", "coordinates": [-84.5757, 39.441] }},
{"zip_code":"45025","country":"US","city":"Hamilton","state":"Ohio","state_ab":"OH","county":"Butler","geo_location":{ "type": "Point", "coordinates": [-84.5757, 39.441] }},
{"zip_code":"44615","country":"US","city":"Carrollton","state":"Ohio","state_ab":"OH","county":"Carroll","geo_location":{ "type": "Point", "coordinates": [-81.0818, 40.5787] }},
{"zip_code":"43072","country":"US","city":"Saint Paris","state":"Ohio","state_ab":"OH","county":"Champaign","geo_location":{ "type": "Point", "coordinates": [-83.9631, 40.1058] }},
{"zip_code":"45502","country":"US","city":"Springfield","state":"Ohio","state_ab":"OH","county":"Clark","geo_location":{ "type": "Point", "coordinates": [-83.8546, 39.9172] }},
{"zip_code":"45102","country":"US","city":"Amelia","state":"Ohio","state_ab":"OH","county":"Clermont","geo_location":{ "type": "Point", "coordinates": [-84.2112, 39.0211] }},
{"zip_code":"45245","country":"US","city":"Cincinnati","state":"Ohio","state_ab":"OH","county":"Clermont","geo_location":{ "type": "Point", "coordinates": [-84.2802, 39.0688] }},
{"zip_code":"43962","country":"US","city":"Summitville","state":"Ohio","state_ab":"OH","county":"Columbiana","geo_location":{ "type": "Point", "coordinates": [-80.8816, 40.6795] }},
{"zip_code":"44408","country":"US","city":"Columbiana","state":"Ohio","state_ab":"OH","county":"Columbiana","geo_location":{ "type": "Point", "coordinates": [-80.6975, 40.8853] }},
{"zip_code":"43805","country":"US","city":"Blissfield","state":"Ohio","state_ab":"OH","county":"Coshocton","geo_location":{ "type": "Point", "coordinates": [-81.9688, 40.3983] }},
{"zip_code":"43845","country":"US","city":"West Lafayette","state":"Ohio","state_ab":"OH","county":"Coshocton","geo_location":{ "type": "Point", "coordinates": [-81.7361, 40.2718] }},
{"zip_code":"44022","country":"US","city":"Chagrin Falls","state":"Ohio","state_ab":"OH","county":"Cuyahoga","geo_location":{ "type": "Point", "coordinates": [-81.4314, 41.4494] }},
{"zip_code":"44112","country":"US","city":"Cleveland","state":"Ohio","state_ab":"OH","county":"Cuyahoga","geo_location":{ "type": "Point", "coordinates": [-81.5737, 41.5356] }},
{"zip_code":"44125","country":"US","city":"Cleveland","state":"Ohio","state_ab":"OH","county":"Cuyahoga","geo_location":{ "type": "Point", "coordinates": [-81.6323, 41.4335] }},
{"zip_code":"44138","country":"US","city":"Olmsted Falls","state":"Ohio","state_ab":"OH","county":"Cuyahoga","geo_location":{ "type": "Point", "coordinates": [-81.9158, 41.3734] }},
{"zip_code":"44178","country":"US","city":"Cleveland","state":"Ohio","state_ab":"OH","county":"Cuyahoga","geo_location":{ "type": "Point", "coordinates": [-81.6728, 41.6857] }},
{"zip_code":"44192","country":"US","city":"Cleveland","state":"Ohio","state_ab":"OH","county":"Cuyahoga","geo_location":{ "type": "Point", "coordinates": [-81.6728, 41.6857] }},
{"zip_code":"45348","country":"US","city":"New Weston","state":"Ohio","state_ab":"OH","county":"Darke","geo_location":{ "type": "Point", "coordinates": [-84.6308, 40.3349] }},
{"zip_code":"45362","country":"US","city":"Rossburg","state":"Ohio","state_ab":"OH","county":"Darke","geo_location":{ "type": "Point", "coordinates": [-84.6264, 40.2946] }},
{"zip_code":"45388","country":"US","city":"Yorkshire","state":"Ohio","state_ab":"OH","county":"Darke","geo_location":{ "type": "Point", "coordinates": [-84.4836, 40.3283] }},
{"zip_code":"43032","country":"US","city":"Kilbourne","state":"Ohio","state_ab":"OH","county":"Delaware","geo_location":{ "type": "Point", "coordinates": [-82.9588, 40.3286] }},
{"zip_code":"43148","country":"US","city":"Pleasantville","state":"Ohio","state_ab":"OH","county":"Fairfield","geo_location":{ "type": "Point", "coordinates": [-82.5043, 39.8227] }},
{"zip_code":"43085","country":"US","city":"Columbus","state":"Ohio","state_ab":"OH","county":"Franklin","geo_location":{ "type": "Point", "coordinates": [-83.0157, 40.0999] }},
{"zip_code":"43212","country":"US","city":"Columbus","state":"Ohio","state_ab":"OH","county":"Franklin","geo_location":{ "type": "Point", "coordinates": [-83.0456, 39.9874] }},
{"zip_code":"43265","country":"US","city":"Columbus","state":"Ohio","state_ab":"OH","county":"Franklin","geo_location":{ "type": "Point", "coordinates": [-83.0114, 39.969] }},
{"zip_code":"45658","country":"US","city":"Patriot","state":"Ohio","state_ab":"OH","county":"Gallia","geo_location":{ "type": "Point", "coordinates": [-82.4275, 38.777] }},
{"zip_code":"45685","country":"US","city":"Thurman","state":"Ohio","state_ab":"OH","county":"Gallia","geo_location":{ "type": "Point", "coordinates": [-82.4063, 38.8705] }},
{"zip_code":"44062","country":"US","city":"Middlefield","state":"Ohio","state_ab":"OH","county":"Geauga","geo_location":{ "type": "Point", "coordinates": [-81.0373, 41.4455] }},
{"zip_code":"45335","country":"US","city":"Jamestown","state":"Ohio","state_ab":"OH","county":"Greene","geo_location":{ "type": "Point", "coordinates": [-83.7504, 39.6428] }},
{"zip_code":"43755","country":"US","city":"Lore City","state":"Ohio","state_ab":"OH","county":"Guernsey","geo_location":{ "type": "Point", "coordinates": [-81.4479, 40.0459] }},
{"zip_code":"43768","country":"US","city":"Old Washington","state":"Ohio","state_ab":"OH","county":"Guernsey","geo_location":{ "type": "Point", "coordinates": [-81.4522, 40.0392] }},
{"zip_code":"45052","country":"US","city":"North Bend","state":"Ohio","state_ab":"OH","county":"Hamilton","geo_location":{ "type": "Point", "coordinates": [-84.7273, 39.1536] }},
{"zip_code":"45205","country":"US","city":"Cincinnati","state":"Ohio","state_ab":"OH","county":"Hamilton","geo_location":{ "type": "Point", "coordinates": [-84.5757, 39.1104] }},
{"zip_code":"45218","country":"US","city":"Cincinnati","state":"Ohio","state_ab":"OH","county":"Hamilton","geo_location":{ "type": "Point", "coordinates": [-84.5221, 39.2663] }},
{"zip_code":"45232","country":"US","city":"Cincinnati","state":"Ohio","state_ab":"OH","county":"Hamilton","geo_location":{ "type": "Point", "coordinates": [-84.5141, 39.1859] }},
{"zip_code":"45258","country":"US","city":"Cincinnati","state":"Ohio","state_ab":"OH","county":"Hamilton","geo_location":{ "type": "Point", "coordinates": [-84.5382, 39.1668] }},
{"zip_code":"45298","country":"US","city":"Cincinnati","state":"Ohio","state_ab":"OH","county":"Hamilton","geo_location":{ "type": "Point", "coordinates": [-84.5382, 39.1668] }},
{"zip_code":"45812","country":"US","city":"Alger","state":"Ohio","state_ab":"OH","county":"Hardin","geo_location":{ "type": "Point", "coordinates": [-83.825, 40.706] }},
{"zip_code":"43988","country":"US","city":"Scio","state":"Ohio","state_ab":"OH","county":"Harrison","geo_location":{ "type": "Point", "coordinates": [-81.1016, 40.4012] }},
{"zip_code":"44695","country":"US","city":"Bowerston","state":"Ohio","state_ab":"OH","county":"Harrison","geo_location":{ "type": "Point", "coordinates": [-81.1862, 40.4371] }},
{"zip_code":"43535","country":"US","city":"Malinta","state":"Ohio","state_ab":"OH","county":"Henry","geo_location":{ "type": "Point", "coordinates": [-84.0457, 41.3084] }},
{"zip_code":"43548","country":"US","city":"New Bavaria","state":"Ohio","state_ab":"OH","county":"Henry","geo_location":{ "type": "Point", "coordinates": [-84.1913, 41.2086] }},
{"zip_code":"45142","country":"US","city":"Lynchburg","state":"Ohio","state_ab":"OH","county":"Highland","geo_location":{ "type": "Point", "coordinates": [-83.8021, 39.2119] }},
{"zip_code":"45155","country":"US","city":"Mowrystown","state":"Ohio","state_ab":"OH","county":"Highland","geo_location":{ "type": "Point", "coordinates": [-83.7505, 39.0388] }},
{"zip_code":"43135","country":"US","city":"Laurelville","state":"Ohio","state_ab":"OH","county":"Hocking","geo_location":{ "type": "Point", "coordinates": [-82.7212, 39.4757] }},
{"zip_code":"44628","country":"US","city":"Glenmont","state":"Ohio","state_ab":"OH","county":"Holmes","geo_location":{ "type": "Point", "coordinates": [-82.1505, 40.5217] }},
{"zip_code":"44888","country":"US","city":"Willard","state":"Ohio","state_ab":"OH","county":"Huron","geo_location":{ "type": "Point", "coordinates": [-82.5889, 41.1415] }},
{"zip_code":"43908","country":"US","city":"Bergholz","state":"Ohio","state_ab":"OH","county":"Jefferson","geo_location":{ "type": "Point", "coordinates": [-80.8565, 40.5002] }},
{"zip_code":"43948","country":"US","city":"Smithfield","state":"Ohio","state_ab":"OH","county":"Jefferson","geo_location":{ "type": "Point", "coordinates": [-80.7849, 40.2801] }},
{"zip_code":"43005","country":"US","city":"Bladensburg","state":"Ohio","state_ab":"OH","county":"Knox","geo_location":{ "type": "Point", "coordinates": [-82.2736, 40.2962] }},
{"zip_code":"45645","country":"US","city":"Kitts Hill","state":"Ohio","state_ab":"OH","county":"Lawrence","geo_location":{ "type": "Point", "coordinates": [-82.5489, 38.5649] }},
{"zip_code":"43018","country":"US","city":"Etna","state":"Ohio","state_ab":"OH","county":"Licking","geo_location":{ "type": "Point", "coordinates": [-82.6837, 39.9572] }},
{"zip_code":"43058","country":"US","city":"Newark","state":"Ohio","state_ab":"OH","county":"Licking","geo_location":{ "type": "Point", "coordinates": [-82.4827, 40.0951] }},
{"zip_code":"43098","country":"US","city":"Hebron","state":"Ohio","state_ab":"OH","county":"Licking","geo_location":{ "type": "Point", "coordinates": [-82.4827, 40.0951] }},
{"zip_code":"44035","country":"US","city":"Elyria","state":"Ohio","state_ab":"OH","county":"Lorain","geo_location":{ "type": "Point", "coordinates": [-82.1051, 41.3724] }},
{"zip_code":"43612","country":"US","city":"Toledo","state":"Ohio","state_ab":"OH","county":"Lucas","geo_location":{ "type": "Point", "coordinates": [-83.5656, 41.7046] }},
{"zip_code":"43652","country":"US","city":"Toledo","state":"Ohio","state_ab":"OH","county":"Lucas","geo_location":{ "type": "Point", "coordinates": [-83.4394, 41.6868] }},
{"zip_code":"43162","country":"US","city":"West Jefferson","state":"Ohio","state_ab":"OH","county":"Madison","geo_location":{ "type": "Point", "coordinates": [-83.2853, 39.9424] }},
{"zip_code":"44422","country":"US","city":"Greenford","state":"Ohio","state_ab":"OH","county":"Mahoning","geo_location":{ "type": "Point", "coordinates": [-80.8029, 41.0171] }},
{"zip_code":"44512","country":"US","city":"Youngstown","state":"Ohio","state_ab":"OH","county":"Mahoning","geo_location":{ "type": "Point", "coordinates": [-80.6687, 41.0252] }},
{"zip_code":"43302","country":"US","city":"Marion","state":"Ohio","state_ab":"OH","county":"Marion","geo_location":{ "type": "Point", "coordinates": [-83.1271, 40.5876] }},
{"zip_code":"43342","country":"US","city":"Prospect","state":"Ohio","state_ab":"OH","county":"Marion","geo_location":{ "type": "Point", "coordinates": [-83.1763, 40.4727] }},
{"zip_code":"44215","country":"US","city":"Chippewa Lake","state":"Ohio","state_ab":"OH","county":"Medina","geo_location":{ "type": "Point", "coordinates": [-81.9017, 41.0653] }},
{"zip_code":"44282","country":"US","city":"Wadsworth","state":"Ohio","state_ab":"OH","county":"Medina","geo_location":{ "type": "Point", "coordinates": [-81.9292, 41.1327] }},
{"zip_code":"45775","country":"US","city":"Rutland","state":"Ohio","state_ab":"OH","county":"Meigs","geo_location":{ "type": "Point", "coordinates": [-82.1486, 39.0909] }},
{"zip_code":"45308","country":"US","city":"Bradford","state":"Ohio","state_ab":"OH","county":"Miami","geo_location":{ "type": "Point", "coordinates": [-84.4293, 40.1286] }},
{"zip_code":"45322","country":"US","city":"Englewood","state":"Ohio","state_ab":"OH","county":"Montgomery","geo_location":{ "type": "Point", "coordinates": [-84.3319, 39.877] }},
{"zip_code":"64442","country":"US","city":"Eagleville","state":"Missouri","state_ab":"MO","county":"Harrison","geo_location":{ "type": "Point", "coordinates": [-93.9951, 40.4912] }},
{"zip_code":"65548","country":"US","city":"Mountain View","state":"Missouri","state_ab":"MO","county":"Howell","geo_location":{ "type": "Point", "coordinates": [-91.7099, 36.9892] }},
{"zip_code":"64002","country":"US","city":"Lees Summit","state":"Missouri","state_ab":"MO","county":"Jackson","geo_location":{ "type": "Point", "coordinates": [-94.3983, 38.9285] }},
{"zip_code":"64015","country":"US","city":"Blue Springs","state":"Missouri","state_ab":"MO","county":"Jackson","geo_location":{ "type": "Point", "coordinates": [-94.3118, 39.015] }},
{"zip_code":"64055","country":"US","city":"Independence","state":"Missouri","state_ab":"MO","county":"Jackson","geo_location":{ "type": "Point", "coordinates": [-94.4039, 39.0545] }},
{"zip_code":"64082","country":"US","city":"Lees Summit","state":"Missouri","state_ab":"MO","county":"Jackson","geo_location":{ "type": "Point", "coordinates": [-94.3944, 38.8518] }},
{"zip_code":"64105","country":"US","city":"Kansas City","state":"Missouri","state_ab":"MO","county":"Jackson","geo_location":{ "type": "Point", "coordinates": [-94.5901, 39.1025] }},
{"zip_code":"64132","country":"US","city":"Kansas City","state":"Missouri","state_ab":"MO","county":"Jackson","geo_location":{ "type": "Point", "coordinates": [-94.5522, 38.9911] }},
{"zip_code":"64145","country":"US","city":"Kansas City","state":"Missouri","state_ab":"MO","county":"Jackson","geo_location":{ "type": "Point", "coordinates": [-94.5976, 38.8977] }},
{"zip_code":"64172","country":"US","city":"Kansas City","state":"Missouri","state_ab":"MO","county":"Jackson","geo_location":{ "type": "Point", "coordinates": [-94.3567, 39.035] }},
{"zip_code":"64185","country":"US","city":"Kansas City","state":"Missouri","state_ab":"MO","county":"Jackson","geo_location":{ "type": "Point", "coordinates": [-94.3567, 39.035] }},
{"zip_code":"64198","country":"US","city":"Kansas City","state":"Missouri","state_ab":"MO","county":"Jackson","geo_location":{ "type": "Point", "coordinates": [-94.3567, 39.035] }},
{"zip_code":"64802","country":"US","city":"Joplin","state":"Missouri","state_ab":"MO","county":"Jasper","geo_location":{ "type": "Point", "coordinates": [-94.3355, 37.2062] }},
{"zip_code":"64855","country":"US","city":"Oronogo","state":"Missouri","state_ab":"MO","county":"Jasper","geo_location":{ "type": "Point", "coordinates": [-94.4865, 37.2717] }},
{"zip_code":"63012","country":"US","city":"Barnhart","state":"Missouri","state_ab":"MO","county":"Jefferson","geo_location":{ "type": "Point", "coordinates": [-90.4142, 38.3384] }},
{"zip_code":"63052","country":"US","city":"Imperial","state":"Missouri","state_ab":"MO","county":"Jefferson","geo_location":{ "type": "Point", "coordinates": [-90.4381, 38.4069] }},
{"zip_code":"63065","country":"US","city":"Mapaville","state":"Missouri","state_ab":"MO","county":"Jefferson","geo_location":{ "type": "Point", "coordinates": [-90.5149, 38.2527] }},
{"zip_code":"63438","country":"US","city":"Durham","state":"Missouri","state_ab":"MO","county":"Lewis","geo_location":{ "type": "Point", "coordinates": [-91.6704, 39.9625] }},
{"zip_code":"63452","country":"US","city":"Lewistown","state":"Missouri","state_ab":"MO","county":"Lewis","geo_location":{ "type": "Point", "coordinates": [-91.8157, 40.0867] }},
{"zip_code":"63362","country":"US","city":"Moscow Mills","state":"Missouri","state_ab":"MO","county":"Lincoln","geo_location":{ "type": "Point", "coordinates": [-90.9138, 38.9482] }},
{"zip_code":"64635","country":"US","city":"Chula","state":"Missouri","state_ab":"MO","county":"Livingston","geo_location":{ "type": "Point", "coordinates": [-93.4841, 39.9226] }},
{"zip_code":"64688","country":"US","city":"Wheeling","state":"Missouri","state_ab":"MO","county":"Livingston","geo_location":{ "type": "Point", "coordinates": [-93.3868, 39.8011] }},
{"zip_code":"64868","country":"US","city":"Tiff City","state":"Missouri","state_ab":"MO","county":"McDonald","geo_location":{ "type": "Point", "coordinates": [-94.3428, 36.6326] }},
{"zip_code":"63645","country":"US","city":"Fredericktown","state":"Missouri","state_ab":"MO","county":"Madison","geo_location":{ "type": "Point", "coordinates": [-90.3362, 37.4906] }},
{"zip_code":"65018","country":"US","city":"California","state":"Missouri","state_ab":"MO","county":"Moniteau","geo_location":{ "type": "Point", "coordinates": [-92.5456, 38.6224] }},
{"zip_code":"65072","country":"US","city":"Rocky Mount","state":"Missouri","state_ab":"MO","county":"Morgan","geo_location":{ "type": "Point", "coordinates": [-92.7059, 38.2911] }},
{"zip_code":"63838","country":"US","city":"Conran","state":"Missouri","state_ab":"MO","county":"New Madrid","geo_location":{ "type": "Point", "coordinates": [-89.65, 36.6038] }},
{"zip_code":"63878","country":"US","city":"Tallapoosa","state":"Missouri","state_ab":"MO","county":"New Madrid","geo_location":{ "type": "Point", "coordinates": [-89.8224, 36.503] }},
{"zip_code":"64842","country":"US","city":"Fairview","state":"Missouri","state_ab":"MO","county":"Newton","geo_location":{ "type": "Point", "coordinates": [-94.0912, 36.8254] }},
{"zip_code":"64428","country":"US","city":"Burlington Junction","state":"Missouri","state_ab":"MO","county":"Nodaway","geo_location":{ "type": "Point", "coordinates": [-95.063, 40.4475] }},
{"zip_code":"64455","country":"US","city":"Graham","state":"Missouri","state_ab":"MO","county":"Nodaway","geo_location":{ "type": "Point", "coordinates": [-95.0121, 40.2012] }},
{"zip_code":"64468","country":"US","city":"Maryville","state":"Missouri","state_ab":"MO","county":"Nodaway","geo_location":{ "type": "Point", "coordinates": [-94.8735, 40.3434] }},
{"zip_code":"65692","country":"US","city":"Koshkonong","state":"Missouri","state_ab":"MO","county":"Oregon","geo_location":{ "type": "Point", "coordinates": [-91.6304, 36.6056] }},
{"zip_code":"65058","country":"US","city":"Meta","state":"Missouri","state_ab":"MO","county":"Osage","geo_location":{ "type": "Point", "coordinates": [-92.1358, 38.25] }},
{"zip_code":"65085","country":"US","city":"Westphalia","state":"Missouri","state_ab":"MO","county":"Osage","geo_location":{ "type": "Point", "coordinates": [-92.0392, 38.427] }},
{"zip_code":"65715","country":"US","city":"Noble","state":"Missouri","state_ab":"MO","county":"Ozark","geo_location":{ "type": "Point", "coordinates": [-92.5769, 36.7441] }},
{"zip_code":"63748","country":"US","city":"Frohna","state":"Missouri","state_ab":"MO","county":"Perry","geo_location":{ "type": "Point", "coordinates": [-89.6619, 37.6686] }},
{"zip_code":"63775","country":"US","city":"Perryville","state":"Missouri","state_ab":"MO","county":"Perry","geo_location":{ "type": "Point", "coordinates": [-89.8737, 37.7174] }},
{"zip_code":"65302","country":"US","city":"Sedalia","state":"Missouri","state_ab":"MO","county":"Pettis","geo_location":{ "type": "Point", "coordinates": [-93.2817, 38.7246] }},
{"zip_code":"64028","country":"US","city":"Farley","state":"Missouri","state_ab":"MO","county":"Platte","geo_location":{ "type": "Point", "coordinates": [-94.8302, 39.2839] }},
{"zip_code":"65278","country":"US","city":"Renick","state":"Missouri","state_ab":"MO","county":"Randolph","geo_location":{ "type": "Point", "coordinates": [-92.411, 39.3414] }},
{"zip_code":"63942","country":"US","city":"Gatewood","state":"Missouri","state_ab":"MO","county":"Ripley","geo_location":{ "type": "Point", "coordinates": [-91.0703, 36.5626] }},
{"zip_code":"63955","country":"US","city":"Oxly","state":"Missouri","state_ab":"MO","county":"Ripley","geo_location":{ "type": "Point", "coordinates": [-90.692, 36.5874] }},
{"zip_code":"63348","country":"US","city":"Foristell","state":"Missouri","state_ab":"MO","county":"St. Charles","geo_location":{ "type": "Point", "coordinates": [-90.9343, 38.7626] }},
{"zip_code":"64738","country":"US","city":"Collins","state":"Missouri","state_ab":"MO","county":"St. Clair","geo_location":{ "type": "Point", "coordinates": [-93.6608, 37.881] }},
{"zip_code":"63025","country":"US","city":"Eureka","state":"Missouri","state_ab":"MO","county":"St. Louis","geo_location":{ "type": "Point", "coordinates": [-90.6306, 38.5128] }},
{"zip_code":"63038","country":"US","city":"Glencoe","state":"Missouri","state_ab":"MO","county":"St. Louis","geo_location":{ "type": "Point", "coordinates": [-90.6639, 38.5878] }},
{"zip_code":"63128","country":"US","city":"Saint Louis","state":"Missouri","state_ab":"MO","county":"St. Louis","geo_location":{ "type": "Point", "coordinates": [-90.3772, 38.4915] }},
{"zip_code":"63555","country":"US","city":"Memphis","state":"Missouri","state_ab":"MO","county":"Scotland","geo_location":{ "type": "Point", "coordinates": [-92.1851, 40.4619] }},
{"zip_code":"65588","country":"US","city":"Winona","state":"Missouri","state_ab":"MO","county":"Shannon","geo_location":{ "type": "Point", "coordinates": [-91.3121, 37.0169] }},
{"zip_code":"63735","country":"US","city":"Bell City","state":"Missouri","state_ab":"MO","county":"Stoddard","geo_location":{ "type": "Point", "coordinates": [-89.7984, 37.0116] }},
{"zip_code":"63825","country":"US","city":"Bloomfield","state":"Missouri","state_ab":"MO","county":"Stoddard","geo_location":{ "type": "Point", "coordinates": [-89.9456, 36.8989] }},
{"zip_code":"65728","country":"US","city":"Ponce De Leon","state":"Missouri","state_ab":"MO","county":"Stone","geo_location":{ "type": "Point", "coordinates": [-93.4586, 36.7471] }},
{"zip_code":"64765","country":"US","city":"Metz","state":"Missouri","state_ab":"MO","county":"Vernon","geo_location":{ "type": "Point", "coordinates": [-94.3381, 37.8499] }},
{"zip_code":"64778","country":"US","city":"Richards","state":"Missouri","state_ab":"MO","county":"Vernon","geo_location":{ "type": "Point", "coordinates": [-94.5592, 37.9061] }},
{"zip_code":"63632","country":"US","city":"Cascade","state":"Missouri","state_ab":"MO","county":"Wayne","geo_location":{ "type": "Point", "coordinates": [-90.445, 37.1196] }},
{"zip_code":"65652","country":"US","city":"Fordland","state":"Missouri","state_ab":"MO","county":"Webster","geo_location":{ "type": "Point", "coordinates": [-92.9111, 37.1447] }},
{"zip_code":"65742","country":"US","city":"Rogersville","state":"Missouri","state_ab":"MO","county":"Webster","geo_location":{ "type": "Point", "coordinates": [-93.0964, 37.131] }},
{"zip_code":"65702","country":"US","city":"Macomb","state":"Missouri","state_ab":"MO","county":"Wright","geo_location":{ "type": "Point", "coordinates": [-92.4821, 37.1049] }},
{"zip_code":"63102","country":"US","city":"Saint Louis","state":"Missouri","state_ab":"MO","county":"St. Louis (city)","geo_location":{ "type": "Point", "coordinates": [-90.1864, 38.6352] }},
{"zip_code":"63115","country":"US","city":"Saint Louis","state":"Missouri","state_ab":"MO","county":"St. Louis (city)","geo_location":{ "type": "Point", "coordinates": [-90.2385, 38.6756] }},
{"zip_code":"63155","country":"US","city":"Saint Louis","state":"Missouri","state_ab":"MO","county":"St. Louis (city)","geo_location":{ "type": "Point", "coordinates": [-90.2435, 38.6531] }},
{"zip_code":"63182","country":"US","city":"Saint Louis","state":"Missouri","state_ab":"MO","county":"St. Louis (city)","geo_location":{ "type": "Point", "coordinates": [-90.2435, 38.6531] }},
{"zip_code":"63195","country":"US","city":"Saint Louis","state":"Missouri","state_ab":"MO","county":"St. Louis (city)","geo_location":{ "type": "Point", "coordinates": [-90.2435, 38.6531] }},
{"zip_code":"39165","country":"US","city":"Sibley","state":"Mississippi","state_ab":"MS","county":"Adams","geo_location":{ "type": "Point", "coordinates": [-91.4044, 31.4706] }},
{"zip_code":"38755","country":"US","city":"Greenville","state":"Mississippi","state_ab":"MS","county":"Bolivar County","geo_location":{ "type": "Point", "coordinates": [-91.076, 33.5351] }},
{"zip_code":"39745","country":"US","city":"French Camp","state":"Mississippi","state_ab":"MS","county":"Choctaw","geo_location":{ "type": "Point", "coordinates": [-89.3999, 33.2898] }},
{"zip_code":"39772","country":"US","city":"Weir","state":"Mississippi","state_ab":"MS","county":"Choctaw","geo_location":{ "type": "Point", "coordinates": [-89.2804, 33.2645] }},
{"zip_code":"39525","country":"US","city":"Diamondhead","state":"Mississippi","state_ab":"MS","county":"Hancock","geo_location":{ "type": "Point", "coordinates": [-89.3779, 30.3728] }},
{"zip_code":"39202","country":"US","city":"Jackson","state":"Mississippi","state_ab":"MS","county":"Hinds","geo_location":{ "type": "Point", "coordinates": [-90.1782, 32.3149] }},
{"zip_code":"39215","country":"US","city":"Jackson","state":"Mississippi","state_ab":"MS","county":"Hinds","geo_location":{ "type": "Point", "coordinates": [-90.3972, 32.3113] }},
{"zip_code":"39282","country":"US","city":"Jackson","state":"Mississippi","state_ab":"MS","county":"Hinds","geo_location":{ "type": "Point", "coordinates": [-90.3972, 32.3113] }},
{"zip_code":"39192","country":"US","city":"West","state":"Mississippi","state_ab":"MS","county":"Holmes","geo_location":{ "type": "Point", "coordinates": [-89.7695, 33.1883] }},
{"zip_code":"38858","country":"US","city":"Nettleton","state":"Mississippi","state_ab":"MS","county":"Itawamba","geo_location":{ "type": "Point", "coordinates": [-88.6052, 34.0821] }},
{"zip_code":"39552","country":"US","city":"Escatawpa","state":"Mississippi","state_ab":"MS","county":"Jackson","geo_location":{ "type": "Point", "coordinates": [-88.6345, 30.4411] }},
{"zip_code":"39565","country":"US","city":"Ocean Springs","state":"Mississippi","state_ab":"MS","county":"Jackson","geo_location":{ "type": "Point", "coordinates": [-88.7086, 30.5474] }},
{"zip_code":"39422","country":"US","city":"Bay Springs","state":"Mississippi","state_ab":"MS","county":"Jasper","geo_location":{ "type": "Point", "coordinates": [-89.2338, 31.9449] }},
{"zip_code":"39668","country":"US","city":"Union Church","state":"Mississippi","state_ab":"MS","county":"Jefferson","geo_location":{ "type": "Point", "coordinates": [-90.8259, 31.7105] }},
{"zip_code":"39358","country":"US","city":"Scooba","state":"Mississippi","state_ab":"MS","county":"Kemper","geo_location":{ "type": "Point", "coordinates": [-88.4883, 32.8402] }},
{"zip_code":"39475","country":"US","city":"Purvis","state":"Mississippi","state_ab":"MS","county":"Lamar","geo_location":{ "type": "Point", "coordinates": [-89.4623, 31.1496] }},
{"zip_code":"39305","country":"US","city":"Meridian","state":"Mississippi","state_ab":"MS","county":"Lauderdale","geo_location":{ "type": "Point", "coordinates": [-88.6783, 32.4401] }},
{"zip_code":"38935","country":"US","city":"Greenwood","state":"Mississippi","state_ab":"MS","county":"Leflore","geo_location":{ "type": "Point", "coordinates": [-90.2776, 33.5234] }},
{"zip_code":"39602","country":"US","city":"Brookhaven","state":"Mississippi","state_ab":"MS","county":"Lincoln","geo_location":{ "type": "Point", "coordinates": [-90.4907, 31.5334] }},
{"zip_code":"39705","country":"US","city":"Columbus","state":"Mississippi","state_ab":"MS","county":"Lowndes","geo_location":{ "type": "Point", "coordinates": [-88.4865, 33.5508] }},
{"zip_code":"39332","country":"US","city":"Hickory","state":"Mississippi","state_ab":"MS","county":"Newton","geo_location":{ "type": "Point", "coordinates": [-89.0093, 32.32] }},
{"zip_code":"39345","country":"US","city":"Newton","state":"Mississippi","state_ab":"MS","county":"Newton","geo_location":{ "type": "Point", "coordinates": [-89.184, 32.3244] }},
{"zip_code":"38665","country":"US","city":"Sarah","state":"Mississippi","state_ab":"MS","county":"Panola","geo_location":{ "type": "Point", "coordinates": [-90.162, 34.591] }},
{"zip_code":"39462","country":"US","city":"New Augusta","state":"Mississippi","state_ab":"MS","county":"Perry","geo_location":{ "type": "Point", "coordinates": [-88.9916, 31.1719] }},
{"zip_code":"39152","country":"US","city":"Pulaski","state":"Mississippi","state_ab":"MS","county":"Scott","geo_location":{ "type": "Point", "coordinates": [-89.5627, 32.2745] }},
{"zip_code":"39062","country":"US","city":"D Lo","state":"Mississippi","state_ab":"MS","county":"Simpson","geo_location":{ "type": "Point", "coordinates": [-89.9192, 31.9861] }},
{"zip_code":"39112","country":"US","city":"Sanatorium","state":"Mississippi","state_ab":"MS","county":"Simpson","geo_location":{ "type": "Point", "coordinates": [-89.7807, 31.8962] }},
{"zip_code":"38768","country":"US","city":"Rome","state":"Mississippi","state_ab":"MS","county":"Sunflower","geo_location":{ "type": "Point", "coordinates": [-90.4776, 33.959] }},
{"zip_code":"38962","country":"US","city":"Tippo","state":"Mississippi","state_ab":"MS","county":"Tallahatchie","geo_location":{ "type": "Point", "coordinates": [-90.1885, 33.9292] }},
{"zip_code":"38638","country":"US","city":"Independence","state":"Mississippi","state_ab":"MS","county":"Tate","geo_location":{ "type": "Point", "coordinates": [-89.8288, 34.6959] }},
{"zip_code":"38625","country":"US","city":"Dumas","state":"Mississippi","state_ab":"MS","county":"Tippah","geo_location":{ "type": "Point", "coordinates": [-88.8072, 34.6491] }},
{"zip_code":"38652","country":"US","city":"New Albany","state":"Mississippi","state_ab":"MS","county":"Union","geo_location":{ "type": "Point", "coordinates": [-89.0031, 34.4851] }},
{"zip_code":"38702","country":"US","city":"Greenville","state":"Mississippi","state_ab":"MS","county":"Washington","geo_location":{ "type": "Point", "coordinates": [-90.9946, 33.4258] }},
{"zip_code":"38782","country":"US","city":"Winterville","state":"Mississippi","state_ab":"MS","county":"Washington","geo_location":{ "type": "Point", "coordinates": [-90.9573, 33.2691] }},
{"zip_code":"38922","country":"US","city":"Coffeeville","state":"Mississippi","state_ab":"MS","county":"Yalobusha","geo_location":{ "type": "Point", "coordinates": [-89.6782, 33.9215] }},
{"zip_code":"38948","country":"US","city":"Oakland","state":"Mississippi","state_ab":"MS","county":"Yalobusha","geo_location":{ "type": "Point", "coordinates": [-89.8877, 34.0756] }},
{"zip_code":"39088","country":"US","city":"Holly Bluff","state":"Mississippi","state_ab":"MS","county":"Yazoo","geo_location":{ "type": "Point", "coordinates": [-90.7231, 32.8415] }},
{"zip_code":"59725","country":"US","city":"Dillon","state":"Montana","state_ab":"MT","county":"Beaverhead","geo_location":{ "type": "Point", "coordinates": [-112.6405, 45.2339] }},
{"zip_code":"59068","country":"US","city":"Red Lodge","state":"Montana","state_ab":"MT","county":"Carbon","geo_location":{ "type": "Point", "coordinates": [-109.2688, 45.1965] }},
{"zip_code":"59402","country":"US","city":"Malmstrom A F B","state":"Montana","state_ab":"MT","county":"Cascade","geo_location":{ "type": "Point", "coordinates": [-111.1959, 47.5102] }},
{"zip_code":"59442","country":"US","city":"Fort Benton","state":"Montana","state_ab":"MT","county":"Chouteau","geo_location":{ "type": "Point", "coordinates": [-110.6052, 47.924] }},
{"zip_code":"59338","country":"US","city":"Kinsey","state":"Montana","state_ab":"MT","county":"Custer","geo_location":{ "type": "Point", "coordinates": [-105.4623, 46.324] }},
{"zip_code":"59222","country":"US","city":"Flaxville","state":"Montana","state_ab":"MT","county":"Daniels","geo_location":{ "type": "Point", "coordinates": [-105.1637, 48.7472] }},
{"zip_code":"59932","country":"US","city":"Somers","state":"Montana","state_ab":"MT","county":"Flathead","geo_location":{ "type": "Point", "coordinates": [-114.2355, 48.0793] }},
{"zip_code":"59752","country":"US","city":"Three Forks","state":"Montana","state_ab":"MT","county":"Gallatin","geo_location":{ "type": "Point", "coordinates": [-111.5436, 45.8811] }},
{"zip_code":"59532","country":"US","city":"Kremlin","state":"Montana","state_ab":"MT","county":"Hill","geo_location":{ "type": "Point", "coordinates": [-110.0513, 48.56] }},
{"zip_code":"59855","country":"US","city":"Pablo","state":"Montana","state_ab":"MT","county":"Lake","geo_location":{ "type": "Point", "coordinates": [-114.2124, 47.6513] }},
{"zip_code":"59635","country":"US","city":"East Helena","state":"Montana","state_ab":"MT","county":"Lewis and Clark","geo_location":{ "type": "Point", "coordinates": [-111.9051, 46.5973] }},
{"zip_code":"59648","country":"US","city":"Wolf Creek","state":"Montana","state_ab":"MT","county":"Lewis and Clark","geo_location":{ "type": "Point", "coordinates": [-112.1476, 47.0856] }},
{"zip_code":"59545","country":"US","city":"Whitlash","state":"Montana","state_ab":"MT","county":"Liberty","geo_location":{ "type": "Point", "coordinates": [-111.1075, 48.911] }},
{"zip_code":"59918","country":"US","city":"Fortine","state":"Montana","state_ab":"MT","county":"Lincoln","geo_location":{ "type": "Point", "coordinates": [-114.8809, 48.7586] }},
{"zip_code":"59842","country":"US","city":"Haugan","state":"Montana","state_ab":"MT","county":"Mineral","geo_location":{ "type": "Point", "coordinates": [-115.5163, 47.4028] }},
{"zip_code":"59802","country":"US","city":"Missoula","state":"Montana","state_ab":"MT","county":"Missoula","geo_location":{ "type": "Point", "coordinates": [-114.0027, 46.9006] }},
{"zip_code":"59868","country":"US","city":"Seeley Lake","state":"Montana","state_ab":"MT","county":"Missoula","geo_location":{ "type": "Point", "coordinates": [-113.481, 47.1789] }},
{"zip_code":"59082","country":"US","city":"Springdale","state":"Montana","state_ab":"MT","county":"Park","geo_location":{ "type": "Point", "coordinates": [-110.4774, 45.3333] }},
{"zip_code":"59828","country":"US","city":"Corvallis","state":"Montana","state_ab":"MT","county":"Ravalli","geo_location":{ "type": "Point", "coordinates": [-114.096, 46.3142] }},
{"zip_code":"59262","country":"US","city":"Savage","state":"Montana","state_ab":"MT","county":"Richland","geo_location":{ "type": "Point", "coordinates": [-104.2845, 47.5194] }},
{"zip_code":"59312","country":"US","city":"Angela","state":"Montana","state_ab":"MT","county":"Rosebud","geo_location":{ "type": "Point", "coordinates": [-106.992, 46.018] }},
{"zip_code":"59275","country":"US","city":"Westby","state":"Montana","state_ab":"MT","county":"Sheridan","geo_location":{ "type": "Point", "coordinates": [-104.1247, 48.8587] }},
{"zip_code":"59028","country":"US","city":"Fishtail","state":"Montana","state_ab":"MT","county":"Stillwater","geo_location":{ "type": "Point", "coordinates": [-109.5821, 45.4002] }},
{"zip_code":"59055","country":"US","city":"Melville","state":"Montana","state_ab":"MT","county":"Sweet Grass","geo_location":{ "type": "Point", "coordinates": [-109.7808, 46.104] }},
{"zip_code":"59468","country":"US","city":"Power","state":"Montana","state_ab":"MT","county":"Teton","geo_location":{ "type": "Point", "coordinates": [-111.7169, 47.6798] }},
{"zip_code":"59482","country":"US","city":"Sunburst","state":"Montana","state_ab":"MT","county":"Toole","geo_location":{ "type": "Point", "coordinates": [-111.7442, 48.8516] }},
{"zip_code":"59248","country":"US","city":"Nashua","state":"Montana","state_ab":"MT","county":"Valley","geo_location":{ "type": "Point", "coordinates": [-106.3208, 48.2161] }},
{"zip_code":"59002","country":"US","city":"Acton","state":"Montana","state_ab":"MT","county":"Yellowstone","geo_location":{ "type": "Point", "coordinates": [-108.6888, 45.9291] }},
{"zip_code":"59015","country":"US","city":"Broadview","state":"Montana","state_ab":"MT","county":"Yellowstone","geo_location":{ "type": "Point", "coordinates": [-108.8091, 46.0821] }},
{"zip_code":"59105","country":"US","city":"Billings","state":"Montana","state_ab":"MT","county":"Yellowstone","geo_location":{ "type": "Point", "coordinates": [-108.599, 45.9497] }},
{"zip_code":"27258","country":"US","city":"Haw River","state":"North Carolina","state_ab":"NC","county":"Alamance","geo_location":{ "type": "Point", "coordinates": [-79.3242, 36.0424] }},
{"zip_code":"28675","country":"US","city":"Sparta","state":"North Carolina","state_ab":"NC","county":"Alleghany","geo_location":{ "type": "Point", "coordinates": [-81.1384, 36.5089] }},
{"zip_code":"28622","country":"US","city":"Elk Park","state":"North Carolina","state_ab":"NC","county":"Avery","geo_location":{ "type": "Point", "coordinates": [-81.9639, 36.1646] }},
{"zip_code":"28662","country":"US","city":"Pineola","state":"North Carolina","state_ab":"NC","county":"Avery","geo_location":{ "type": "Point", "coordinates": [-81.876, 36.0856] }},
{"zip_code":"27865","country":"US","city":"Pinetown","state":"North Carolina","state_ab":"NC","county":"Beaufort","geo_location":{ "type": "Point", "coordinates": [-76.8076, 35.5758] }},
{"zip_code":"28392","country":"US","city":"Tar Heel","state":"North Carolina","state_ab":"NC","county":"Bladen","geo_location":{ "type": "Point", "coordinates": [-78.8134, 34.7465] }},
{"zip_code":"28468","country":"US","city":"Sunset Beach","state":"North Carolina","state_ab":"NC","county":"Brunswick","geo_location":{ "type": "Point", "coordinates": [-78.52, 33.8836] }},
{"zip_code":"28648","country":"US","city":"Longisland","state":"North Carolina","state_ab":"NC","county":"Buncombe County","geo_location":{ "type": "Point", "coordinates": [-80.9904, 35.6658] }},
{"zip_code":"28778","country":"US","city":"Swannanoa","state":"North Carolina","state_ab":"NC","county":"Buncombe","geo_location":{ "type": "Point", "coordinates": [-82.407, 35.6172] }},
{"zip_code":"28802","country":"US","city":"Asheville","state":"North Carolina","state_ab":"NC","county":"Buncombe","geo_location":{ "type": "Point", "coordinates": [-82.6671, 35.6237] }},
{"zip_code":"28815","country":"US","city":"Asheville","state":"North Carolina","state_ab":"NC","county":"Buncombe","geo_location":{ "type": "Point", "coordinates": [-82.5286, 35.6203] }},
{"zip_code":"28082","country":"US","city":"Kannapolis","state":"North Carolina","state_ab":"NC","county":"Cabarrus","geo_location":{ "type": "Point", "coordinates": [-80.5411, 35.3463] }},
{"zip_code":"28905","country":"US","city":"Marble","state":"North Carolina","state_ab":"NC","county":"Cherokee","geo_location":{ "type": "Point", "coordinates": [-83.9381, 35.1475] }},
{"zip_code":"7922","country":"US","city":"Berkeley Heights","state":"New Jersey","state_ab":"NJ","county":"Union","geo_location":{ "type": "Point", "coordinates": [-74.4346, 40.6752] }},
{"zip_code":"7832","country":"US","city":"Columbia","state":"New Jersey","state_ab":"NJ","county":"Warren","geo_location":{ "type": "Point", "coordinates": [-75.055, 40.9388] }},
{"zip_code":"8808","country":"US","city":"Broadway","state":"New Jersey","state_ab":"NJ","county":"Warren","geo_location":{ "type": "Point", "coordinates": [-75.0469, 40.7372] }},
{"zip_code":"87108","country":"US","city":"Albuquerque","state":"New Mexico","state_ab":"NM","county":"Bernalillo","geo_location":{ "type": "Point", "coordinates": [-106.5749, 35.0726] }},
{"zip_code":"87122","country":"US","city":"Albuquerque","state":"New Mexico","state_ab":"NM","county":"Bernalillo","geo_location":{ "type": "Point", "coordinates": [-106.5102, 35.1787] }},
{"zip_code":"88202","country":"US","city":"Roswell","state":"New Mexico","state_ab":"NM","county":"Chaves","geo_location":{ "type": "Point", "coordinates": [-104.4318, 33.3038] }},
{"zip_code":"87005","country":"US","city":"Bluewater","state":"New Mexico","state_ab":"NM","county":"Cibola","geo_location":{ "type": "Point", "coordinates": [-108.1917, 35.1647] }},
{"zip_code":"87315","country":"US","city":"Fence Lake","state":"New Mexico","state_ab":"NM","county":"Cibola","geo_location":{ "type": "Point", "coordinates": [-108.6934, 34.7344] }},
{"zip_code":"87728","country":"US","city":"Maxwell","state":"New Mexico","state_ab":"NM","county":"Colfax","geo_location":{ "type": "Point", "coordinates": [-104.564, 36.5434] }},
{"zip_code":"88112","country":"US","city":"Broadview","state":"New Mexico","state_ab":"NM","county":"Curry","geo_location":{ "type": "Point", "coordinates": [-103.1292, 34.804] }},
{"zip_code":"88008","country":"US","city":"Santa Teresa","state":"New Mexico","state_ab":"NM","county":"Doa Ana","geo_location":{ "type": "Point", "coordinates": [-106.6821, 31.8394] }},
{"zip_code":"88048","country":"US","city":"Mesquite","state":"New Mexico","state_ab":"NM","county":"Doa Ana","geo_location":{ "type": "Point", "coordinates": [-106.6676, 32.146] }},
{"zip_code":"88255","country":"US","city":"Loco Hills","state":"New Mexico","state_ab":"NM","county":"Eddy","geo_location":{ "type": "Point", "coordinates": [-104.2873, 32.4828] }},
{"zip_code":"88268","country":"US","city":"Whites City","state":"New Mexico","state_ab":"NM","county":"Eddy","geo_location":{ "type": "Point", "coordinates": [-104.2873, 32.4828] }},
{"zip_code":"88022","country":"US","city":"Arenas Valley","state":"New Mexico","state_ab":"NM","county":"Grant","geo_location":{ "type": "Point", "coordinates": [-108.1854, 32.7839] }},
{"zip_code":"88062","country":"US","city":"Silver City","state":"New Mexico","state_ab":"NM","county":"Grant","geo_location":{ "type": "Point", "coordinates": [-108.1379, 32.7282] }},
{"zip_code":"88435","country":"US","city":"Santa Rosa","state":"New Mexico","state_ab":"NM","county":"Guadalupe","geo_location":{ "type": "Point", "coordinates": [-104.5899, 34.8526] }},
{"zip_code":"88242","country":"US","city":"Hobbs","state":"New Mexico","state_ab":"NM","county":"Lea","geo_location":{ "type": "Point", "coordinates": [-103.1587, 32.8105] }},
{"zip_code":"88318","country":"US","city":"Corona","state":"New Mexico","state_ab":"NM","county":"Lincoln","geo_location":{ "type": "Point", "coordinates": [-105.5339, 34.1693] }},
{"zip_code":"88345","country":"US","city":"Ruidoso","state":"New Mexico","state_ab":"NM","county":"Lincoln","geo_location":{ "type": "Point", "coordinates": [-105.651, 33.3474] }},
{"zip_code":"87045","country":"US","city":"Prewitt","state":"New Mexico","state_ab":"NM","county":"McKinley","geo_location":{ "type": "Point", "coordinates": [-108.1038, 35.3547] }},
{"zip_code":"87302","country":"US","city":"Gallup","state":"New Mexico","state_ab":"NM","county":"McKinley","geo_location":{ "type": "Point", "coordinates": [-108.1767, 35.4809] }},
{"zip_code":"87328","country":"US","city":"Navajo","state":"New Mexico","state_ab":"NM","county":"McKinley","geo_location":{ "type": "Point", "coordinates": [-109.0226, 35.8942] }},
{"zip_code":"87715","country":"US","city":"Cleveland","state":"New Mexico","state_ab":"NM","county":"Mora","geo_location":{ "type": "Point", "coordinates": [-105.4326, 35.9898] }},
{"zip_code":"87522","country":"US","city":"Chimayo","state":"New Mexico","state_ab":"NM","county":"Rio Arriba","geo_location":{ "type": "Point", "coordinates": [-106.5785, 36.4654] }},
{"zip_code":"87548","country":"US","city":"Medanales","state":"New Mexico","state_ab":"NM","county":"Rio Arriba","geo_location":{ "type": "Point", "coordinates": [-106.2176, 36.1892] }},
{"zip_code":"87575","country":"US","city":"Tierra Amarilla","state":"New Mexico","state_ab":"NM","county":"Rio Arriba","geo_location":{ "type": "Point", "coordinates": [-106.557, 36.6805] }},
{"zip_code":"88125","country":"US","city":"Milnesand","state":"New Mexico","state_ab":"NM","county":"Roosevelt","geo_location":{ "type": "Point", "coordinates": [-103.2782, 33.605] }},
{"zip_code":"87018","country":"US","city":"Counselor","state":"New Mexico","state_ab":"NM","county":"Sandoval","geo_location":{ "type": "Point", "coordinates": [-106.9358, 35.7174] }},
{"zip_code":"87072","country":"US","city":"Cochiti Pueblo","state":"New Mexico","state_ab":"NM","county":"Sandoval","geo_location":{ "type": "Point", "coordinates": [-106.3518, 35.6089] }},
{"zip_code":"87418","country":"US","city":"La Plata","state":"New Mexico","state_ab":"NM","county":"San Juan","geo_location":{ "type": "Point", "coordinates": [-108.1792, 36.9576] }},
{"zip_code":"87562","country":"US","city":"Rowe","state":"New Mexico","state_ab":"NM","county":"San Miguel","geo_location":{ "type": "Point", "coordinates": [-104.6796, 35.4563] }},
{"zip_code":"87742","country":"US","city":"Rociada","state":"New Mexico","state_ab":"NM","county":"San Miguel","geo_location":{ "type": "Point", "coordinates": [-105.3147, 35.8226] }},
{"zip_code":"87508","country":"US","city":"Santa Fe","state":"New Mexico","state_ab":"NM","county":"Santa Fe","geo_location":{ "type": "Point", "coordinates": [-105.926, 35.5335] }},
{"zip_code":"87535","country":"US","city":"Glorieta","state":"New Mexico","state_ab":"NM","county":"Santa Fe","geo_location":{ "type": "Point", "coordinates": [-105.7477, 35.5288] }},
{"zip_code":"87935","country":"US","city":"Elephant Butte","state":"New Mexico","state_ab":"NM","county":"Sierra","geo_location":{ "type": "Point", "coordinates": [-107.2212, 33.209] }},
{"zip_code":"87832","country":"US","city":"San Antonio","state":"New Mexico","state_ab":"NM","county":"Socorro","geo_location":{ "type": "Point", "coordinates": [-106.8285, 33.819] }},
{"zip_code":"87032","country":"US","city":"Mc Intosh","state":"New Mexico","state_ab":"NM","county":"Torrance","geo_location":{ "type": "Point", "coordinates": [-106.0521, 34.8519] }},
{"zip_code":"88422","country":"US","city":"Gladstone","state":"New Mexico","state_ab":"NM","county":"Union","geo_location":{ "type": "Point", "coordinates": [-103.5055, 36.3698] }},
{"zip_code":"89012","country":"US","city":"Henderson","state":"Nevada","state_ab":"NV","county":"Clark","geo_location":{ "type": "Point", "coordinates": [-115.0433, 36.0119] }},
{"zip_code":"89025","country":"US","city":"Moapa","state":"Nevada","state_ab":"NV","county":"Clark","geo_location":{ "type": "Point", "coordinates": [-114.6514, 36.6916] }},
{"zip_code":"89052","country":"US","city":"Henderson","state":"Nevada","state_ab":"NV","county":"Clark","geo_location":{ "type": "Point", "coordinates": [-115.1167, 35.9878] }},
{"zip_code":"89102","country":"US","city":"Las Vegas","state":"Nevada","state_ab":"NV","county":"Clark","geo_location":{ "type": "Point", "coordinates": [-115.2004, 36.1433] }},
{"zip_code":"89115","country":"US","city":"Las Vegas","state":"Nevada","state_ab":"NV","county":"Clark","geo_location":{ "type": "Point", "coordinates": [-115.0671, 36.2158] }}]}