{"value": [{"zip_code":"66636","country":"US","city":"Topeka","state":"Kansas","state_ab":"KS","county":"Shawnee","geo_location":{"type": "Point", "coordinates": [39.0429,-95.7697]}},
{"zip_code":"67576","country":"US","city":"Saint John","state":"Kansas","state_ab":"KS","county":"Stafford","geo_location":{"type": "Point", "coordinates": [38.0309,-98.7647]}},
{"zip_code":"67110","country":"US","city":"Mulvane","state":"Kansas","state_ab":"KS","county":"Sumner","geo_location":{"type": "Point", "coordinates": [37.4764,-97.232]}},
{"zip_code":"67743","country":"US","city":"Levant","state":"Kansas","state_ab":"KS","county":"Thomas","geo_location":{"type": "Point", "coordinates": [39.3841,-101.2096]}},
{"zip_code":"66933","country":"US","city":"Barnes","state":"Kansas","state_ab":"KS","county":"Washington","geo_location":{"type": "Point", "coordinates": [39.6841,-96.8676]}},
{"zip_code":"66946","country":"US","city":"Hollenberg","state":"Kansas","state_ab":"KS","county":"Washington","geo_location":{"type": "Point", "coordinates": [39.96,-96.9735]}},
{"zip_code":"66106","country":"US","city":"Kansas City","state":"Kansas","state_ab":"KS","county":"Wyandotte","geo_location":{"type": "Point", "coordinates": [39.0694,-94.7178]}},
{"zip_code":"66119","country":"US","city":"Kansas City","state":"Kansas","state_ab":"KS","county":"Wyandotte","geo_location":{"type": "Point", "coordinates": [39.0966,-94.7495]}},
{"zip_code":"66160","country":"US","city":"Kansas City","state":"Kansas","state_ab":"KS","county":"Wyandotte","geo_location":{"type": "Point", "coordinates": [39.0966,-94.7495]}},
{"zip_code":"42720","country":"US","city":"Cane Valley","state":"Kentucky","state_ab":"KY","county":"Adair","geo_location":{"type": "Point", "coordinates": [37.1211,-85.3709]}},
{"zip_code":"42153","country":"US","city":"Holland","state":"Kentucky","state_ab":"KY","county":"Allen","geo_location":{"type": "Point", "coordinates": [36.6673,-86.0498]}},
{"zip_code":"40366","country":"US","city":"Preston","state":"Kentucky","state_ab":"KY","county":"Bath","geo_location":{"type": "Point", "coordinates": [38.0867,-83.7571]}},
{"zip_code":"40856","country":"US","city":"Miracle","state":"Kentucky","state_ab":"KY","county":"Bell","geo_location":{"type": "Point", "coordinates": [36.7692,-83.7082]}},
{"zip_code":"41369","country":"US","city":"Saldee","state":"Kentucky","state_ab":"KY","county":"Breathitt County","geo_location":{"type": "Point", "coordinates": [37.4558,-83.3733]}},
{"zip_code":"41370","country":"US","city":"Sebastians Branch","state":"Kentucky","state_ab":"KY","county":"Breathitt County","geo_location":{"type": "Point", "coordinates": [37.3819,-83.5103]}},
{"zip_code":"40106","country":"US","city":"Big Spring","state":"Kentucky","state_ab":"KY","county":"Breckinridge","geo_location":{"type": "Point", "coordinates": [37.7885,-86.2312]}},
{"zip_code":"40146","country":"US","city":"Irvington","state":"Kentucky","state_ab":"KY","county":"Breckinridge","geo_location":{"type": "Point", "coordinates": [37.8762,-86.2965]}},
{"zip_code":"42036","country":"US","city":"Dexter","state":"Kentucky","state_ab":"KY","county":"Calloway","geo_location":{"type": "Point", "coordinates": [36.7155,-88.236]}},
{"zip_code":"42049","country":"US","city":"Hazel","state":"Kentucky","state_ab":"KY","county":"Calloway","geo_location":{"type": "Point", "coordinates": [36.5422,-88.3319]}},
{"zip_code":"42076","country":"US","city":"New Concord","state":"Kentucky","state_ab":"KY","county":"Calloway","geo_location":{"type": "Point", "coordinates": [36.55,-88.0955]}},
{"zip_code":"41059","country":"US","city":"Melbourne","state":"Kentucky","state_ab":"KY","county":"Campbell","geo_location":{"type": "Point", "coordinates": [39.0067,-84.3538]}},
{"zip_code":"41073","country":"US","city":"Bellevue","state":"Kentucky","state_ab":"KY","county":"Campbell","geo_location":{"type": "Point", "coordinates": [39.1024,-84.4787]}},
{"zip_code":"41099","country":"US","city":"Newport","state":"Kentucky","state_ab":"KY","county":"Campbell","geo_location":{"type": "Point", "coordinates": [38.9638,-84.3689]}},
{"zip_code":"42023","country":"US","city":"Bardwell","state":"Kentucky","state_ab":"KY","county":"Carlisle","geo_location":{"type": "Point", "coordinates": [36.8634,-89.0209]}},
{"zip_code":"41150","country":"US","city":"Jacobs","state":"Kentucky","state_ab":"KY","county":"Carter","geo_location":{"type": "Point", "coordinates": [38.2251,-83.2421]}},
{"zip_code":"42539","country":"US","city":"Liberty","state":"Kentucky","state_ab":"KY","county":"Casey","geo_location":{"type": "Point", "coordinates": [37.3146,-84.9719]}},
{"zip_code":"42566","country":"US","city":"Yosemite","state":"Kentucky","state_ab":"KY","county":"Casey","geo_location":{"type": "Point", "coordinates": [37.3074,-84.8124]}},
{"zip_code":"42603","country":"US","city":"Alpha","state":"Kentucky","state_ab":"KY","county":"Clinton","geo_location":{"type": "Point", "coordinates": [36.7824,-85.0275]}},
{"zip_code":"42759","country":"US","city":"Marrowbone","state":"Kentucky","state_ab":"KY","county":"Cumberland","geo_location":{"type": "Point", "coordinates": [36.8306,-85.5015]}},
{"zip_code":"42786","country":"US","city":"Waterview","state":"Kentucky","state_ab":"KY","county":"Cumberland","geo_location":{"type": "Point", "coordinates": [36.8198,-85.4624]}},
{"zip_code":"42373","country":"US","city":"Saint Joseph","state":"Kentucky","state_ab":"KY","county":"Daviess County","geo_location":{"type": "Point", "coordinates": [37.6943,-87.3251]}},
{"zip_code":"41149","country":"US","city":"Isonville","state":"Kentucky","state_ab":"KY","county":"Elliott","geo_location":{"type": "Point", "coordinates": [38.0462,-83.0506]}},
{"zip_code":"40506","country":"US","city":"Lexington","state":"Kentucky","state_ab":"KY","county":"Fayette","geo_location":{"type": "Point", "coordinates": [38.0287,-84.5075]}},
{"zip_code":"40533","country":"US","city":"Lexington","state":"Kentucky","state_ab":"KY","county":"Fayette","geo_location":{"type": "Point", "coordinates": [38.0283,-84.4715]}},
{"zip_code":"40546","country":"US","city":"Lexington","state":"Kentucky","state_ab":"KY","county":"Fayette","geo_location":{"type": "Point", "coordinates": [38.0283,-84.4715]}},
{"zip_code":"40586","country":"US","city":"Lexington","state":"Kentucky","state_ab":"KY","county":"Fayette","geo_location":{"type": "Point", "coordinates": [38.0283,-84.4715]}},
{"zip_code":"41626","country":"US","city":"Endicott","state":"Kentucky","state_ab":"KY","county":"Floyd County","geo_location":{"type": "Point", "coordinates": [37.6774,-82.618]}},
{"zip_code":"41639","country":"US","city":"Honaker","state":"Kentucky","state_ab":"KY","county":"Floyd County","geo_location":{"type": "Point", "coordinates": [37.5145,-82.668]}},
{"zip_code":"41640","country":"US","city":"Hueysville","state":"Kentucky","state_ab":"KY","county":"Floyd","geo_location":{"type": "Point", "coordinates": [37.5087,-82.8518]}},
{"zip_code":"41653","country":"US","city":"Prestonsburg","state":"Kentucky","state_ab":"KY","county":"Floyd","geo_location":{"type": "Point", "coordinates": [37.661,-82.7636]}},
{"zip_code":"41666","country":"US","city":"Wayland","state":"Kentucky","state_ab":"KY","county":"Floyd","geo_location":{"type": "Point", "coordinates": [37.4367,-82.801]}},
{"zip_code":"42050","country":"US","city":"Hickman","state":"Kentucky","state_ab":"KY","county":"Fulton","geo_location":{"type": "Point", "coordinates": [36.5593,-89.1947]}},
{"zip_code":"41046","country":"US","city":"Glencoe","state":"Kentucky","state_ab":"KY","county":"Gallatin","geo_location":{"type": "Point", "coordinates": [38.7229,-84.8116]}},
{"zip_code":"41086","country":"US","city":"Sparta","state":"Kentucky","state_ab":"KY","county":"Gallatin","geo_location":{"type": "Point", "coordinates": [38.7256,-84.8813]}},
{"zip_code":"42063","country":"US","city":"Lynnville","state":"Kentucky","state_ab":"KY","county":"Graves","geo_location":{"type": "Point", "coordinates": [36.7239,-88.652]}},
{"zip_code":"40119","country":"US","city":"Falls Of Rough","state":"Kentucky","state_ab":"KY","county":"Grayson","geo_location":{"type": "Point", "coordinates": [37.5522,-86.4836]}},
{"zip_code":"41163","country":"US","city":"Oldtown","state":"Kentucky","state_ab":"KY","county":"Greenup County","geo_location":{"type": "Point", "coordinates": [38.4403,-82.9582]}},
{"zip_code":"40159","country":"US","city":"Radcliff","state":"Kentucky","state_ab":"KY","county":"Hardin","geo_location":{"type": "Point", "coordinates": [37.7235,-85.9769]}},
{"zip_code":"40160","country":"US","city":"Radcliff","state":"Kentucky","state_ab":"KY","county":"Hardin","geo_location":{"type": "Point", "coordinates": [37.8267,-85.9404]}},
{"zip_code":"40829","country":"US","city":"Grays Knob","state":"Kentucky","state_ab":"KY","county":"Harlan","geo_location":{"type": "Point", "coordinates": [36.7974,-83.2645]}},
{"zip_code":"40830","country":"US","city":"Gulston","state":"Kentucky","state_ab":"KY","county":"Harlan","geo_location":{"type": "Point", "coordinates": [36.7656,-83.3262]}},
{"zip_code":"40843","country":"US","city":"Holmes Mill","state":"Kentucky","state_ab":"KY","county":"Harlan","geo_location":{"type": "Point", "coordinates": [36.8757,-82.9943]}},
{"zip_code":"40870","country":"US","city":"Totz","state":"Kentucky","state_ab":"KY","county":"Harlan","geo_location":{"type": "Point", "coordinates": [36.933,-83.1617]}},
{"zip_code":"42746","country":"US","city":"Hardyville","state":"Kentucky","state_ab":"KY","county":"Hart","geo_location":{"type": "Point", "coordinates": [37.2249,-85.7542]}},
{"zip_code":"40070","country":"US","city":"Sulphur","state":"Kentucky","state_ab":"KY","county":"Henry","geo_location":{"type": "Point", "coordinates": [38.4921,-85.252]}},
{"zip_code":"42410","country":"US","city":"Earlington","state":"Kentucky","state_ab":"KY","county":"Hopkins","geo_location":{"type": "Point", "coordinates": [37.2743,-87.5131]}},
{"zip_code":"42436","country":"US","city":"Manitou","state":"Kentucky","state_ab":"KY","county":"Hopkins","geo_location":{"type": "Point", "coordinates": [37.4067,-87.5639]}},
{"zip_code":"40209","country":"US","city":"Louisville","state":"Kentucky","state_ab":"KY","county":"Jefferson","geo_location":{"type": "Point", "coordinates": [38.1901,-85.7519]}},
{"zip_code":"40210","country":"US","city":"Louisville","state":"Kentucky","state_ab":"KY","county":"Jefferson","geo_location":{"type": "Point", "coordinates": [38.2306,-85.7905]}},
{"zip_code":"40223","country":"US","city":"Louisville","state":"Kentucky","state_ab":"KY","county":"Jefferson","geo_location":{"type": "Point", "coordinates": [38.2651,-85.5582]}},
{"zip_code":"40250","country":"US","city":"Louisville","state":"Kentucky","state_ab":"KY","county":"Jefferson","geo_location":{"type": "Point", "coordinates": [38.189,-85.6768]}},
{"zip_code":"40289","country":"US","city":"Louisville","state":"Kentucky","state_ab":"KY","county":"Jefferson","geo_location":{"type": "Point", "coordinates": [38.189,-85.6768]}},
{"zip_code":"40290","country":"US","city":"Louisville","state":"Kentucky","state_ab":"KY","county":"Jefferson","geo_location":{"type": "Point", "coordinates": [38.189,-85.6768]}},
{"zip_code":"40339","country":"US","city":"Keene","state":"Kentucky","state_ab":"KY","county":"Jessamine","geo_location":{"type": "Point", "coordinates": [37.9504,-84.6569]}},
{"zip_code":"40340","country":"US","city":"Nicholasville","state":"Kentucky","state_ab":"KY","county":"Jessamine","geo_location":{"type": "Point", "coordinates": [37.8662,-84.5795]}},
{"zip_code":"41226","country":"US","city":"Keaton","state":"Kentucky","state_ab":"KY","county":"Johnson","geo_location":{"type": "Point", "coordinates": [37.968,-82.9561]}},
{"zip_code":"41240","country":"US","city":"Paintsville","state":"Kentucky","state_ab":"KY","county":"Johnson","geo_location":{"type": "Point", "coordinates": [37.8242,-82.7945]}},
{"zip_code":"41266","country":"US","city":"Volga","state":"Kentucky","state_ab":"KY","county":"Johnson County","geo_location":{"type": "Point", "coordinates": [37.8966,-82.9074]}},
{"zip_code":"41019","country":"US","city":"Covington","state":"Kentucky","state_ab":"KY","county":"Kenton","geo_location":{"type": "Point", "coordinates": [38.9447,-84.5205]}},
{"zip_code":"41743","country":"US","city":"Fisty","state":"Kentucky","state_ab":"KY","county":"Knott","geo_location":{"type": "Point", "coordinates": [37.3064,-83.0904]}},
{"zip_code":"41859","country":"US","city":"Dema","state":"Kentucky","state_ab":"KY","county":"Knott","geo_location":{"type": "Point", "coordinates": [37.3976,-82.7836]}},
{"zip_code":"40906","country":"US","city":"Barbourville","state":"Kentucky","state_ab":"KY","county":"Knox","geo_location":{"type": "Point", "coordinates": [36.8101,-83.8949]}},
{"zip_code":"40946","country":"US","city":"Green Road","state":"Kentucky","state_ab":"KY","county":"Knox","geo_location":{"type": "Point", "coordinates": [36.8713,-83.83]}},
{"zip_code":"40999","country":"US","city":"Woollum","state":"Kentucky","state_ab":"KY","county":"Knox","geo_location":{"type": "Point", "coordinates": [37.0097,-83.8472]}},
{"zip_code":"40740","country":"US","city":"Lily","state":"Kentucky","state_ab":"KY","county":"Laurel","geo_location":{"type": "Point", "coordinates": [37.0256,-84.0282]}},
{"zip_code":"40803","country":"US","city":"Asher","state":"Kentucky","state_ab":"KY","county":"Leslie","geo_location":{"type": "Point", "coordinates": [37.0114,-83.4553]}},
{"zip_code":"40816","country":"US","city":"Chappell","state":"Kentucky","state_ab":"KY","county":"Leslie","geo_location":{"type": "Point", "coordinates": [37.0098,-83.3494]}},
{"zip_code":"41730","country":"US","city":"Confluence","state":"Kentucky","state_ab":"KY","county":"Leslie","geo_location":{"type": "Point", "coordinates": [37.2719,-83.3711]}},
{"zip_code":"41819","country":"US","city":"Gordon","state":"Kentucky","state_ab":"KY","county":"Letcher","geo_location":{"type": "Point", "coordinates": [36.9891,-83.0655]}},
{"zip_code":"41833","country":"US","city":"Linefork","state":"Kentucky","state_ab":"KY","county":"Letcher","geo_location":{"type": "Point", "coordinates": [37.0233,-82.9878]}},
{"zip_code":"41189","country":"US","city":"Tollesboro","state":"Kentucky","state_ab":"KY","county":"Lewis","geo_location":{"type": "Point", "coordinates": [38.5723,-83.5605]}},
{"zip_code":"42256","country":"US","city":"Lewisburg","state":"Kentucky","state_ab":"KY","county":"Logan","geo_location":{"type": "Point", "coordinates": [37.0037,-86.9887]}},
{"zip_code":"42283","country":"US","city":"South Union","state":"Kentucky","state_ab":"KY","county":"Logan","geo_location":{"type": "Point", "coordinates": [36.8692,-86.6632]}},
{"zip_code":"42643","country":"US","city":"Sawyer","state":"Kentucky","state_ab":"KY","county":"McCreary County","geo_location":{"type": "Point", "coordinates": [36.923,-84.3624]}},
{"zip_code":"40403","country":"US","city":"Berea","state":"Kentucky","state_ab":"KY","county":"Madison","geo_location":{"type": "Point", "coordinates": [37.5799,-84.2749]}},
{"zip_code":"40430","country":"US","city":"Annville","state":"Kentucky","state_ab":"KY","county":"Madison County","geo_location":{"type": "Point", "coordinates": [37.3129,-83.896]}},
{"zip_code":"41419","country":"US","city":"Edna","state":"Kentucky","state_ab":"KY","county":"Magoffin","geo_location":{"type": "Point", "coordinates": [37.6906,-83.0746]}},
{"zip_code":"41433","country":"US","city":"Gapville","state":"Kentucky","state_ab":"KY","county":"Magoffin","geo_location":{"type": "Point", "coordinates": [37.6906,-83.0746]}},
{"zip_code":"42166","country":"US","city":"Summer Shade","state":"Kentucky","state_ab":"KY","county":"Metcalfe","geo_location":{"type": "Point", "coordinates": [36.8883,-85.7083]}},
{"zip_code":"42140","country":"US","city":"Gamaliel","state":"Kentucky","state_ab":"KY","county":"Monroe","geo_location":{"type": "Point", "coordinates": [36.654,-85.8134]}},
{"zip_code":"40353","country":"US","city":"Mount Sterling","state":"Kentucky","state_ab":"KY","county":"Montgomery","geo_location":{"type": "Point", "coordinates": [38.0548,-83.9388]}},
{"zip_code":"41459","country":"US","city":"Ophir","state":"Kentucky","state_ab":"KY","county":"Morgan","geo_location":{"type": "Point", "coordinates": [37.914,-83.2338]}},
{"zip_code":"42320","country":"US","city":"Beaver Dam","state":"Kentucky","state_ab":"KY","county":"Ohio","geo_location":{"type": "Point", "coordinates": [37.387,-86.8729]}},
{"zip_code":"42333","country":"US","city":"Cromwell","state":"Kentucky","state_ab":"KY","county":"Ohio","geo_location":{"type": "Point", "coordinates": [37.3418,-86.77]}},
{"zip_code":"40056","country":"US","city":"Pewee Valley","state":"Kentucky","state_ab":"KY","county":"Oldham","geo_location":{"type": "Point", "coordinates": [38.3039,-85.4834]}},
{"zip_code":"41006","country":"US","city":"Butler","state":"Kentucky","state_ab":"KY","county":"Pendleton","geo_location":{"type": "Point", "coordinates": [38.8013,-84.3446]}},
{"zip_code":"41033","country":"US","city":"De Mossville","state":"Kentucky","state_ab":"KY","county":"Pendleton","geo_location":{"type": "Point", "coordinates": [38.7623,-84.4859]}},
{"zip_code":"41729","country":"US","city":"Combs","state":"Kentucky","state_ab":"KY","county":"Perry","geo_location":{"type": "Point", "coordinates": [37.2649,-83.2174]}},
{"zip_code":"41756","country":"US","city":"Leatherwood","state":"Kentucky","state_ab":"KY","county":"Perry County","geo_location":{"type": "Point", "coordinates": [37.0357,-83.1499]}},
{"zip_code":"41406","country":"US","city":"Buskirk","state":"Kentucky","state_ab":"KY","county":"Pike County","geo_location":{"type": "Point", "coordinates": [37.6194,-82.1689]}},
{"zip_code":"41536","country":"US","city":"Jamboree","state":"Kentucky","state_ab":"KY","county":"Pike County","geo_location":{"type": "Point", "coordinates": [37.484,-82.0893]}},
{"zip_code":"41549","country":"US","city":"Myra","state":"Kentucky","state_ab":"KY","county":"Pike","geo_location":{"type": "Point", "coordinates": [37.4706,-82.3488]}},
{"zip_code":"41550","country":"US","city":"Nelse","state":"Kentucky","state_ab":"KY","county":"Pike County","geo_location":{"type": "Point", "coordinates": [37.4037,-82.4401]}},
{"zip_code":"41563","country":"US","city":"Shelby Gap","state":"Kentucky","state_ab":"KY","county":"Pike","geo_location":{"type": "Point", "coordinates": [37.2311,-82.5286]}},
{"zip_code":"40380","country":"US","city":"Stanton","state":"Kentucky","state_ab":"KY","county":"Powell","geo_location":{"type": "Point", "coordinates": [37.8223,-83.7853]}},
{"zip_code":"42553","country":"US","city":"Science Hill","state":"Kentucky","state_ab":"KY","county":"Pulaski","geo_location":{"type": "Point", "coordinates": [37.1683,-84.6487]}},
{"zip_code":"40456","country":"US","city":"Mount Vernon","state":"Kentucky","state_ab":"KY","county":"Rockcastle","geo_location":{"type": "Point", "coordinates": [37.3983,-84.3379]}},
{"zip_code":"40313","country":"US","city":"Clearfield","state":"Kentucky","state_ab":"KY","county":"Rowan","geo_location":{"type": "Point", "coordinates": [38.1287,-83.4425]}},
{"zip_code":"42629","country":"US","city":"Jamestown","state":"Kentucky","state_ab":"KY","county":"Russell","geo_location":{"type": "Point", "coordinates": [36.968,-85.0968]}},
{"zip_code":"40379","country":"US","city":"Stamping Ground","state":"Kentucky","state_ab":"KY","county":"Scott","geo_location":{"type": "Point", "coordinates": [38.2888,-84.6818]}},
{"zip_code":"40003","country":"US","city":"Bagdad","state":"Kentucky","state_ab":"KY","county":"Shelby","geo_location":{"type": "Point", "coordinates": [38.2608,-85.0651]}},
{"zip_code":"42719","country":"US","city":"Campbellsville","state":"Kentucky","state_ab":"KY","county":"Taylor","geo_location":{"type": "Point", "coordinates": [37.3379,-85.3304]}},
{"zip_code":"42733","country":"US","city":"Elk Horn","state":"Kentucky","state_ab":"KY","county":"Taylor","geo_location":{"type": "Point", "coordinates": [37.3393,-85.1918]}},
{"zip_code":"42203","country":"US","city":"Allegre","state":"Kentucky","state_ab":"KY","county":"Todd","geo_location":{"type": "Point", "coordinates": [36.9292,-87.2193]}},
{"zip_code":"42216","country":"US","city":"Clifty","state":"Kentucky","state_ab":"KY","county":"Todd","geo_location":{"type": "Point", "coordinates": [37.0045,-87.1521]}},
{"zip_code":"42270","country":"US","city":"Richardsville","state":"Kentucky","state_ab":"KY","county":"Warren","geo_location":{"type": "Point", "coordinates": [36.9834,-86.394]}},
{"zip_code":"40069","country":"US","city":"Springfield","state":"Kentucky","state_ab":"KY","county":"Washington","geo_location":{"type": "Point", "coordinates": [37.7342,-85.2107]}},
{"zip_code":"42409","country":"US","city":"Dixon","state":"Kentucky","state_ab":"KY","county":"Webster","geo_location":{"type": "Point", "coordinates": [37.5106,-87.7019]}},
{"zip_code":"42450","country":"US","city":"Providence","state":"Kentucky","state_ab":"KY","county":"Webster","geo_location":{"type": "Point", "coordinates": [37.405,-87.7505]}},
{"zip_code":"42463","country":"US","city":"Wheatcroft","state":"Kentucky","state_ab":"KY","county":"Webster","geo_location":{"type": "Point", "coordinates": [37.488,-87.8661]}},
{"zip_code":"41343","country":"US","city":"Leeco","state":"Kentucky","state_ab":"KY","county":"Wolfe County","geo_location":{"type": "Point", "coordinates": [37.6989,-83.6928]}},
{"zip_code":"41396","country":"US","city":"Zachariah","state":"Kentucky","state_ab":"KY","county":"Wolfe County","geo_location":{"type": "Point", "coordinates": [37.6813,-83.6658]}},
{"zip_code":"70516","country":"US","city":"Branch","state":"Louisiana","state_ab":"LA","county":"Acadia","geo_location":{"type": "Point", "coordinates": [30.3446,-92.3459]}},
{"zip_code":"70543","country":"US","city":"Iota","state":"Louisiana","state_ab":"LA","county":"Acadia","geo_location":{"type": "Point", "coordinates": [30.3001,-92.5322]}},
{"zip_code":"70556","country":"US","city":"Mermentau","state":"Louisiana","state_ab":"LA","county":"Acadia","geo_location":{"type": "Point", "coordinates": [30.1861,-92.5722]}},
{"zip_code":"70376","country":"US","city":"Modeste","state":"Louisiana","state_ab":"LA","county":"Ascension","geo_location":{"type": "Point", "coordinates": [30.2047,-90.8695]}},
{"zip_code":"70390","country":"US","city":"Napoleonville","state":"Louisiana","state_ab":"LA","county":"Assumption","geo_location":{"type": "Point", "coordinates": [29.9288,-91.0266]}},
{"zip_code":"71339","country":"US","city":"Hamburg","state":"Louisiana","state_ab":"LA","county":"Avoyelles","geo_location":{"type": "Point", "coordinates": [31.0376,-91.9042]}},
{"zip_code":"70660","country":"US","city":"Singer","state":"Louisiana","state_ab":"LA","county":"Beauregard","geo_location":{"type": "Point", "coordinates": [30.5329,-93.465]}},
{"zip_code":"71016","country":"US","city":"Castor","state":"Louisiana","state_ab":"LA","county":"Bienville","geo_location":{"type": "Point", "coordinates": [32.2452,-93.0936]}},
{"zip_code":"71070","country":"US","city":"Saline","state":"Louisiana","state_ab":"LA","county":"Bienville","geo_location":{"type": "Point", "coordinates": [32.197,-92.917]}},
{"zip_code":"71029","country":"US","city":"Gilliam","state":"Louisiana","state_ab":"LA","county":"Caddo","geo_location":{"type": "Point", "coordinates": [32.8251,-93.8293]}},
{"zip_code":"71043","country":"US","city":"Hosston","state":"Louisiana","state_ab":"LA","county":"Caddo","geo_location":{"type": "Point", "coordinates": [32.8967,-93.8834]}},
{"zip_code":"71069","country":"US","city":"Rodessa","state":"Louisiana","state_ab":"LA","county":"Caddo","geo_location":{"type": "Point", "coordinates": [32.9701,-93.9885]}},
{"zip_code":"71106","country":"US","city":"Shreveport","state":"Louisiana","state_ab":"LA","county":"Caddo","geo_location":{"type": "Point", "coordinates": [32.3912,-93.7116]}},
{"zip_code":"71119","country":"US","city":"Shreveport","state":"Louisiana","state_ab":"LA","county":"Caddo","geo_location":{"type": "Point", "coordinates": [32.4771,-93.8726]}},
{"zip_code":"71120","country":"US","city":"Shreveport","state":"Louisiana","state_ab":"LA","county":"Caddo","geo_location":{"type": "Point", "coordinates": [32.6076,-93.7526]}},
{"zip_code":"71133","country":"US","city":"Shreveport","state":"Louisiana","state_ab":"LA","county":"Caddo","geo_location":{"type": "Point", "coordinates": [32.6076,-93.7526]}},
{"zip_code":"70606","country":"US","city":"Lake Charles","state":"Louisiana","state_ab":"LA","county":"Calcasieu","geo_location":{"type": "Point", "coordinates": [30.2642,-93.3265]}},
{"zip_code":"70633","country":"US","city":"Dequincy","state":"Louisiana","state_ab":"LA","county":"Calcasieu","geo_location":{"type": "Point", "coordinates": [30.4211,-93.4151]}},
{"zip_code":"70646","country":"US","city":"Hayes","state":"Louisiana","state_ab":"LA","county":"Calcasieu","geo_location":{"type": "Point", "coordinates": [30.097,-92.9146]}},
{"zip_code":"71340","country":"US","city":"Harrisonburg","state":"Louisiana","state_ab":"LA","county":"Catahoula","geo_location":{"type": "Point", "coordinates": [31.7779,-91.8133]}},
{"zip_code":"71003","country":"US","city":"Athens","state":"Louisiana","state_ab":"LA","county":"Claiborne","geo_location":{"type": "Point", "coordinates": [32.6451,-93.0239]}},
{"zip_code":"71326","country":"US","city":"Clayton","state":"Louisiana","state_ab":"LA","county":"Concordia","geo_location":{"type": "Point", "coordinates": [31.7158,-91.5163]}},
{"zip_code":"71030","country":"US","city":"Gloster","state":"Louisiana","state_ab":"LA","county":"De Soto","geo_location":{"type": "Point", "coordinates": [32.1858,-93.801]}},
{"zip_code":"70813","country":"US","city":"Baton Rouge","state":"Louisiana","state_ab":"LA","county":"East Baton Rouge","geo_location":{"type": "Point", "coordinates": [30.5201,-91.1949]}},
{"zip_code":"70826","country":"US","city":"Baton Rouge","state":"Louisiana","state_ab":"LA","county":"East Baton Rouge","geo_location":{"type": "Point", "coordinates": [30.5159,-91.0804]}},
{"zip_code":"70879","country":"US","city":"Baton Rouge","state":"Louisiana","state_ab":"LA","county":"East Baton Rouge","geo_location":{"type": "Point", "coordinates": [30.5159,-91.0804]}},
{"zip_code":"70893","country":"US","city":"Baton Rouge","state":"Louisiana","state_ab":"LA","county":"East Baton Rouge","geo_location":{"type": "Point", "coordinates": [30.413,-91.1715]}},
{"zip_code":"71276","country":"US","city":"Sondheimer","state":"Louisiana","state_ab":"LA","county":"East Carroll","geo_location":{"type": "Point", "coordinates": [32.5756,-91.1496]}},
{"zip_code":"70789","country":"US","city":"Wilson","state":"Louisiana","state_ab":"LA","county":"East Feliciana","geo_location":{"type": "Point", "coordinates": [30.9473,-91.0655]}},
{"zip_code":"71249","country":"US","city":"Jigger","state":"Louisiana","state_ab":"LA","county":"Franklin","geo_location":{"type": "Point", "coordinates": [32.1389,-91.6919]}},
{"zip_code":"70569","country":"US","city":"Lydia","state":"Louisiana","state_ab":"LA","county":"Iberia","geo_location":{"type": "Point", "coordinates": [29.9096,-91.8126]}},
{"zip_code":"70776","country":"US","city":"Saint Gabriel","state":"Louisiana","state_ab":"LA","county":"Iberville","geo_location":{"type": "Point", "coordinates": [30.2528,-91.0857]}},
{"zip_code":"70053","country":"US","city":"Gretna","state":"Louisiana","state_ab":"LA","county":"Jefferson","geo_location":{"type": "Point", "coordinates": [29.9108,-90.0531]}},
{"zip_code":"70183","country":"US","city":"New Orleans","state":"Louisiana","state_ab":"LA","county":"Jefferson","geo_location":{"type": "Point", "coordinates": [29.6779,-90.0901]}},
{"zip_code":"70503","country":"US","city":"Lafayette","state":"Louisiana","state_ab":"LA","county":"Lafayette","geo_location":{"type": "Point", "coordinates": [30.1843,-92.0497]}},
{"zip_code":"70529","country":"US","city":"Duson","state":"Louisiana","state_ab":"LA","county":"Lafayette","geo_location":{"type": "Point", "coordinates": [30.1912,-92.1525]}},
{"zip_code":"70583","country":"US","city":"Scott","state":"Louisiana","state_ab":"LA","county":"Lafayette","geo_location":{"type": "Point", "coordinates": [30.2504,-92.0981]}},
{"zip_code":"70596","country":"US","city":"Lafayette","state":"Louisiana","state_ab":"LA","county":"Lafayette","geo_location":{"type": "Point", "coordinates": [30.2081,-92.0951]}},
{"zip_code":"70310","country":"US","city":"Thibodaux","state":"Louisiana","state_ab":"LA","county":"Lafourche","geo_location":{"type": "Point", "coordinates": [29.8033,-90.8169]}},
{"zip_code":"7206","country":"US","city":"Elizabeth","state":"New Jersey","state_ab":"NJ","county":"Union","geo_location":{"type": "Point", "coordinates": [40.6532,-74.1925]}},
{"zip_code":"7840","country":"US","city":"Hackettstown","state":"New Jersey","state_ab":"NJ","county":"Warren","geo_location":{"type": "Point", "coordinates": [40.8529,-74.8343]}},
{"zip_code":"7880","country":"US","city":"Vienna","state":"New Jersey","state_ab":"NJ","county":"Warren","geo_location":{"type": "Point", "coordinates": [40.8648,-74.897]}},
{"zip_code":"87103","country":"US","city":"Albuquerque","state":"New Mexico","state_ab":"NM","county":"Bernalillo","geo_location":{"type": "Point", "coordinates": [35.0443,-106.6729]}},
{"zip_code":"87116","country":"US","city":"Albuquerque","state":"New Mexico","state_ab":"NM","county":"Bernalillo","geo_location":{"type": "Point", "coordinates": [35.0561,-106.5506]}},
{"zip_code":"87196","country":"US","city":"Albuquerque","state":"New Mexico","state_ab":"NM","county":"Bernalillo","geo_location":{"type": "Point", "coordinates": [35.0443,-106.6729]}},
{"zip_code":"87026","country":"US","city":"Laguna","state":"New Mexico","state_ab":"NM","county":"Cibola","geo_location":{"type": "Point", "coordinates": [34.9625,-107.2325]}},
{"zip_code":"87040","country":"US","city":"Paguate","state":"New Mexico","state_ab":"NM","county":"Cibola","geo_location":{"type": "Point", "coordinates": [34.963,-108.0565]}},
{"zip_code":"87710","country":"US","city":"Angel Fire","state":"New Mexico","state_ab":"NM","county":"Colfax","geo_location":{"type": "Point", "coordinates": [36.3849,-105.2439]}},
{"zip_code":"87749","country":"US","city":"Ute Park","state":"New Mexico","state_ab":"NM","county":"Colfax","geo_location":{"type": "Point", "coordinates": [36.6069,-104.6925]}},
{"zip_code":"88120","country":"US","city":"Grady","state":"New Mexico","state_ab":"NM","county":"Curry","geo_location":{"type": "Point", "coordinates": [34.8107,-103.298]}},
{"zip_code":"88133","country":"US","city":"Saint Vrain","state":"New Mexico","state_ab":"NM","county":"Curry","geo_location":{"type": "Point", "coordinates": [34.4756,-103.4669]}},
{"zip_code":"88119","country":"US","city":"Fort Sumner","state":"New Mexico","state_ab":"NM","county":"DeBaca","geo_location":{"type": "Point", "coordinates": [34.46,-104.2317]}},
{"zip_code":"88003","country":"US","city":"Las Cruces","state":"New Mexico","state_ab":"NM","county":"Doña Ana","geo_location":{"type": "Point", "coordinates": [32.2738,-106.7472]}},
{"zip_code":"88210","country":"US","city":"Artesia","state":"New Mexico","state_ab":"NM","county":"Eddy","geo_location":{"type": "Point", "coordinates": [32.8384,-104.4074]}},
{"zip_code":"88250","country":"US","city":"Hope","state":"New Mexico","state_ab":"NM","county":"Eddy","geo_location":{"type": "Point", "coordinates": [32.8156,-104.7299]}},
{"zip_code":"88263","country":"US","city":"Malaga","state":"New Mexico","state_ab":"NM","county":"Eddy","geo_location":{"type": "Point", "coordinates": [32.1813,-104.0668]}},
{"zip_code":"88043","country":"US","city":"Hurley","state":"New Mexico","state_ab":"NM","county":"Grant","geo_location":{"type": "Point", "coordinates": [32.648,-108.1516]}},
{"zip_code":"88353","country":"US","city":"Vaughn","state":"New Mexico","state_ab":"NM","county":"Guadalupe","geo_location":{"type": "Point", "coordinates": [34.6241,-105.1926]}},
{"zip_code":"88056","country":"US","city":"Rodeo","state":"New Mexico","state_ab":"NM","county":"Hidalgo","geo_location":{"type": "Point", "coordinates": [32.055,-108.6291]}},
{"zip_code":"88029","country":"US","city":"Columbus","state":"New Mexico","state_ab":"NM","county":"Luna","geo_location":{"type": "Point", "coordinates": [32.2211,-107.5883]}},
{"zip_code":"88030","country":"US","city":"Deming","state":"New Mexico","state_ab":"NM","county":"Luna","geo_location":{"type": "Point", "coordinates": [32.2318,-107.7466]}},
{"zip_code":"87310","country":"US","city":"Brimhall","state":"New Mexico","state_ab":"NM","county":"McKinley","geo_location":{"type": "Point", "coordinates": [35.8005,-108.5815]}},
{"zip_code":"87323","country":"US","city":"Thoreau","state":"New Mexico","state_ab":"NM","county":"McKinley","geo_location":{"type": "Point", "coordinates": [35.3976,-108.1604]}},
{"zip_code":"87723","country":"US","city":"Holman","state":"New Mexico","state_ab":"NM","county":"Mora","geo_location":{"type": "Point", "coordinates": [36.0083,-105.0239]}},
{"zip_code":"87736","country":"US","city":"Rainsville","state":"New Mexico","state_ab":"NM","county":"Mora","geo_location":{"type": "Point", "coordinates": [36.0083,-105.0239]}},
{"zip_code":"87750","country":"US","city":"Valmora","state":"New Mexico","state_ab":"NM","county":"Mora","geo_location":{"type": "Point", "coordinates": [35.794,-104.9116]}},
{"zip_code":"88339","country":"US","city":"Mayhill","state":"New Mexico","state_ab":"NM","county":"Otero","geo_location":{"type": "Point", "coordinates": [32.907,-105.5181]}},
{"zip_code":"88340","country":"US","city":"Mescalero","state":"New Mexico","state_ab":"NM","county":"Otero","geo_location":{"type": "Point", "coordinates": [33.2164,-105.7743]}},
{"zip_code":"88430","country":"US","city":"Nara Visa","state":"New Mexico","state_ab":"NM","county":"Quay","geo_location":{"type": "Point", "coordinates": [35.618,-103.1317]}},
{"zip_code":"87516","country":"US","city":"Canones","state":"New Mexico","state_ab":"NM","county":"Rio Arriba","geo_location":{"type": "Point", "coordinates": [36.1814,-106.4376]}},
{"zip_code":"87530","country":"US","city":"El Rito","state":"New Mexico","state_ab":"NM","county":"Rio Arriba","geo_location":{"type": "Point", "coordinates": [36.3647,-106.2192]}},
{"zip_code":"87013","country":"US","city":"Cuba","state":"New Mexico","state_ab":"NM","county":"Sandoval","geo_location":{"type": "Point", "coordinates": [36.0482,-107.1885]}},
{"zip_code":"87053","country":"US","city":"San Ysidro","state":"New Mexico","state_ab":"NM","county":"Sandoval","geo_location":{"type": "Point", "coordinates": [35.6682,-106.9885]}},
{"zip_code":"87413","country":"US","city":"Bloomfield","state":"New Mexico","state_ab":"NM","county":"San Juan","geo_location":{"type": "Point", "coordinates": [36.6955,-107.9784]}},
{"zip_code":"87569","country":"US","city":"Serafina","state":"New Mexico","state_ab":"NM","county":"San Miguel","geo_location":{"type": "Point", "coordinates": [35.4563,-104.6796]}},
{"zip_code":"87583","country":"US","city":"Villanueva","state":"New Mexico","state_ab":"NM","county":"San Miguel","geo_location":{"type": "Point", "coordinates": [35.4563,-104.6796]}},
{"zip_code":"88416","country":"US","city":"Conchas Dam","state":"New Mexico","state_ab":"NM","county":"San Miguel","geo_location":{"type": "Point", "coordinates": [35.3786,-104.2052]}},
{"zip_code":"87503","country":"US","city":"Santa Fe","state":"New Mexico","state_ab":"NM","county":"Santa Fe","geo_location":{"type": "Point", "coordinates": [35.5212,-105.9818]}},
{"zip_code":"87930","country":"US","city":"Arrey","state":"New Mexico","state_ab":"NM","county":"Sierra","geo_location":{"type": "Point", "coordinates": [32.8021,-107.3544]}},
{"zip_code":"87943","country":"US","city":"Winston","state":"New Mexico","state_ab":"NM","county":"Sierra","geo_location":{"type": "Point", "coordinates": [33.3061,-107.6675]}},
{"zip_code":"87529","country":"US","city":"El Prado","state":"New Mexico","state_ab":"NM","county":"Taos","geo_location":{"type": "Point", "coordinates": [36.3492,-105.6244]}},
{"zip_code":"87543","country":"US","city":"Llano","state":"New Mexico","state_ab":"NM","county":"Taos","geo_location":{"type": "Point", "coordinates": [36.1486,-105.6648]}},
{"zip_code":"87556","country":"US","city":"Questa","state":"New Mexico","state_ab":"NM","county":"Taos","geo_location":{"type": "Point", "coordinates": [36.7587,-105.5976]}},
{"zip_code":"88429","country":"US","city":"Mount Dora","state":"New Mexico","state_ab":"NM","county":"Union","geo_location":{"type": "Point", "coordinates": [36.3698,-103.5055]}},
{"zip_code":"89406","country":"US","city":"Fallon","state":"Nevada","state_ab":"NV","county":"Churchill","geo_location":{"type": "Point", "coordinates": [39.4703,-118.7861]}},
{"zip_code":"89006","country":"US","city":"Boulder City","state":"Nevada","state_ab":"NV","county":"Clark","geo_location":{"type": "Point", "coordinates": [35.9279,-114.9721]}},
{"zip_code":"89019","country":"US","city":"Jean","state":"Nevada","state_ab":"NV","county":"Clark","geo_location":{"type": "Point", "coordinates": [35.7368,-115.5405]}},
{"zip_code":"89033","country":"US","city":"North Las Vegas","state":"Nevada","state_ab":"NV","county":"Clark","geo_location":{"type": "Point", "coordinates": [36.2845,-115.1345]}},
{"zip_code":"89046","country":"US","city":"Searchlight","state":"Nevada","state_ab":"NV","county":"Clark","geo_location":{"type": "Point", "coordinates": [35.5132,-114.8866]}},
{"zip_code":"89086","country":"US","city":"North Las Vegas","state":"Nevada","state_ab":"NV","county":"Clark","geo_location":{"type": "Point", "coordinates": [36.2809,-115.1349]}},
{"zip_code":"89109","country":"US","city":"Las Vegas","state":"Nevada","state_ab":"NV","county":"Clark","geo_location":{"type": "Point", "coordinates": [36.126,-115.1454]}},
{"zip_code":"89110","country":"US","city":"Las Vegas","state":"Nevada","state_ab":"NV","county":"Clark","geo_location":{"type": "Point", "coordinates": [36.173,-115.0669]}},
{"zip_code":"89123","country":"US","city":"Las Vegas","state":"Nevada","state_ab":"NV","county":"Clark","geo_location":{"type": "Point", "coordinates": [36.0383,-115.1462]}},
{"zip_code":"89136","country":"US","city":"Las Vegas","state":"Nevada","state_ab":"NV","county":"Clark County","geo_location":{"type": "Point", "coordinates": [36.1753,-115.1364]}},
{"zip_code":"89149","country":"US","city":"Las Vegas","state":"Nevada","state_ab":"NV","county":"Clark","geo_location":{"type": "Point", "coordinates": [36.2765,-115.2885]}},
{"zip_code":"89150","country":"US","city":"Las Vegas","state":"Nevada","state_ab":"NV","county":"Clark","geo_location":{"type": "Point", "coordinates": [35.9279,-114.9721]}},
{"zip_code":"89163","country":"US","city":"The Lakes","state":"Nevada","state_ab":"NV","county":"Clark","geo_location":{"type": "Point", "coordinates": [35.9279,-114.9721]}},
{"zip_code":"89460","country":"US","city":"Gardnerville","state":"Nevada","state_ab":"NV","county":"Douglas County","geo_location":{"type": "Point", "coordinates": [38.9166,-119.7272]}},
{"zip_code":"89833","country":"US","city":"Ruby Valley","state":"Nevada","state_ab":"NV","county":"Elko","geo_location":{"type": "Point", "coordinates": [40.3995,-115.2312]}},
{"zip_code":"89316","country":"US","city":"Eureka","state":"Nevada","state_ab":"NV","county":"Eureka","geo_location":{"type": "Point", "coordinates": [39.5897,-115.9943]}},
{"zip_code":"89446","country":"US","city":"Winnemucca","state":"Nevada","state_ab":"NV","county":"Humboldt","geo_location":{"type": "Point", "coordinates": [41.0764,-117.7602]}},
{"zip_code":"89820","country":"US","city":"Battle Mountain","state":"Nevada","state_ab":"NV","county":"Lander","geo_location":{"type": "Point", "coordinates": [40.622,-116.9554]}},
{"zip_code":"89420","country":"US","city":"Luning","state":"Nevada","state_ab":"NV","county":"Mineral","geo_location":{"type": "Point", "coordinates": [38.4842,-118.424]}},
{"zip_code":"89020","country":"US","city":"Amargosa Valley","state":"Nevada","state_ab":"NV","county":"Nye","geo_location":{"type": "Point", "coordinates": [36.539,-116.5496]}},
{"zip_code":"89060","country":"US","city":"Pahrump","state":"Nevada","state_ab":"NV","county":"Nye","geo_location":{"type": "Point", "coordinates": [36.2645,-116.0393]}},
{"zip_code":"89419","country":"US","city":"Lovelock","state":"Nevada","state_ab":"NV","county":"Pershing","geo_location":{"type": "Point", "coordinates": [40.1819,-118.4689]}},
{"zip_code":"89433","country":"US","city":"Sun Valley","state":"Nevada","state_ab":"NV","county":"Washoe","geo_location":{"type": "Point", "coordinates": [39.5955,-119.7754]}},
{"zip_code":"89509","country":"US","city":"Reno","state":"Nevada","state_ab":"NV","county":"Washoe","geo_location":{"type": "Point", "coordinates": [39.498,-119.8239]}},
{"zip_code":"89510","country":"US","city":"Reno","state":"Nevada","state_ab":"NV","county":"Washoe","geo_location":{"type": "Point", "coordinates": [39.7699,-119.6027]}},
{"zip_code":"89523","country":"US","city":"Reno","state":"Nevada","state_ab":"NV","county":"Washoe","geo_location":{"type": "Point", "coordinates": [39.5249,-119.9031]}},
{"zip_code":"89550","country":"US","city":"Reno","state":"Nevada","state_ab":"NV","county":"Washoe County","geo_location":{"type": "Point", "coordinates": [39.5387,-119.8225]}},
{"zip_code":"89703","country":"US","city":"Carson City","state":"Nevada","state_ab":"NV","county":"Carson City (city)","geo_location":{"type": "Point", "coordinates": [39.1704,-119.7782]}},
{"zip_code":"12143","country":"US","city":"Ravena","state":"New York","state_ab":"NY","county":"Albany","geo_location":{"type": "Point", "coordinates": [42.4754,-73.822]}},
{"zip_code":"12183","country":"US","city":"Troy","state":"New York","state_ab":"NY","county":"Albany","geo_location":{"type": "Point", "coordinates": [42.746,-73.6943]}},
{"zip_code":"12206","country":"US","city":"Albany","state":"New York","state_ab":"NY","county":"Albany","geo_location":{"type": "Point", "coordinates": [42.6683,-73.7744]}},
{"zip_code":"12220","country":"US","city":"Albany","state":"New York","state_ab":"NY","county":"Albany","geo_location":{"type": "Point", "coordinates": [42.6149,-73.9708]}},
{"zip_code":"12233","country":"US","city":"Albany","state":"New York","state_ab":"NY","county":"Albany","geo_location":{"type": "Point", "coordinates": [42.6149,-73.9708]}},
{"zip_code":"12246","country":"US","city":"Albany","state":"New York","state_ab":"NY","county":"Albany","geo_location":{"type": "Point", "coordinates": [42.6471,-73.7503]}},
{"zip_code":"12260","country":"US","city":"Albany","state":"New York","state_ab":"NY","county":"Albany","geo_location":{"type": "Point", "coordinates": [42.6149,-73.9708]}},
{"zip_code":"14806","country":"US","city":"Andover","state":"New York","state_ab":"NY","county":"Allegany","geo_location":{"type": "Point", "coordinates": [42.1575,-77.792]}},
{"zip_code":"10459","country":"US","city":"Bronx","state":"New York","state_ab":"NY","county":"Bronx","geo_location":{"type": "Point", "coordinates": [40.8247,-73.894]}},
{"zip_code":"10460","country":"US","city":"Bronx","state":"New York","state_ab":"NY","county":"Bronx","geo_location":{"type": "Point", "coordinates": [40.8409,-73.8794]}},
{"zip_code":"10473","country":"US","city":"Bronx","state":"New York","state_ab":"NY","county":"Bronx","geo_location":{"type": "Point", "coordinates": [40.8194,-73.8606]}},
{"zip_code":"10499","country":"US","city":"Bronx","state":"New York","state_ab":"NY","county":"Bronx","geo_location":{"type": "Point", "coordinates": [40.8515,-73.8409]}},
{"zip_code":"14060","country":"US","city":"Farmersville Station","state":"New York","state_ab":"NY","county":"Cattaraugus","geo_location":{"type": "Point", "coordinates": [42.4457,-78.3412]}},
{"zip_code":"14729","country":"US","city":"East Otto","state":"New York","state_ab":"NY","county":"Cattaraugus","geo_location":{"type": "Point", "coordinates": [42.3971,-78.7432]}},
{"zip_code":"14730","country":"US","city":"East Randolph","state":"New York","state_ab":"NY","county":"Cattaraugus","geo_location":{"type": "Point", "coordinates": [42.1747,-78.9473]}},
{"zip_code":"14743","country":"US","city":"Hinsdale","state":"New York","state_ab":"NY","county":"Cattaraugus","geo_location":{"type": "Point", "coordinates": [42.1979,-78.4159]}},
{"zip_code":"14770","country":"US","city":"Portville","state":"New York","state_ab":"NY","county":"Cattaraugus","geo_location":{"type": "Point", "coordinates": [42.0273,-78.3314]}},
{"zip_code":"14783","country":"US","city":"Steamburg","state":"New York","state_ab":"NY","county":"Cattaraugus","geo_location":{"type": "Point", "coordinates": [42.082,-78.9177]}},
{"zip_code":"13160","country":"US","city":"Union Springs","state":"New York","state_ab":"NY","county":"Cayuga","geo_location":{"type": "Point", "coordinates": [42.8335,-76.674]}},
{"zip_code":"14136","country":"US","city":"Silver Creek","state":"New York","state_ab":"NY","county":"Chautauqua","geo_location":{"type": "Point", "coordinates": [42.5357,-79.1628]}},
{"zip_code":"14703","country":"US","city":"Jamestown","state":"New York","state_ab":"NY","county":"Chautauqua","geo_location":{"type": "Point", "coordinates": [42.3425,-79.4109]}},
{"zip_code":"14716","country":"US","city":"Brocton","state":"New York","state_ab":"NY","county":"Chautauqua","geo_location":{"type": "Point", "coordinates": [42.394,-79.4344]}},
{"zip_code":"14756","country":"US","city":"Maple Springs","state":"New York","state_ab":"NY","county":"Chautauqua","geo_location":{"type": "Point", "coordinates": [42.1981,-79.4174]}},
{"zip_code":"14769","country":"US","city":"Portland","state":"New York","state_ab":"NY","county":"Chautauqua","geo_location":{"type": "Point", "coordinates": [42.3858,-79.4589]}},
{"zip_code":"13780","country":"US","city":"Guilford","state":"New York","state_ab":"NY","county":"Chenango","geo_location":{"type": "Point", "coordinates": [42.4269,-75.4823]}},
{"zip_code":"13830","country":"US","city":"Oxford","state":"New York","state_ab":"NY","county":"Chenango","geo_location":{"type": "Point", "coordinates": [42.4379,-75.5673]}},
{"zip_code":"13843","country":"US","city":"South New Berlin","state":"New York","state_ab":"NY","county":"Chenango","geo_location":{"type": "Point", "coordinates": [42.5306,-75.3525]}},
{"zip_code":"12903","country":"US","city":"Plattsburgh","state":"New York","state_ab":"NY","county":"Clinton","geo_location":{"type": "Point", "coordinates": [44.6854,-73.4474]}},
{"zip_code":"12929","country":"US","city":"Dannemora","state":"New York","state_ab":"NY","county":"Clinton","geo_location":{"type": "Point", "coordinates": [44.72,-73.7192]}},
{"zip_code":"12130","country":"US","city":"Niverville","state":"New York","state_ab":"NY","county":"Columbia","geo_location":{"type": "Point", "coordinates": [42.44,-73.6663]}},
{"zip_code":"12503","country":"US","city":"Ancramdale","state":"New York","state_ab":"NY","county":"Columbia","geo_location":{"type": "Point", "coordinates": [42.0381,-73.5819]}},
{"zip_code":"12516","country":"US","city":"Copake","state":"New York","state_ab":"NY","county":"Columbia","geo_location":{"type": "Point", "coordinates": [42.1113,-73.5526]}},
{"zip_code":"12529","country":"US","city":"Hillsdale","state":"New York","state_ab":"NY","county":"Columbia","geo_location":{"type": "Point", "coordinates": [42.1868,-73.5483]}},
{"zip_code":"12530","country":"US","city":"Hollowville","state":"New York","state_ab":"NY","county":"Columbia","geo_location":{"type": "Point", "coordinates": [42.211,-73.687]}},
{"zip_code":"13056","country":"US","city":"East Homer","state":"New York","state_ab":"NY","county":"Cortland","geo_location":{"type": "Point", "coordinates": [42.6772,-76.1052]}},
{"zip_code":"13803","country":"US","city":"Marathon","state":"New York","state_ab":"NY","county":"Cortland","geo_location":{"type": "Point", "coordinates": [42.4527,-76.0395]}},
{"zip_code":"13739","country":"US","city":"Bloomville","state":"New York","state_ab":"NY","county":"Delaware","geo_location":{"type": "Point", "coordinates": [42.3522,-74.8071]}},
{"zip_code":"13740","country":"US","city":"Bovina Center","state":"New York","state_ab":"NY","county":"Delaware","geo_location":{"type": "Point", "coordinates": [42.2709,-74.7661]}},
{"zip_code":"13753","country":"US","city":"Delhi","state":"New York","state_ab":"NY","county":"Delaware","geo_location":{"type": "Point", "coordinates": [42.2937,-74.9207]}},
{"zip_code":"13856","country":"US","city":"Walton","state":"New York","state_ab":"NY","county":"Delaware","geo_location":{"type": "Point", "coordinates": [42.1756,-75.1532]}},
{"zip_code":"12569","country":"US","city":"Pleasant Valley","state":"New York","state_ab":"NY","county":"Dutchess","geo_location":{"type": "Point", "coordinates": [41.747,-73.8143]}},
{"zip_code":"12570","country":"US","city":"Poughquag","state":"New York","state_ab":"NY","county":"Dutchess","geo_location":{"type": "Point", "coordinates": [41.6194,-73.6783]}},
{"zip_code":"12583","country":"US","city":"Tivoli","state":"New York","state_ab":"NY","county":"Dutchess","geo_location":{"type": "Point", "coordinates": [42.0579,-73.9025]}},
{"zip_code":"14006","country":"US","city":"Angola","state":"New York","state_ab":"NY","county":"Erie","geo_location":{"type": "Point", "coordinates": [42.6366,-79.0497]}},
{"zip_code":"14033","country":"US","city":"Colden","state":"New York","state_ab":"NY","county":"Erie","geo_location":{"type": "Point", "coordinates": [42.6551,-78.6921]}},
{"zip_code":"14059","country":"US","city":"Elma","state":"New York","state_ab":"NY","county":"Erie","geo_location":{"type": "Point", "coordinates": [42.834,-78.6343]}},
{"zip_code":"14086","country":"US","city":"Lancaster","state":"New York","state_ab":"NY","county":"Erie","geo_location":{"type": "Point", "coordinates": [42.9017,-78.6631]}},
{"zip_code":"14110","country":"US","city":"North Boston","state":"New York","state_ab":"NY","county":"Erie","geo_location":{"type": "Point", "coordinates": [42.7684,-78.8871]}},
{"zip_code":"14150","country":"US","city":"Tonawanda","state":"New York","state_ab":"NY","county":"Erie","geo_location":{"type": "Point", "coordinates": [43.0028,-78.8547]}},
{"zip_code":"14213","country":"US","city":"Buffalo","state":"New York","state_ab":"NY","county":"Erie","geo_location":{"type": "Point", "coordinates": [42.9167,-78.8895]}},
{"zip_code":"14226","country":"US","city":"Buffalo","state":"New York","state_ab":"NY","county":"Erie","geo_location":{"type": "Point", "coordinates": [42.9744,-78.7949]}},
{"zip_code":"14240","country":"US","city":"Buffalo","state":"New York","state_ab":"NY","county":"Erie","geo_location":{"type": "Point", "coordinates": [42.7684,-78.8871]}},
{"zip_code":"14266","country":"US","city":"Buffalo","state":"New York","state_ab":"NY","county":"Erie County","geo_location":{"type": "Point", "coordinates": [42.8849,-78.8264]}},
{"zip_code":"14280","country":"US","city":"Buffalo","state":"New York","state_ab":"NY","county":"Erie","geo_location":{"type": "Point", "coordinates": [42.7684,-78.8871]}},
{"zip_code":"12879","country":"US","city":"Newcomb","state":"New York","state_ab":"NY","county":"Essex","geo_location":{"type": "Point", "coordinates": [44.1457,-73.8152]}},
{"zip_code":"12943","country":"US","city":"Keene Valley","state":"New York","state_ab":"NY","county":"Essex","geo_location":{"type": "Point", "coordinates": [44.2024,-73.7731]}},
{"zip_code":"12956","country":"US","city":"Mineville","state":"New York","state_ab":"NY","county":"Essex","geo_location":{"type": "Point", "coordinates": [44.0876,-73.5236]}},
{"zip_code":"12996","country":"US","city":"Willsboro","state":"New York","state_ab":"NY","county":"Essex","geo_location":{"type": "Point", "coordinates": [44.3604,-73.3963]}},
{"zip_code":"12916","country":"US","city":"Brushton","state":"New York","state_ab":"NY","county":"Franklin","geo_location":{"type": "Point", "coordinates": [44.8282,-74.5223]}},
{"zip_code":"12930","country":"US","city":"Dickinson Center","state":"New York","state_ab":"NY","county":"Franklin","geo_location":{"type": "Point", "coordinates": [44.7233,-74.5523]}},
{"zip_code":"12969","country":"US","city":"Owls Head","state":"New York","state_ab":"NY","county":"Franklin","geo_location":{"type": "Point", "coordinates": [44.7308,-74.1342]}},
{"zip_code":"12970","country":"US","city":"Paul Smiths","state":"New York","state_ab":"NY","county":"Franklin","geo_location":{"type": "Point", "coordinates": [44.445,-74.2664]}},
{"zip_code":"12983","country":"US","city":"Saranac Lake","state":"New York","state_ab":"NY","county":"Franklin","geo_location":{"type": "Point", "coordinates": [44.3243,-74.133]}},
{"zip_code":"13470","country":"US","city":"Stratford","state":"New York","state_ab":"NY","county":"Fulton","geo_location":{"type": "Point", "coordinates": [43.1791,-74.6768]}},
{"zip_code":"14020","country":"US","city":"Batavia","state":"New York","state_ab":"NY","county":"Genesee","geo_location":{"type": "Point", "coordinates": [43.0003,-78.1929]}},
{"zip_code":"14486","country":"US","city":"Linwood","state":"New York","state_ab":"NY","county":"Genesee","geo_location":{"type": "Point", "coordinates": [42.8943,-77.9216]}},
{"zip_code":"12413","country":"US","city":"Cairo","state":"New York","state_ab":"NY","county":"Greene","geo_location":{"type": "Point", "coordinates": [42.3096,-74.0115]}},
{"zip_code":"12439","country":"US","city":"Hensonville","state":"New York","state_ab":"NY","county":"Greene","geo_location":{"type": "Point", "coordinates": [42.2939,-74.1853]}},
{"zip_code":"13353","country":"US","city":"Hoffmeister","state":"New York","state_ab":"NY","county":"Hamilton","geo_location":{"type": "Point", "coordinates": [43.3915,-74.74]}},
{"zip_code":"13340","country":"US","city":"Frankfort","state":"New York","state_ab":"NY","county":"Herkimer","geo_location":{"type": "Point", "coordinates": [43.044,-75.1072]}},
{"zip_code":"13416","country":"US","city":"Newport","state":"New York","state_ab":"NY","county":"Herkimer","geo_location":{"type": "Point", "coordinates": [43.18,-74.9861]}},
{"zip_code":"13636","country":"US","city":"Ellisburg","state":"New York","state_ab":"NY","county":"Jefferson","geo_location":{"type": "Point", "coordinates": [43.7434,-76.1165]}},
{"zip_code":"13650","country":"US","city":"Henderson","state":"New York","state_ab":"NY","county":"Jefferson","geo_location":{"type": "Point", "coordinates": [43.8467,-76.2352]}},
{"zip_code":"11203","country":"US","city":"Brooklyn","state":"New York","state_ab":"NY","county":"Kings","geo_location":{"type": "Point", "coordinates": [40.6505,-73.9349]}},
{"zip_code":"11216","country":"US","city":"Brooklyn","state":"New York","state_ab":"NY","county":"Kings","geo_location":{"type": "Point", "coordinates": [40.6794,-73.9496]}},
{"zip_code":"11229","country":"US","city":"Brooklyn","state":"New York","state_ab":"NY","county":"Kings","geo_location":{"type": "Point", "coordinates": [40.6011,-73.9475]}},
{"zip_code":"11230","country":"US","city":"Brooklyn","state":"New York","state_ab":"NY","county":"Kings","geo_location":{"type": "Point", "coordinates": [40.6225,-73.965]}},
{"zip_code":"11243","country":"US","city":"Brooklyn","state":"New York","state_ab":"NY","county":"Kings","geo_location":{"type": "Point", "coordinates": [40.6451,-73.945]}},
{"zip_code":"11256","country":"US","city":"Brooklyn","state":"New York","state_ab":"NY","county":"Kings","geo_location":{"type": "Point", "coordinates": [40.6451,-73.945]}},
{"zip_code":"13610","country":"US","city":"Rodman","state":"New York","state_ab":"NY","county":"Lewis","geo_location":{"type": "Point", "coordinates": [43.8187,-75.4803]}},
{"zip_code":"14510","country":"US","city":"Mount Morris","state":"New York","state_ab":"NY","county":"Livingston","geo_location":{"type": "Point", "coordinates": [42.6835,-77.8664]}},
{"zip_code":"14846","country":"US","city":"Hunt","state":"New York","state_ab":"NY","county":"Livingston","geo_location":{"type": "Point", "coordinates": [42.5388,-77.9818]}},
{"zip_code":"13043","country":"US","city":"Clockville","state":"New York","state_ab":"NY","county":"Madison","geo_location":{"type": "Point", "coordinates": [43.042,-75.7408]}},
{"zip_code":"13133","country":"US","city":"Chittenango","state":"New York","state_ab":"NY","county":"Madison County","geo_location":{"type": "Point", "coordinates": [43.0069,-75.7995]}},
{"zip_code":"14420","country":"US","city":"Brockport","state":"New York","state_ab":"NY","county":"Monroe","geo_location":{"type": "Point", "coordinates": [43.2128,-77.9368]}},
{"zip_code":"14600","country":"US","city":"Rochester","state":"New York","state_ab":"NY","county":"Monroe County","geo_location":{"type": "Point", "coordinates": [43.1315,-77.6085]}},
{"zip_code":"14613","country":"US","city":"Rochester","state":"New York","state_ab":"NY","county":"Monroe","geo_location":{"type": "Point", "coordinates": [43.1831,-77.6393]}},
{"zip_code":"14626","country":"US","city":"Rochester","state":"New York","state_ab":"NY","county":"Monroe","geo_location":{"type": "Point", "coordinates": [43.2126,-77.704]}},
{"zip_code":"14639","country":"US","city":"Rochester","state":"New York","state_ab":"NY","county":"Monroe","geo_location":{"type": "Point", "coordinates": [43.286,-77.6843]}},
{"zip_code":"14653","country":"US","city":"Rochester","state":"New York","state_ab":"NY","county":"Monroe","geo_location":{"type": "Point", "coordinates": [43.286,-77.6843]}},
{"zip_code":"12066","country":"US","city":"Esperance","state":"New York","state_ab":"NY","county":"Montgomery","geo_location":{"type": "Point", "coordinates": [42.7717,-74.2882]}},
{"zip_code":"13339","country":"US","city":"Fort Plain","state":"New York","state_ab":"NY","county":"Montgomery","geo_location":{"type": "Point", "coordinates": [42.9372,-74.6433]}},
{"zip_code":"11010","country":"US","city":"Franklin Square","state":"New York","state_ab":"NY","county":"Nassau","geo_location":{"type": "Point", "coordinates": [40.701,-73.6758]}},
{"zip_code":"11023","country":"US","city":"Great Neck","state":"New York","state_ab":"NY","county":"Nassau","geo_location":{"type": "Point", "coordinates": [40.7993,-73.7343]}},
{"zip_code":"11050","country":"US","city":"Port Washington","state":"New York","state_ab":"NY","county":"Nassau","geo_location":{"type": "Point", "coordinates": [40.835,-73.6964]}},
{"zip_code":"11553","country":"US","city":"Uniondale","state":"New York","state_ab":"NY","county":"Nassau","geo_location":{"type": "Point", "coordinates": [40.702,-73.592]}},
{"zip_code":"11566","country":"US","city":"Merrick","state":"New York","state_ab":"NY","county":"Nassau","geo_location":{"type": "Point", "coordinates": [40.6685,-73.5536]}},
{"zip_code":"11579","country":"US","city":"Sea Cliff","state":"New York","state_ab":"NY","county":"Nassau","geo_location":{"type": "Point", "coordinates": [40.846,-73.6436]}},
{"zip_code":"11580","country":"US","city":"Valley Stream","state":"New York","state_ab":"NY","county":"Nassau","geo_location":{"type": "Point", "coordinates": [40.6742,-73.7057]}},
{"zip_code":"11593","country":"US","city":"Westbury","state":"New York","state_ab":"NY","county":"Nassau","geo_location":{"type": "Point", "coordinates": [40.7548,-73.6018]}},
{"zip_code":"11773","country":"US","city":"Syosset","state":"New York","state_ab":"NY","county":"Nassau","geo_location":{"type": "Point", "coordinates": [40.7548,-73.6018]}},
{"zip_code":"10006","country":"US","city":"New York City","state":"New York","state_ab":"NY","county":"New York","geo_location":{"type": "Point", "coordinates": [40.7085,-74.0135]}},
{"zip_code":"10019","country":"US","city":"New York City","state":"New York","state_ab":"NY","county":"New York","geo_location":{"type": "Point", "coordinates": [40.7651,-73.9858]}},
{"zip_code":"10020","country":"US","city":"New York City","state":"New York","state_ab":"NY","county":"New York","geo_location":{"type": "Point", "coordinates": [40.7354,-73.9968]}},
{"zip_code":"10033","country":"US","city":"New York City","state":"New York","state_ab":"NY","county":"New York","geo_location":{"type": "Point", "coordinates": [40.8496,-73.9356]}},
{"zip_code":"10046","country":"US","city":"New York City","state":"New York","state_ab":"NY","county":"New York","geo_location":{"type": "Point", "coordinates": [40.7808,-73.9772]}},
{"zip_code":"10060","country":"US","city":"New York City","state":"New York","state_ab":"NY","county":"New York","geo_location":{"type": "Point", "coordinates": [40.7808,-73.9772]}},
{"zip_code":"10099","country":"US","city":"New York City","state":"New York","state_ab":"NY","county":"New York","geo_location":{"type": "Point", "coordinates": [40.7808,-73.9772]}},
{"zip_code":"10109","country":"US","city":"New York City","state":"New York","state_ab":"NY","county":"New York","geo_location":{"type": "Point", "coordinates": [40.7808,-73.9772]}},
{"zip_code":"10110","country":"US","city":"New York City","state":"New York","state_ab":"NY","county":"New York","geo_location":{"type": "Point", "coordinates": [40.754,-73.9808]}},
{"zip_code":"10123","country":"US","city":"New York City","state":"New York","state_ab":"NY","county":"New York","geo_location":{"type": "Point", "coordinates": [40.7515,-73.9905]}},
{"zip_code":"10149","country":"US","city":"New York City","state":"New York","state_ab":"NY","county":"New York","geo_location":{"type": "Point", "coordinates": [40.7808,-73.9772]}},
{"zip_code":"10150","country":"US","city":"New York City","state":"New York","state_ab":"NY","county":"New York","geo_location":{"type": "Point", "coordinates": [40.7808,-73.9772]}},
{"zip_code":"10163","country":"US","city":"New York City","state":"New York","state_ab":"NY","county":"New York","geo_location":{"type": "Point", "coordinates": [40.7808,-73.9772]}},
{"zip_code":"10176","country":"US","city":"New York City","state":"New York","state_ab":"NY","county":"New York","geo_location":{"type": "Point", "coordinates": [40.7556,-73.9789]}},
{"zip_code":"10213","country":"US","city":"New York City","state":"New York","state_ab":"NY","county":"New York","geo_location":{"type": "Point", "coordinates": [40.7808,-73.9772]}},
{"zip_code":"10279","country":"US","city":"New York City","state":"New York","state_ab":"NY","county":"New York","geo_location":{"type": "Point", "coordinates": [40.7127,-74.0078]}},
{"zip_code":"10280","country":"US","city":"New York City","state":"New York","state_ab":"NY","county":"New York","geo_location":{"type": "Point", "coordinates": [40.7105,-74.0163]}},
{"zip_code":"14109","country":"US","city":"Niagara University","state":"New York","state_ab":"NY","county":"Niagara","geo_location":{"type": "Point", "coordinates": [43.138,-79.0342]}},
{"zip_code":"14303","country":"US","city":"Niagara Falls","state":"New York","state_ab":"NY","county":"Niagara","geo_location":{"type": "Point", "coordinates": [43.0878,-79.037]}},
{"zip_code":"13313","country":"US","city":"Bridgewater","state":"New York","state_ab":"NY","county":"Oneida","geo_location":{"type": "Point", "coordinates": [42.8792,-75.2672]}},
{"zip_code":"13403","country":"US","city":"Marcy","state":"New York","state_ab":"NY","county":"Oneida","geo_location":{"type": "Point", "coordinates": [43.1639,-75.2783]}},
{"zip_code":"49819","country":"US","city":"Arnold","state":"Michigan","state_ab":"MI","county":"Marquette","geo_location":{"type": "Point", "coordinates": [46.6041,-87.6148]}},
{"zip_code":"49833","country":"US","city":"Little Lake","state":"Michigan","state_ab":"MI","county":"Marquette","geo_location":{"type": "Point", "coordinates": [46.2797,-87.3311]}},
{"zip_code":"49873","country":"US","city":"Perronville","state":"Michigan","state_ab":"MI","county":"Menominee","geo_location":{"type": "Point", "coordinates": [45.841,-87.4816]}},
{"zip_code":"49886","country":"US","city":"Spalding","state":"Michigan","state_ab":"MI","county":"Menominee","geo_location":{"type": "Point", "coordinates": [45.6777,-87.4852]}},
{"zip_code":"48133","country":"US","city":"Erie","state":"Michigan","state_ab":"MI","county":"Monroe","geo_location":{"type": "Point", "coordinates": [41.7829,-83.4958]}},
{"zip_code":"48159","country":"US","city":"Maybee","state":"Michigan","state_ab":"MI","county":"Monroe","geo_location":{"type": "Point", "coordinates": [42.0288,-83.5179]}},
{"zip_code":"48160","country":"US","city":"Milan","state":"Michigan","state_ab":"MI","county":"Monroe","geo_location":{"type": "Point", "coordinates": [42.0914,-83.6776]}},
{"zip_code":"48829","country":"US","city":"Edmore","state":"Michigan","state_ab":"MI","county":"Montcalm","geo_location":{"type": "Point", "coordinates": [43.4116,-85.028]}},
{"zip_code":"49329","country":"US","city":"Howard City","state":"Michigan","state_ab":"MI","county":"Montcalm","geo_location":{"type": "Point", "coordinates": [43.4083,-85.4856]}},
{"zip_code":"49756","country":"US","city":"Lewiston","state":"Michigan","state_ab":"MI","county":"Montmorency","geo_location":{"type": "Point", "coordinates": [44.8538,-84.2973]}},
{"zip_code":"49303","country":"US","city":"Bailey","state":"Michigan","state_ab":"MI","county":"Muskegon","geo_location":{"type": "Point", "coordinates": [43.2768,-85.8313]}},
{"zip_code":"48030","country":"US","city":"Hazel Park","state":"Michigan","state_ab":"MI","county":"Oakland","geo_location":{"type": "Point", "coordinates": [42.4608,-83.0982]}},
{"zip_code":"48069","country":"US","city":"Pleasant Ridge","state":"Michigan","state_ab":"MI","county":"Oakland","geo_location":{"type": "Point", "coordinates": [42.471,-83.1438]}},
{"zip_code":"48070","country":"US","city":"Huntington Woods","state":"Michigan","state_ab":"MI","county":"Oakland","geo_location":{"type": "Point", "coordinates": [42.4825,-83.1749]}},
{"zip_code":"48083","country":"US","city":"Troy","state":"Michigan","state_ab":"MI","county":"Oakland","geo_location":{"type": "Point", "coordinates": [42.5597,-83.1138]}},
{"zip_code":"48326","country":"US","city":"Auburn Hills","state":"Michigan","state_ab":"MI","county":"Oakland","geo_location":{"type": "Point", "coordinates": [42.6583,-83.2375]}},
{"zip_code":"48340","country":"US","city":"Pontiac","state":"Michigan","state_ab":"MI","county":"Oakland","geo_location":{"type": "Point", "coordinates": [42.668,-83.2893]}},
{"zip_code":"48366","country":"US","city":"Lakeville","state":"Michigan","state_ab":"MI","county":"Oakland","geo_location":{"type": "Point", "coordinates": [42.8033,-83.1841]}},
{"zip_code":"48380","country":"US","city":"Milford","state":"Michigan","state_ab":"MI","county":"Oakland","geo_location":{"type": "Point", "coordinates": [42.602,-83.6508]}},
{"zip_code":"48393","country":"US","city":"Wixom","state":"Michigan","state_ab":"MI","county":"Oakland","geo_location":{"type": "Point", "coordinates": [42.534,-83.5285]}},
{"zip_code":"49420","country":"US","city":"Hart","state":"Michigan","state_ab":"MI","county":"Oceana","geo_location":{"type": "Point", "coordinates": [43.7068,-86.3142]}},
{"zip_code":"49446","country":"US","city":"New Era","state":"Michigan","state_ab":"MI","county":"Oceana","geo_location":{"type": "Point", "coordinates": [43.5556,-86.3448]}},
{"zip_code":"49459","country":"US","city":"Walkerville","state":"Michigan","state_ab":"MI","county":"Oceana","geo_location":{"type": "Point", "coordinates": [43.7626,-86.083]}},
{"zip_code":"48610","country":"US","city":"Alger","state":"Michigan","state_ab":"MI","county":"Ogemaw","geo_location":{"type": "Point", "coordinates": [44.1395,-84.1872]}},
{"zip_code":"49910","country":"US","city":"Bergland","state":"Michigan","state_ab":"MI","county":"Ontonagon","geo_location":{"type": "Point", "coordinates": [46.5881,-89.5973]}},
{"zip_code":"49639","country":"US","city":"Hersey","state":"Michigan","state_ab":"MI","county":"Osceola","geo_location":{"type": "Point", "coordinates": [43.8481,-85.4059]}},
{"zip_code":"49679","country":"US","city":"Sears","state":"Michigan","state_ab":"MI","county":"Osceola","geo_location":{"type": "Point", "coordinates": [43.8776,-85.1465]}},
{"zip_code":"48636","country":"US","city":"Luzerne","state":"Michigan","state_ab":"MI","county":"Oscoda","geo_location":{"type": "Point", "coordinates": [44.6001,-84.2931]}},
{"zip_code":"49730","country":"US","city":"Elmira","state":"Michigan","state_ab":"MI","county":"Otsego","geo_location":{"type": "Point", "coordinates": [45.0346,-84.8303]}},
{"zip_code":"49460","country":"US","city":"West Olive","state":"Michigan","state_ab":"MI","county":"Ottawa","geo_location":{"type": "Point", "coordinates": [42.9099,-86.1317]}},
{"zip_code":"49909","country":"US","city":"Beechwood","state":"Michigan","state_ab":"MI","county":"Ottawa County","geo_location":{"type": "Point", "coordinates": [46.0916,-88.644]}},
{"zip_code":"49743","country":"US","city":"Hawks","state":"Michigan","state_ab":"MI","county":"Presque Isle","geo_location":{"type": "Point", "coordinates": [45.2975,-83.8542]}},
{"zip_code":"48609","country":"US","city":"Saginaw","state":"Michigan","state_ab":"MI","county":"Saginaw","geo_location":{"type": "Point", "coordinates": [43.3869,-84.0926]}},
{"zip_code":"48623","country":"US","city":"Freeland","state":"Michigan","state_ab":"MI","county":"Saginaw","geo_location":{"type": "Point", "coordinates": [43.5161,-84.1822]}},
{"zip_code":"48649","country":"US","city":"Oakley","state":"Michigan","state_ab":"MI","county":"Saginaw","geo_location":{"type": "Point", "coordinates": [43.1505,-84.2094]}},
{"zip_code":"48663","country":"US","city":"Saginaw","state":"Michigan","state_ab":"MI","county":"Saginaw","geo_location":{"type": "Point", "coordinates": [43.4673,-83.9755]}},
{"zip_code":"49099","country":"US","city":"White Pigeon","state":"Michigan","state_ab":"MI","county":"St. Joseph","geo_location":{"type": "Point", "coordinates": [41.7929,-85.675]}},
{"zip_code":"48416","country":"US","city":"Brown City","state":"Michigan","state_ab":"MI","county":"Sanilac","geo_location":{"type": "Point", "coordinates": [43.2171,-82.9978]}},
{"zip_code":"48456","country":"US","city":"Minden City","state":"Michigan","state_ab":"MI","county":"Sanilac","geo_location":{"type": "Point", "coordinates": [43.6814,-82.7299]}},
{"zip_code":"48469","country":"US","city":"Port Sanilac","state":"Michigan","state_ab":"MI","county":"Sanilac","geo_location":{"type": "Point", "coordinates": [43.4329,-82.5468]}},
{"zip_code":"48429","country":"US","city":"Durand","state":"Michigan","state_ab":"MI","county":"Shiawassee","geo_location":{"type": "Point", "coordinates": [42.9117,-83.9877]}},
{"zip_code":"48726","country":"US","city":"Cass City","state":"Michigan","state_ab":"MI","county":"Tuscola","geo_location":{"type": "Point", "coordinates": [43.5797,-83.1733]}},
{"zip_code":"48106","country":"US","city":"Ann Arbor","state":"Michigan","state_ab":"MI","county":"Washtenaw","geo_location":{"type": "Point", "coordinates": [42.2535,-83.8366]}},
{"zip_code":"48120","country":"US","city":"Dearborn","state":"Michigan","state_ab":"MI","county":"Wayne","geo_location":{"type": "Point", "coordinates": [42.3053,-83.1605]}},
{"zip_code":"48146","country":"US","city":"Lincoln Park","state":"Michigan","state_ab":"MI","county":"Wayne","geo_location":{"type": "Point", "coordinates": [42.2422,-83.1807]}},
{"zip_code":"48173","country":"US","city":"Rockwood","state":"Michigan","state_ab":"MI","county":"Wayne","geo_location":{"type": "Point", "coordinates": [42.0731,-83.2127]}},
{"zip_code":"48186","country":"US","city":"Westland","state":"Michigan","state_ab":"MI","county":"Wayne","geo_location":{"type": "Point", "coordinates": [42.289,-83.3686]}},
{"zip_code":"48209","country":"US","city":"Detroit","state":"Michigan","state_ab":"MI","county":"Wayne","geo_location":{"type": "Point", "coordinates": [42.3097,-83.1155]}},
{"zip_code":"48210","country":"US","city":"Detroit","state":"Michigan","state_ab":"MI","county":"Wayne","geo_location":{"type": "Point", "coordinates": [42.3376,-83.1303]}},
{"zip_code":"48223","country":"US","city":"Detroit","state":"Michigan","state_ab":"MI","county":"Wayne","geo_location":{"type": "Point", "coordinates": [42.3945,-83.2454]}},
{"zip_code":"48236","country":"US","city":"Grosse Pointe","state":"Michigan","state_ab":"MI","county":"Wayne","geo_location":{"type": "Point", "coordinates": [42.4274,-82.9002]}},
{"zip_code":"55760","country":"US","city":"Mcgregor","state":"Minnesota","state_ab":"MN","county":"Aitkin","geo_location":{"type": "Point", "coordinates": [46.6072,-93.3076]}},
{"zip_code":"56350","country":"US","city":"Mc Grath","state":"Minnesota","state_ab":"MN","county":"Aitkin","geo_location":{"type": "Point", "coordinates": [46.1957,-93.3774]}},
{"zip_code":"55449","country":"US","city":"Minneapolis","state":"Minnesota","state_ab":"MN","county":"Anoka","geo_location":{"type": "Point", "coordinates": [45.1697,-93.1889]}},
{"zip_code":"56569","country":"US","city":"Ogema","state":"Minnesota","state_ab":"MN","county":"Becker","geo_location":{"type": "Point", "coordinates": [47.1029,-95.9151]}},
{"zip_code":"56570","country":"US","city":"Osage","state":"Minnesota","state_ab":"MN","county":"Becker","geo_location":{"type": "Point", "coordinates": [46.9329,-95.2353]}},
{"zip_code":"56619","country":"US","city":"Bemidji","state":"Minnesota","state_ab":"MN","county":"Beltrami","geo_location":{"type": "Point", "coordinates": [47.6257,-94.8222]}},
{"zip_code":"56080","country":"US","city":"Saint Clair","state":"Minnesota","state_ab":"MN","county":"Blue Earth","geo_location":{"type": "Point", "coordinates": [44.0817,-93.8571]}},
{"zip_code":"55720","country":"US","city":"Cloquet","state":"Minnesota","state_ab":"MN","county":"Carlton","geo_location":{"type": "Point", "coordinates": [46.7546,-92.5408]}},
{"zip_code":"55733","country":"US","city":"Esko","state":"Minnesota","state_ab":"MN","county":"Carlton","geo_location":{"type": "Point", "coordinates": [46.7126,-92.3569]}},
{"zip_code":"55360","country":"US","city":"Mayer","state":"Minnesota","state_ab":"MN","county":"Carver","geo_location":{"type": "Point", "coordinates": [44.9022,-93.8859]}},
{"zip_code":"55386","country":"US","city":"Victoria","state":"Minnesota","state_ab":"MN","county":"Carver","geo_location":{"type": "Point", "coordinates": [44.8582,-93.6561]}},
{"zip_code":"55399","country":"US","city":"Young America","state":"Minnesota","state_ab":"MN","county":"Carver","geo_location":{"type": "Point", "coordinates": [44.8055,-93.7665]}},
{"zip_code":"55553","country":"US","city":"Young America","state":"Minnesota","state_ab":"MN","county":"Carver","geo_location":{"type": "Point", "coordinates": [44.8055,-93.7665]}},
{"zip_code":"55566","country":"US","city":"Young America","state":"Minnesota","state_ab":"MN","county":"Carver","geo_location":{"type": "Point", "coordinates": [44.8055,-93.7665]}},
{"zip_code":"56633","country":"US","city":"Cass Lake","state":"Minnesota","state_ab":"MN","county":"Cass","geo_location":{"type": "Point", "coordinates": [47.3516,-94.6119]}},
{"zip_code":"56260","country":"US","city":"Maynard","state":"Minnesota","state_ab":"MN","county":"Chippewa","geo_location":{"type": "Point", "coordinates": [44.9226,-95.4845]}},
{"zip_code":"56529","country":"US","city":"Dilworth","state":"Minnesota","state_ab":"MN","county":"Clay","geo_location":{"type": "Point", "coordinates": [46.8782,-96.7022]}},
{"zip_code":"56183","country":"US","city":"Westbrook","state":"Minnesota","state_ab":"MN","county":"Cottonwood","geo_location":{"type": "Point", "coordinates": [44.0654,-95.4232]}},
{"zip_code":"55010","country":"US","city":"Castle Rock","state":"Minnesota","state_ab":"MN","county":"Dakota","geo_location":{"type": "Point", "coordinates": [44.5472,-93.1531]}},
{"zip_code":"55076","country":"US","city":"Inver Grove Heights","state":"Minnesota","state_ab":"MN","county":"Dakota","geo_location":{"type": "Point", "coordinates": [44.8288,-93.0391]}},
{"zip_code":"55306","country":"US","city":"Burnsville","state":"Minnesota","state_ab":"MN","county":"Dakota","geo_location":{"type": "Point", "coordinates": [44.7307,-93.2921]}},
{"zip_code":"55940","country":"US","city":"Hayfield","state":"Minnesota","state_ab":"MN","county":"Dodge","geo_location":{"type": "Point", "coordinates": [43.8923,-92.8175]}},
{"zip_code":"56013","country":"US","city":"Blue Earth","state":"Minnesota","state_ab":"MN","county":"Faribault","geo_location":{"type": "Point", "coordinates": [43.6394,-94.0924]}},
{"zip_code":"55939","country":"US","city":"Harmony","state":"Minnesota","state_ab":"MN","county":"Fillmore","geo_location":{"type": "Point", "coordinates": [43.5663,-92.0145]}},
{"zip_code":"55009","country":"US","city":"Cannon Falls","state":"Minnesota","state_ab":"MN","county":"Goodhue","geo_location":{"type": "Point", "coordinates": [44.496,-92.864]}},
{"zip_code":"55089","country":"US","city":"Welch","state":"Minnesota","state_ab":"MN","county":"Goodhue","geo_location":{"type": "Point", "coordinates": [44.603,-92.7263]}},
{"zip_code":"56309","country":"US","city":"Ashby","state":"Minnesota","state_ab":"MN","county":"Grant","geo_location":{"type": "Point", "coordinates": [46.0781,-95.8214]}},
{"zip_code":"55346","country":"US","city":"Eden Prairie","state":"Minnesota","state_ab":"MN","county":"Hennepin","geo_location":{"type": "Point", "coordinates": [44.8771,-93.483]}},
{"zip_code":"55359","country":"US","city":"Maple Plain","state":"Minnesota","state_ab":"MN","county":"Hennepin","geo_location":{"type": "Point", "coordinates": [44.9787,-93.7002]}},
{"zip_code":"55409","country":"US","city":"Minneapolis","state":"Minnesota","state_ab":"MN","county":"Hennepin","geo_location":{"type": "Point", "coordinates": [44.9264,-93.2818]}},
{"zip_code":"55410","country":"US","city":"Minneapolis","state":"Minnesota","state_ab":"MN","county":"Hennepin","geo_location":{"type": "Point", "coordinates": [44.9124,-93.3188]}},
{"zip_code":"55423","country":"US","city":"Minneapolis","state":"Minnesota","state_ab":"MN","county":"Hennepin","geo_location":{"type": "Point", "coordinates": [44.8756,-93.2553]}},
{"zip_code":"55436","country":"US","city":"Minneapolis","state":"Minnesota","state_ab":"MN","county":"Hennepin","geo_location":{"type": "Point", "coordinates": [44.9034,-93.374]}},
{"zip_code":"55450","country":"US","city":"Minneapolis","state":"Minnesota","state_ab":"MN","county":"Hennepin","geo_location":{"type": "Point", "coordinates": [44.8811,-93.2207]}},
{"zip_code":"55579","country":"US","city":"Maple Plain","state":"Minnesota","state_ab":"MN","county":"Hennepin","geo_location":{"type": "Point", "coordinates": [45.0159,-93.4719]}},
{"zip_code":"55593","country":"US","city":"Maple Plain","state":"Minnesota","state_ab":"MN","county":"Hennepin","geo_location":{"type": "Point", "coordinates": [45.0159,-93.4719]}},
{"zip_code":"55786","country":"US","city":"Taconite","state":"Minnesota","state_ab":"MN","county":"Itasca","geo_location":{"type": "Point", "coordinates": [47.3164,-93.3904]}},
{"zip_code":"56659","country":"US","city":"Max","state":"Minnesota","state_ab":"MN","county":"Itasca","geo_location":{"type": "Point", "coordinates": [47.6618,-94.0156]}},
{"zip_code":"56143","country":"US","city":"Jackson","state":"Minnesota","state_ab":"MN","county":"Jackson","geo_location":{"type": "Point", "coordinates": [43.6457,-94.9938]}},
{"zip_code":"56246","country":"US","city":"Hawick","state":"Minnesota","state_ab":"MN","county":"Kandiyohi","geo_location":{"type": "Point", "coordinates": [45.3618,-94.8208]}},
{"zip_code":"56273","country":"US","city":"New London","state":"Minnesota","state_ab":"MN","county":"Kandiyohi","geo_location":{"type": "Point", "coordinates": [45.2949,-94.948]}},
{"zip_code":"56053","country":"US","city":"Klossner","state":"Minnesota","state_ab":"MN","county":"Koochiching County","geo_location":{"type": "Point", "coordinates": [44.3658,-94.4254]}},
{"zip_code":"56660","country":"US","city":"Mizpah","state":"Minnesota","state_ab":"MN","county":"Koochiching","geo_location":{"type": "Point", "coordinates": [47.9495,-94.1467]}},
{"zip_code":"55603","country":"US","city":"Finland","state":"Minnesota","state_ab":"MN","county":"Lake","geo_location":{"type": "Point", "coordinates": [47.4197,-91.2096]}},
{"zip_code":"55616","country":"US","city":"Two Harbors","state":"Minnesota","state_ab":"MN","county":"Lake","geo_location":{"type": "Point", "coordinates": [47.0394,-91.6783]}},
{"zip_code":"56686","country":"US","city":"Williams","state":"Minnesota","state_ab":"MN","county":"Lake of the Woods","geo_location":{"type": "Point", "coordinates": [48.8022,-94.9556]}},
{"zip_code":"56169","country":"US","city":"Russell","state":"Minnesota","state_ab":"MN","county":"Lyon","geo_location":{"type": "Point", "coordinates": [44.3201,-95.9426]}},
{"zip_code":"56516","country":"US","city":"Bejou","state":"Minnesota","state_ab":"MN","county":"Mahnomen","geo_location":{"type": "Point", "coordinates": [47.4491,-95.9454]}},
{"zip_code":"56710","country":"US","city":"Alvarado","state":"Minnesota","state_ab":"MN","county":"Marshall","geo_location":{"type": "Point", "coordinates": [48.202,-96.9915]}},
{"zip_code":"56039","country":"US","city":"Granada","state":"Minnesota","state_ab":"MN","county":"Martin","geo_location":{"type": "Point", "coordinates": [43.7061,-94.3307]}},
{"zip_code":"56363","country":"US","city":"Pease","state":"Minnesota","state_ab":"MN","county":"Mille Lacs","geo_location":{"type": "Point", "coordinates": [45.6974,-93.6465]}},
{"zip_code":"56466","country":"US","city":"Motley","state":"Minnesota","state_ab":"MN","county":"Morrison","geo_location":{"type": "Point", "coordinates": [46.2881,-94.5638]}},
{"zip_code":"55926","country":"US","city":"Dexter","state":"Minnesota","state_ab":"MN","county":"Mower","geo_location":{"type": "Point", "coordinates": [43.716,-92.7268]}},
{"zip_code":"55953","country":"US","city":"Lyle","state":"Minnesota","state_ab":"MN","county":"Mower","geo_location":{"type": "Point", "coordinates": [43.5309,-92.9328]}},
{"zip_code":"56129","country":"US","city":"Ellsworth","state":"Minnesota","state_ab":"MN","county":"Nobles","geo_location":{"type": "Point", "coordinates": [43.5265,-96.0112]}},
{"zip_code":"55036","country":"US","city":"Henriette","state":"Minnesota","state_ab":"MN","county":"Pine","geo_location":{"type": "Point", "coordinates": [45.8712,-93.1196]}},
{"zip_code":"55063","country":"US","city":"Pine City","state":"Minnesota","state_ab":"MN","county":"Pine","geo_location":{"type": "Point", "coordinates": [45.8363,-92.9042]}},
{"zip_code":"56170","country":"US","city":"Ruthton","state":"Minnesota","state_ab":"MN","county":"Pipestone","geo_location":{"type": "Point", "coordinates": [44.1682,-96.0871]}},
{"zip_code":"56556","country":"US","city":"Mcintosh","state":"Minnesota","state_ab":"MN","county":"Polk","geo_location":{"type": "Point", "coordinates": [47.6522,-95.8863]}},
{"zip_code":"56646","country":"US","city":"Gully","state":"Minnesota","state_ab":"MN","county":"Polk","geo_location":{"type": "Point", "coordinates": [47.7697,-95.641]}},
{"zip_code":"56723","country":"US","city":"Fisher","state":"Minnesota","state_ab":"MN","county":"Polk","geo_location":{"type": "Point", "coordinates": [47.8381,-96.8803]}},
{"zip_code":"56736","country":"US","city":"Mentor","state":"Minnesota","state_ab":"MN","county":"Polk","geo_location":{"type": "Point", "coordinates": [47.6576,-96.1778]}},
{"zip_code":"56323","country":"US","city":"Cyrus","state":"Minnesota","state_ab":"MN","county":"Pope","geo_location":{"type": "Point", "coordinates": [45.6414,-95.7096]}},
{"zip_code":"56349","country":"US","city":"Lowry","state":"Minnesota","state_ab":"MN","county":"Pope","geo_location":{"type": "Point", "coordinates": [45.7105,-95.5322]}},
{"zip_code":"55113","country":"US","city":"Saint Paul","state":"Minnesota","state_ab":"MN","county":"Ramsey","geo_location":{"type": "Point", "coordinates": [45.0139,-93.1571]}},
{"zip_code":"55126","country":"US","city":"Saint Paul","state":"Minnesota","state_ab":"MN","county":"Ramsey","geo_location":{"type": "Point", "coordinates": [45.0736,-93.138]}},
{"zip_code":"55166","country":"US","city":"Saint Paul","state":"Minnesota","state_ab":"MN","county":"Ramsey","geo_location":{"type": "Point", "coordinates": [45.0059,-93.1059]}},
{"zip_code":"56750","country":"US","city":"Red Lake Falls","state":"Minnesota","state_ab":"MN","county":"Red Lake","geo_location":{"type": "Point", "coordinates": [47.8823,-96.2681]}},
{"zip_code":"55333","country":"US","city":"Franklin","state":"Minnesota","state_ab":"MN","county":"Renville","geo_location":{"type": "Point", "coordinates": [44.5421,-94.8931]}},
{"zip_code":"56116","country":"US","city":"Beaver Creek","state":"Minnesota","state_ab":"MN","county":"Rock","geo_location":{"type": "Point", "coordinates": [43.6223,-96.3698]}},
{"zip_code":"56156","country":"US","city":"Luverne","state":"Minnesota","state_ab":"MN","county":"Rock","geo_location":{"type": "Point", "coordinates": [43.6614,-96.2216]}},
{"zip_code":"56673","country":"US","city":"Roosevelt","state":"Minnesota","state_ab":"MN","county":"Roseau","geo_location":{"type": "Point", "coordinates": [48.8279,-95.1119]}},
{"zip_code":"56763","country":"US","city":"Warroad","state":"Minnesota","state_ab":"MN","county":"Roseau","geo_location":{"type": "Point", "coordinates": [48.9111,-95.3538]}},
{"zip_code":"55706","country":"US","city":"Babbitt","state":"Minnesota","state_ab":"MN","county":"St. Louis","geo_location":{"type": "Point", "coordinates": [47.7091,-91.957]}},
{"zip_code":"55719","country":"US","city":"Chisholm","state":"Minnesota","state_ab":"MN","county":"St. Louis","geo_location":{"type": "Point", "coordinates": [47.5007,-92.8617]}},
{"zip_code":"55746","country":"US","city":"Hibbing","state":"Minnesota","state_ab":"MN","county":"St. Louis","geo_location":{"type": "Point", "coordinates": [47.4156,-92.9356]}},
{"zip_code":"55773","country":"US","city":"Parkville","state":"Minnesota","state_ab":"MN","county":"Saint Louis County","geo_location":{"type": "Point", "coordinates": [47.5209,-92.5826]}},
{"zip_code":"55799","country":"US","city":"Zim","state":"Minnesota","state_ab":"MN","county":"Saint Louis County","geo_location":{"type": "Point", "coordinates": [47.2882,-92.6517]}},
{"zip_code":"55810","country":"US","city":"Duluth","state":"Minnesota","state_ab":"MN","county":"St. Louis","geo_location":{"type": "Point", "coordinates": [46.7606,-92.266]}},
{"zip_code":"55319","country":"US","city":"Clear Lake","state":"Minnesota","state_ab":"MN","county":"Sherburne","geo_location":{"type": "Point", "coordinates": [45.4795,-93.9684]}},
{"zip_code":"56310","country":"US","city":"Avon","state":"Minnesota","state_ab":"MN","county":"Stearns","geo_location":{"type": "Point", "coordinates": [45.6122,-94.436]}},
{"zip_code":"56376","country":"US","city":"Saint Martin","state":"Minnesota","state_ab":"MN","county":"Stearns","geo_location":{"type": "Point", "coordinates": [45.4896,-94.7182]}},
{"zip_code":"55049","country":"US","city":"Medford","state":"Minnesota","state_ab":"MN","county":"Steele","geo_location":{"type": "Point", "coordinates": [44.1741,-93.2437]}},
{"zip_code":"56026","country":"US","city":"Ellendale","state":"Minnesota","state_ab":"MN","county":"Steele","geo_location":{"type": "Point", "coordinates": [43.8826,-93.3195]}},
{"zip_code":"56233","country":"US","city":"De Graff","state":"Minnesota","state_ab":"MN","county":"Swift County","geo_location":{"type": "Point", "coordinates": [45.2735,-95.4484]}},
{"zip_code":"56336","country":"US","city":"Grey Eagle","state":"Minnesota","state_ab":"MN","county":"Todd","geo_location":{"type": "Point", "coordinates": [45.8107,-94.8321]}},
{"zip_code":"56389","country":"US","city":"West Union","state":"Minnesota","state_ab":"MN","county":"Todd","geo_location":{"type": "Point", "coordinates": [45.7995,-95.0821]}},
{"zip_code":"56440","country":"US","city":"Clarissa","state":"Minnesota","state_ab":"MN","county":"Todd","geo_location":{"type": "Point", "coordinates": [46.1373,-94.9572]}},
{"zip_code":"56453","country":"US","city":"Hewitt","state":"Minnesota","state_ab":"MN","county":"Todd","geo_location":{"type": "Point", "coordinates": [46.325,-95.0504]}},
{"zip_code":"56479","country":"US","city":"Staples","state":"Minnesota","state_ab":"MN","county":"Todd","geo_location":{"type": "Point", "coordinates": [46.3536,-94.7633]}},
{"zip_code":"56219","country":"US","city":"Browns Valley","state":"Minnesota","state_ab":"MN","county":"Traverse","geo_location":{"type": "Point", "coordinates": [45.6069,-96.8063]}},
{"zip_code":"56583","country":"US","city":"Tintah","state":"Minnesota","state_ab":"MN","county":"Traverse","geo_location":{"type": "Point", "coordinates": [46.0074,-96.3593]}},
{"zip_code":"56093","country":"US","city":"Waseca","state":"Minnesota","state_ab":"MN","county":"Waseca","geo_location":{"type": "Point", "coordinates": [44.0834,-93.5108]}}]}