{"value": [{"zip_code":"28725","country":"US","city":"Dillsboro","state":"North Carolina","state_ab":"NC","county":"Jackson","geo_location":{"type": "Point", "coordinates": [35.3735,-83.2592]}},
{"zip_code":"27542","country":"US","city":"Kenly","state":"North Carolina","state_ab":"NC","county":"Johnston","geo_location":{"type": "Point", "coordinates": [35.6077,-78.1382]}},
{"zip_code":"27555","country":"US","city":"Micro","state":"North Carolina","state_ab":"NC","county":"Johnston","geo_location":{"type": "Point", "coordinates": [35.6295,-78.205]}},
{"zip_code":"27568","country":"US","city":"Pine Level","state":"North Carolina","state_ab":"NC","county":"Johnston","geo_location":{"type": "Point", "coordinates": [35.4883,-78.2179]}},
{"zip_code":"28585","country":"US","city":"Trenton","state":"North Carolina","state_ab":"NC","county":"Jones","geo_location":{"type": "Point", "coordinates": [35.0745,-77.4595]}},
{"zip_code":"28572","country":"US","city":"Pink Hill","state":"North Carolina","state_ab":"NC","county":"Lenoir","geo_location":{"type": "Point", "coordinates": [35.0573,-77.6943]}},
{"zip_code":"28752","country":"US","city":"Marion","state":"North Carolina","state_ab":"NC","county":"McDowell","geo_location":{"type": "Point", "coordinates": [35.6819,-82.018]}},
{"zip_code":"27825","country":"US","city":"Everetts","state":"North Carolina","state_ab":"NC","county":"Martin","geo_location":{"type": "Point", "coordinates": [35.8667,-77.085]}},
{"zip_code":"27892","country":"US","city":"Williamston","state":"North Carolina","state_ab":"NC","county":"Martin","geo_location":{"type": "Point", "coordinates": [35.8212,-77.1022]}},
{"zip_code":"28105","country":"US","city":"Matthews","state":"North Carolina","state_ab":"NC","county":"Mecklenburg","geo_location":{"type": "Point", "coordinates": [35.1149,-80.705]}},
{"zip_code":"28208","country":"US","city":"Charlotte","state":"North Carolina","state_ab":"NC","county":"Mecklenburg","geo_location":{"type": "Point", "coordinates": [35.2358,-80.8964]}},
{"zip_code":"28222","country":"US","city":"Charlotte","state":"North Carolina","state_ab":"NC","county":"Mecklenburg","geo_location":{"type": "Point", "coordinates": [35.26,-80.8042]}},
{"zip_code":"28235","country":"US","city":"Charlotte","state":"North Carolina","state_ab":"NC","county":"Mecklenburg","geo_location":{"type": "Point", "coordinates": [35.26,-80.8042]}},
{"zip_code":"28262","country":"US","city":"Charlotte","state":"North Carolina","state_ab":"NC","county":"Mecklenburg","geo_location":{"type": "Point", "coordinates": [35.3183,-80.7476]}},
{"zip_code":"28275","country":"US","city":"Charlotte","state":"North Carolina","state_ab":"NC","county":"Mecklenburg","geo_location":{"type": "Point", "coordinates": [35.26,-80.8042]}},
{"zip_code":"28288","country":"US","city":"Charlotte","state":"North Carolina","state_ab":"NC","county":"Mecklenburg","geo_location":{"type": "Point", "coordinates": [35.26,-80.8042]}},
{"zip_code":"28765","country":"US","city":"Penland","state":"North Carolina","state_ab":"NC","county":"Mitchell","geo_location":{"type": "Point", "coordinates": [35.9219,-82.1107]}},
{"zip_code":"27878","country":"US","city":"Sharpsburg","state":"North Carolina","state_ab":"NC","county":"Nash","geo_location":{"type": "Point", "coordinates": [35.8654,-77.8389]}},
{"zip_code":"28402","country":"US","city":"Wilmington","state":"North Carolina","state_ab":"NC","county":"New Hanover","geo_location":{"type": "Point", "coordinates": [34.3405,-77.9014]}},
{"zip_code":"28428","country":"US","city":"Carolina Beach","state":"North Carolina","state_ab":"NC","county":"New Hanover","geo_location":{"type": "Point", "coordinates": [34.0366,-77.8963]}},
{"zip_code":"27838","country":"US","city":"Gumberry","state":"North Carolina","state_ab":"NC","county":"Northampton","geo_location":{"type": "Point", "coordinates": [36.3561,-77.4831]}},
{"zip_code":"28545","country":"US","city":"Mccutcheon Field","state":"North Carolina","state_ab":"NC","county":"Onslow","geo_location":{"type": "Point", "coordinates": [34.6921,-77.3912]}},
{"zip_code":"27515","country":"US","city":"Chapel Hill","state":"North Carolina","state_ab":"NC","county":"Orange","geo_location":{"type": "Point", "coordinates": [36.0525,-79.1077]}},
{"zip_code":"27812","country":"US","city":"Bethel","state":"North Carolina","state_ab":"NC","county":"Pitt","geo_location":{"type": "Point", "coordinates": [35.7909,-77.3748]}},
{"zip_code":"27205","country":"US","city":"Asheboro","state":"North Carolina","state_ab":"NC","county":"Randolph","geo_location":{"type": "Point", "coordinates": [35.6396,-79.8509]}},
{"zip_code":"27298","country":"US","city":"Liberty","state":"North Carolina","state_ab":"NC","county":"Randolph","geo_location":{"type": "Point", "coordinates": [35.8729,-79.5821]}},
{"zip_code":"28338","country":"US","city":"Ellerbe","state":"North Carolina","state_ab":"NC","county":"Richmond","geo_location":{"type": "Point", "coordinates": [35.0914,-79.7524]}},
{"zip_code":"28378","country":"US","city":"Rex","state":"North Carolina","state_ab":"NC","county":"Robeson","geo_location":{"type": "Point", "coordinates": [34.8543,-79.0642]}},
{"zip_code":"27025","country":"US","city":"Madison","state":"North Carolina","state_ab":"NC","county":"Rockingham","geo_location":{"type": "Point", "coordinates": [36.3695,-79.9654]}},
{"zip_code":"27322","country":"US","city":"Reidsville","state":"North Carolina","state_ab":"NC","county":"Rockingham","geo_location":{"type": "Point", "coordinates": [36.3921,-79.7731]}},
{"zip_code":"27375","country":"US","city":"Wentworth","state":"North Carolina","state_ab":"NC","county":"Rockingham","geo_location":{"type": "Point", "coordinates": [36.3921,-79.7731]}},
{"zip_code":"28145","country":"US","city":"Salisbury","state":"North Carolina","state_ab":"NC","county":"Rowan","geo_location":{"type": "Point", "coordinates": [35.6827,-80.4771]}},
{"zip_code":"28352","country":"US","city":"Laurinburg","state":"North Carolina","state_ab":"NC","county":"Scotland","geo_location":{"type": "Point", "coordinates": [34.7599,-79.4673]}},
{"zip_code":"28002","country":"US","city":"Albemarle","state":"North Carolina","state_ab":"NC","county":"Stanly","geo_location":{"type": "Point", "coordinates": [35.2642,-80.1082]}},
{"zip_code":"27052","country":"US","city":"Walnut Cove","state":"North Carolina","state_ab":"NC","county":"Stokes","geo_location":{"type": "Point", "coordinates": [36.3189,-80.1484]}},
{"zip_code":"28712","country":"US","city":"Brevard","state":"North Carolina","state_ab":"NC","county":"Transylvania","geo_location":{"type": "Point", "coordinates": [35.2208,-82.7404]}},
{"zip_code":"27502","country":"US","city":"Apex","state":"North Carolina","state_ab":"NC","county":"Wake","geo_location":{"type": "Point", "coordinates": [35.7225,-78.8408]}},
{"zip_code":"27605","country":"US","city":"Raleigh","state":"North Carolina","state_ab":"NC","county":"Wake","geo_location":{"type": "Point", "coordinates": [35.7908,-78.653]}},
{"zip_code":"27658","country":"US","city":"Raleigh","state":"North Carolina","state_ab":"NC","county":"Wake","geo_location":{"type": "Point", "coordinates": [35.7977,-78.6253]}},
{"zip_code":"27698","country":"US","city":"Raleigh","state":"North Carolina","state_ab":"NC","county":"Wake","geo_location":{"type": "Point", "coordinates": [35.7977,-78.6253]}},
{"zip_code":"27928","country":"US","city":"Creswell","state":"North Carolina","state_ab":"NC","county":"Washington","geo_location":{"type": "Point", "coordinates": [35.8653,-76.4196]}},
{"zip_code":"28608","country":"US","city":"Boone","state":"North Carolina","state_ab":"NC","county":"Watauga","geo_location":{"type": "Point", "coordinates": [36.2213,-81.7134]}},
{"zip_code":"28365","country":"US","city":"Mount Olive","state":"North Carolina","state_ab":"NC","county":"Wayne","geo_location":{"type": "Point", "coordinates": [35.2109,-78.0983]}},
{"zip_code":"28635","country":"US","city":"Hays","state":"North Carolina","state_ab":"NC","county":"Wilkes","geo_location":{"type": "Point", "coordinates": [36.31,-81.1161]}},
{"zip_code":"58065","country":"US","city":"Pillsbury","state":"North Dakota","state_ab":"ND","county":"Barnes","geo_location":{"type": "Point", "coordinates": [47.1862,-97.7605]}},
{"zip_code":"58492","country":"US","city":"Wimbledon","state":"North Dakota","state_ab":"ND","county":"Barnes","geo_location":{"type": "Point", "coordinates": [47.1438,-98.4329]}},
{"zip_code":"58335","country":"US","city":"Fort Totten","state":"North Dakota","state_ab":"ND","county":"Benson","geo_location":{"type": "Point", "coordinates": [47.9811,-99.0264]}},
{"zip_code":"58348","country":"US","city":"Maddock","state":"North Dakota","state_ab":"ND","county":"Benson","geo_location":{"type": "Point", "coordinates": [47.9991,-99.5358]}},
{"zip_code":"58645","country":"US","city":"Medora","state":"North Dakota","state_ab":"ND","county":"Billings","geo_location":{"type": "Point", "coordinates": [46.9387,-103.5632]}},
{"zip_code":"58748","country":"US","city":"Kramer","state":"North Dakota","state_ab":"ND","county":"Bottineau","geo_location":{"type": "Point", "coordinates": [48.6867,-100.6716]}},
{"zip_code":"58762","country":"US","city":"Newburg","state":"North Dakota","state_ab":"ND","county":"Bottineau","geo_location":{"type": "Point", "coordinates": [48.6982,-100.9681]}},
{"zip_code":"58412","country":"US","city":"Arena","state":"North Dakota","state_ab":"ND","county":"Burleigh County","geo_location":{"type": "Point", "coordinates": [47.1598,-100.1758]}},
{"zip_code":"58502","country":"US","city":"Bismarck","state":"North Dakota","state_ab":"ND","county":"Burleigh","geo_location":{"type": "Point", "coordinates": [46.8887,-100.6819]}},
{"zip_code":"58012","country":"US","city":"Casselton","state":"North Dakota","state_ab":"ND","county":"Cass","geo_location":{"type": "Point", "coordinates": [46.8992,-97.2138]}},
{"zip_code":"58038","country":"US","city":"Grandin","state":"North Dakota","state_ab":"ND","county":"Cass","geo_location":{"type": "Point", "coordinates": [47.2158,-97.0207]}},
{"zip_code":"58052","country":"US","city":"Leonard","state":"North Dakota","state_ab":"ND","county":"Cass","geo_location":{"type": "Point", "coordinates": [46.6593,-97.2725]}},
{"zip_code":"58078","country":"US","city":"West Fargo","state":"North Dakota","state_ab":"ND","county":"Cass","geo_location":{"type": "Point", "coordinates": [46.8907,-96.9258]}},
{"zip_code":"58102","country":"US","city":"Fargo","state":"North Dakota","state_ab":"ND","county":"Cass","geo_location":{"type": "Point", "coordinates": [46.9209,-96.8318]}},
{"zip_code":"58542","country":"US","city":"Hague","state":"North Dakota","state_ab":"ND","county":"Emmons","geo_location":{"type": "Point", "coordinates": [46.0589,-99.9745]}},
{"zip_code":"58632","country":"US","city":"Golva","state":"North Dakota","state_ab":"ND","county":"Golden Valley","geo_location":{"type": "Point", "coordinates": [46.7075,-103.9575]}},
{"zip_code":"58205","country":"US","city":"Grand Forks Afb","state":"North Dakota","state_ab":"ND","county":"Grand Forks","geo_location":{"type": "Point", "coordinates": [47.9515,-97.379]}},
{"zip_code":"58258","country":"US","city":"Mekinock","state":"North Dakota","state_ab":"ND","county":"Grand Forks","geo_location":{"type": "Point", "coordinates": [48.0074,-97.4305]}},
{"zip_code":"58425","country":"US","city":"Cooperstown","state":"North Dakota","state_ab":"ND","county":"Griggs","geo_location":{"type": "Point", "coordinates": [47.4527,-98.1533]}},
{"zip_code":"58452","country":"US","city":"Jessie","state":"North Dakota","state_ab":"ND","county":"Griggs","geo_location":{"type": "Point", "coordinates": [47.4565,-98.2304]}},
{"zip_code":"58478","country":"US","city":"Robinson","state":"North Dakota","state_ab":"ND","county":"Kidder","geo_location":{"type": "Point", "coordinates": [47.1749,-99.7457]}},
{"zip_code":"58788","country":"US","city":"Towner","state":"North Dakota","state_ab":"ND","county":"McHenry","geo_location":{"type": "Point", "coordinates": [48.3636,-100.4854]}},
{"zip_code":"58838","country":"US","city":"Cartwright","state":"North Dakota","state_ab":"ND","county":"McKenzie","geo_location":{"type": "Point", "coordinates": [47.7992,-103.9487]}},
{"zip_code":"58775","country":"US","city":"Roseglen","state":"North Dakota","state_ab":"ND","county":"McLean","geo_location":{"type": "Point", "coordinates": [47.696,-101.822]}},
{"zip_code":"58272","country":"US","city":"Petersburg","state":"North Dakota","state_ab":"ND","county":"Nelson","geo_location":{"type": "Point", "coordinates": [47.998,-97.984]}},
{"zip_code":"58362","country":"US","city":"Penn","state":"North Dakota","state_ab":"ND","county":"Ramsey","geo_location":{"type": "Point", "coordinates": [48.2271,-99.0655]}},
{"zip_code":"58528","country":"US","city":"Cannon Ball","state":"North Dakota","state_ab":"ND","county":"Sioux","geo_location":{"type": "Point", "coordinates": [46.3874,-100.5975]}},
{"zip_code":"58568","country":"US","city":"Selfridge","state":"North Dakota","state_ab":"ND","county":"Sioux","geo_location":{"type": "Point", "coordinates": [46.0351,-101.1502]}},
{"zip_code":"58218","country":"US","city":"Buxton","state":"North Dakota","state_ab":"ND","county":"Traill","geo_location":{"type": "Point", "coordinates": [47.6163,-97.0893]}},
{"zip_code":"58722","country":"US","city":"Burlington","state":"North Dakota","state_ab":"ND","county":"Ward","geo_location":{"type": "Point", "coordinates": [48.2735,-101.4282]}},
{"zip_code":"58735","country":"US","city":"Douglas","state":"North Dakota","state_ab":"ND","county":"Ward","geo_location":{"type": "Point", "coordinates": [47.8659,-101.5112]}},
{"zip_code":"58438","country":"US","city":"Fessenden","state":"North Dakota","state_ab":"ND","county":"Wells","geo_location":{"type": "Point", "coordinates": [47.6286,-99.6434]}},
{"zip_code":"58465","country":"US","city":"Manfred","state":"North Dakota","state_ab":"ND","county":"Wells County","geo_location":{"type": "Point", "coordinates": [47.7117,-99.7644]}},
{"zip_code":"58852","country":"US","city":"Tioga","state":"North Dakota","state_ab":"ND","county":"Williams","geo_location":{"type": "Point", "coordinates": [48.3646,-102.9576]}},
{"zip_code":"68868","country":"US","city":"Prosser","state":"Nebraska","state_ab":"NE","county":"Adams County","geo_location":{"type": "Point", "coordinates": [40.6612,-98.5573]}},
{"zip_code":"68635","country":"US","city":"Dwight","state":"Nebraska","state_ab":"NE","county":"Butler","geo_location":{"type": "Point", "coordinates": [41.0894,-96.9931]}},
{"zip_code":"68455","country":"US","city":"Union","state":"Nebraska","state_ab":"NE","county":"Cass","geo_location":{"type": "Point", "coordinates": [40.8245,-95.9037]}},
{"zip_code":"68792","country":"US","city":"Wynot","state":"Nebraska","state_ab":"NE","county":"Cedar","geo_location":{"type": "Point", "coordinates": [42.7393,-97.1678]}},
{"zip_code":"69045","country":"US","city":"Wauneta","state":"Nebraska","state_ab":"NE","county":"Chase","geo_location":{"type": "Point", "coordinates": [40.4409,-101.3812]}},
{"zip_code":"69135","country":"US","city":"Elsmere","state":"Nebraska","state_ab":"NE","county":"Cherry","geo_location":{"type": "Point", "coordinates": [42.2403,-100.2595]}},
{"zip_code":"69212","country":"US","city":"Crookston","state":"Nebraska","state_ab":"NE","county":"Cherry","geo_location":{"type": "Point", "coordinates": [42.9255,-100.7735]}},
{"zip_code":"69162","country":"US","city":"Sidney","state":"Nebraska","state_ab":"NE","county":"Cheyenne","geo_location":{"type": "Point", "coordinates": [41.138,-102.9856]}},
{"zip_code":"68828","country":"US","city":"Comstock","state":"Nebraska","state_ab":"NE","county":"Custer","geo_location":{"type": "Point", "coordinates": [41.5553,-99.2753]}},
{"zip_code":"68855","country":"US","city":"Mason City","state":"Nebraska","state_ab":"NE","county":"Custer","geo_location":{"type": "Point", "coordinates": [41.1853,-99.3049]}},
{"zip_code":"69122","country":"US","city":"Big Springs","state":"Nebraska","state_ab":"NE","county":"Deuel","geo_location":{"type": "Point", "coordinates": [41.0696,-102.0933]}},
{"zip_code":"68105","country":"US","city":"Omaha","state":"Nebraska","state_ab":"NE","county":"Douglas","geo_location":{"type": "Point", "coordinates": [41.2435,-95.9629]}},
{"zip_code":"68118","country":"US","city":"Omaha","state":"Nebraska","state_ab":"NE","county":"Douglas","geo_location":{"type": "Point", "coordinates": [41.2606,-96.1661]}},
{"zip_code":"68132","country":"US","city":"Omaha","state":"Nebraska","state_ab":"NE","county":"Douglas","geo_location":{"type": "Point", "coordinates": [41.2657,-95.996]}},
{"zip_code":"68145","country":"US","city":"Omaha","state":"Nebraska","state_ab":"NE","county":"Douglas","geo_location":{"type": "Point", "coordinates": [41.2917,-96.1711]}},
{"zip_code":"68172","country":"US","city":"Omaha","state":"Nebraska","state_ab":"NE","county":"Douglas","geo_location":{"type": "Point", "coordinates": [41.2917,-96.1711]}},
{"zip_code":"68198","country":"US","city":"Omaha","state":"Nebraska","state_ab":"NE","county":"Douglas","geo_location":{"type": "Point", "coordinates": [41.2917,-96.1711]}},
{"zip_code":"68365","country":"US","city":"Grafton","state":"Nebraska","state_ab":"NE","county":"Fillmore","geo_location":{"type": "Point", "coordinates": [40.6402,-97.7403]}},
{"zip_code":"68932","country":"US","city":"Campbell","state":"Nebraska","state_ab":"NE","county":"Franklin","geo_location":{"type": "Point", "coordinates": [40.2967,-98.737]}},
{"zip_code":"68972","country":"US","city":"Riverton","state":"Nebraska","state_ab":"NE","county":"Franklin","geo_location":{"type": "Point", "coordinates": [40.1016,-98.7858]}},
{"zip_code":"68415","country":"US","city":"Odell","state":"Nebraska","state_ab":"NE","county":"Gage","geo_location":{"type": "Point", "coordinates": [40.0451,-96.8019]}},
{"zip_code":"69148","country":"US","city":"Lisco","state":"Nebraska","state_ab":"NE","county":"Garden","geo_location":{"type": "Point", "coordinates": [41.5114,-102.5498]}},
{"zip_code":"68842","country":"US","city":"Greeley","state":"Nebraska","state_ab":"NE","county":"Greeley","geo_location":{"type": "Point", "coordinates": [41.5526,-98.53]}},
{"zip_code":"68882","country":"US","city":"Wolbach","state":"Nebraska","state_ab":"NE","county":"Greeley","geo_location":{"type": "Point", "coordinates": [41.4244,-98.3995]}},
{"zip_code":"68802","country":"US","city":"Grand Island","state":"Nebraska","state_ab":"NE","county":"Hall","geo_location":{"type": "Point", "coordinates": [40.8725,-98.5021]}},
{"zip_code":"69032","country":"US","city":"Hayes Center","state":"Nebraska","state_ab":"NE","county":"Hayes","geo_location":{"type": "Point", "coordinates": [40.5173,-101.0252]}},
{"zip_code":"68725","country":"US","city":"Chambers","state":"Nebraska","state_ab":"NE","county":"Holt","geo_location":{"type": "Point", "coordinates": [42.1916,-98.7378]}},
{"zip_code":"68338","country":"US","city":"Daykin","state":"Nebraska","state_ab":"NE","county":"Jefferson","geo_location":{"type": "Point", "coordinates": [40.3192,-97.3043]}},
{"zip_code":"68352","country":"US","city":"Fairbury","state":"Nebraska","state_ab":"NE","county":"Jefferson","geo_location":{"type": "Point", "coordinates": [40.1488,-97.1839]}},
{"zip_code":"68945","country":"US","city":"Heartwell","state":"Nebraska","state_ab":"NE","county":"Kearney","geo_location":{"type": "Point", "coordinates": [40.5716,-98.7851]}},
{"zip_code":"68778","country":"US","city":"Springview","state":"Nebraska","state_ab":"NE","county":"Keya Paha","geo_location":{"type": "Point", "coordinates": [42.8488,-99.8061]}},
{"zip_code":"68402","country":"US","city":"Malcolm","state":"Nebraska","state_ab":"NE","county":"Lancaster","geo_location":{"type": "Point", "coordinates": [40.9091,-96.86]}},
{"zip_code":"68428","country":"US","city":"Raymond","state":"Nebraska","state_ab":"NE","county":"Lancaster","geo_location":{"type": "Point", "coordinates": [40.9342,-96.7866]}},
{"zip_code":"68505","country":"US","city":"Lincoln","state":"Nebraska","state_ab":"NE","county":"Lancaster","geo_location":{"type": "Point", "coordinates": [40.8247,-96.6252]}},
{"zip_code":"68532","country":"US","city":"Lincoln","state":"Nebraska","state_ab":"NE","county":"Lancaster","geo_location":{"type": "Point", "coordinates": [40.7922,-96.8551]}},
{"zip_code":"68572","country":"US","city":"Lincoln","state":"Nebraska","state_ab":"NE","county":"Lancaster","geo_location":{"type": "Point", "coordinates": [40.7845,-96.6888]}},
{"zip_code":"68752","country":"US","city":"Meadow Grove","state":"Nebraska","state_ab":"NE","county":"Madison","geo_location":{"type": "Point", "coordinates": [42.0102,-97.7334]}},
{"zip_code":"68378","country":"US","city":"Johnson","state":"Nebraska","state_ab":"NE","county":"Nemaha","geo_location":{"type": "Point", "coordinates": [40.4016,-95.9883]}},
{"zip_code":"68958","country":"US","city":"Loomis","state":"Nebraska","state_ab":"NE","county":"Phelps","geo_location":{"type": "Point", "coordinates": [40.4792,-99.4979]}},
{"zip_code":"68738","country":"US","city":"Hadar","state":"Nebraska","state_ab":"NE","county":"Pierce","geo_location":{"type": "Point", "coordinates": [42.2644,-97.6013]}},
{"zip_code":"68765","country":"US","city":"Osmond","state":"Nebraska","state_ab":"NE","county":"Pierce","geo_location":{"type": "Point", "coordinates": [42.3539,-97.582]}},
{"zip_code":"68662","country":"US","city":"Shelby","state":"Nebraska","state_ab":"NE","county":"Polk","geo_location":{"type": "Point", "coordinates": [41.2435,-97.4295]}},
{"zip_code":"68442","country":"US","city":"Stella","state":"Nebraska","state_ab":"NE","county":"Richardson","geo_location":{"type": "Point", "coordinates": [40.2303,-95.768]}},
{"zip_code":"68028","country":"US","city":"Gretna","state":"Nebraska","state_ab":"NE","county":"Sarpy","geo_location":{"type": "Point", "coordinates": [41.1345,-96.2458]}},
{"zip_code":"68015","country":"US","city":"Cedar Bluffs","state":"Nebraska","state_ab":"NE","county":"Saunders","geo_location":{"type": "Point", "coordinates": [41.3835,-96.5691]}},
{"zip_code":"68042","country":"US","city":"Memphis","state":"Nebraska","state_ab":"NE","county":"Saunders","geo_location":{"type": "Point", "coordinates": [41.0946,-96.4306]}},
{"zip_code":"68648","country":"US","city":"Morse Bluff","state":"Nebraska","state_ab":"NE","county":"Saunders","geo_location":{"type": "Point", "coordinates": [41.4178,-96.7862]}},
{"zip_code":"69355","country":"US","city":"Melbeta","state":"Nebraska","state_ab":"NE","county":"Scotts Bluff","geo_location":{"type": "Point", "coordinates": [41.765,-103.4687]}},
{"zip_code":"68325","country":"US","city":"Byron","state":"Nebraska","state_ab":"NE","county":"Thayer","geo_location":{"type": "Point", "coordinates": [40.0269,-97.7612]}},
{"zip_code":"68055","country":"US","city":"Rosalie","state":"Nebraska","state_ab":"NE","county":"Thurston","geo_location":{"type": "Point", "coordinates": [42.0574,-96.4929]}},
{"zip_code":"68815","country":"US","city":"Arcadia","state":"Nebraska","state_ab":"NE","county":"Valley","geo_location":{"type": "Point", "coordinates": [41.4293,-99.1205]}},
{"zip_code":"68002","country":"US","city":"Arlington","state":"Nebraska","state_ab":"NE","county":"Washington","geo_location":{"type": "Point", "coordinates": [41.4417,-96.307]}},
{"zip_code":"68068","country":"US","city":"Washington","state":"Nebraska","state_ab":"NE","county":"Washington","geo_location":{"type": "Point", "coordinates": [41.3953,-96.209]}},
{"zip_code":"68622","country":"US","city":"Bartlett","state":"Nebraska","state_ab":"NE","county":"Wheeler","geo_location":{"type": "Point", "coordinates": [41.8697,-98.5567]}},
{"zip_code":"3225","country":"US","city":"Center Barnstead","state":"New Hampshire","state_ab":"NH","county":"Belknap","geo_location":{"type": "Point", "coordinates": [43.3566,-71.2424]}},
{"zip_code":"3252","country":"US","city":"Lochmere","state":"New Hampshire","state_ab":"NH","county":"Belknap","geo_location":{"type": "Point", "coordinates": [43.4686,-71.5371]}},
{"zip_code":"40215","country":"US","city":"Louisville","state":"Kentucky","state_ab":"KY","county":"Jefferson","geo_location":{"type": "Point", "coordinates": [38.1913,-85.7847]}},
{"zip_code":"40228","country":"US","city":"Louisville","state":"Kentucky","state_ab":"KY","county":"Jefferson","geo_location":{"type": "Point", "coordinates": [38.1442,-85.6265]}},
{"zip_code":"40242","country":"US","city":"Louisville","state":"Kentucky","state_ab":"KY","county":"Jefferson","geo_location":{"type": "Point", "coordinates": [38.2785,-85.594]}},
{"zip_code":"40255","country":"US","city":"Louisville","state":"Kentucky","state_ab":"KY","county":"Jefferson","geo_location":{"type": "Point", "coordinates": [38.189,-85.6768]}},
{"zip_code":"40268","country":"US","city":"Louisville","state":"Kentucky","state_ab":"KY","county":"Jefferson","geo_location":{"type": "Point", "coordinates": [38.189,-85.6768]}},
{"zip_code":"40282","country":"US","city":"Louisville","state":"Kentucky","state_ab":"KY","county":"Jefferson","geo_location":{"type": "Point", "coordinates": [38.189,-85.6768]}},
{"zip_code":"40295","country":"US","city":"Louisville","state":"Kentucky","state_ab":"KY","county":"Jefferson","geo_location":{"type": "Point", "coordinates": [38.189,-85.6768]}},
{"zip_code":"41258","country":"US","city":"Swamp Branch","state":"Kentucky","state_ab":"KY","county":"Johnson County","geo_location":{"type": "Point", "coordinates": [37.7486,-82.9113]}},
{"zip_code":"41012","country":"US","city":"Covington","state":"Kentucky","state_ab":"KY","county":"Kenton","geo_location":{"type": "Point", "coordinates": [38.9447,-84.5205]}},
{"zip_code":"40745","country":"US","city":"London","state":"Kentucky","state_ab":"KY","county":"Laurel","geo_location":{"type": "Point", "coordinates": [37.1376,-84.1156]}},
{"zip_code":"41232","country":"US","city":"Lowmansville","state":"Kentucky","state_ab":"KY","county":"Lawrence","geo_location":{"type": "Point", "coordinates": [37.9315,-82.7349]}},
{"zip_code":"41362","country":"US","city":"Primrose","state":"Kentucky","state_ab":"KY","county":"Lee","geo_location":{"type": "Point", "coordinates": [37.6033,-83.714]}},
{"zip_code":"41762","country":"US","city":"Sizerock","state":"Kentucky","state_ab":"KY","county":"Leslie","geo_location":{"type": "Point", "coordinates": [37.2188,-83.5064]}},
{"zip_code":"41775","country":"US","city":"Wendover","state":"Kentucky","state_ab":"KY","county":"Leslie","geo_location":{"type": "Point", "coordinates": [37.1079,-83.3563]}},
{"zip_code":"40862","country":"US","city":"Partridge","state":"Kentucky","state_ab":"KY","county":"Letcher","geo_location":{"type": "Point", "coordinates": [37.0129,-82.8795]}},
{"zip_code":"41812","country":"US","city":"Deane","state":"Kentucky","state_ab":"KY","county":"Letcher","geo_location":{"type": "Point", "coordinates": [37.2409,-82.7696]}},
{"zip_code":"41825","country":"US","city":"Jackhorn","state":"Kentucky","state_ab":"KY","county":"Letcher","geo_location":{"type": "Point", "coordinates": [37.2246,-82.7228]}},
{"zip_code":"41838","country":"US","city":"Millstone","state":"Kentucky","state_ab":"KY","county":"Letcher","geo_location":{"type": "Point", "coordinates": [37.1766,-82.7517]}},
{"zip_code":"40448","country":"US","city":"Mc Kinney","state":"Kentucky","state_ab":"KY","county":"Lincoln","geo_location":{"type": "Point", "coordinates": [37.446,-84.6998]}},
{"zip_code":"42028","country":"US","city":"Burna","state":"Kentucky","state_ab":"KY","county":"Livingston","geo_location":{"type": "Point", "coordinates": [37.2392,-88.3379]}},
{"zip_code":"42055","country":"US","city":"Kuttawa","state":"Kentucky","state_ab":"KY","county":"Lyon","geo_location":{"type": "Point", "coordinates": [37.0619,-88.1498]}},
{"zip_code":"42002","country":"US","city":"Paducah","state":"Kentucky","state_ab":"KY","county":"McCracken","geo_location":{"type": "Point", "coordinates": [37.0855,-88.7125]}},
{"zip_code":"42635","country":"US","city":"Pine Knot","state":"Kentucky","state_ab":"KY","county":"McCreary","geo_location":{"type": "Point", "coordinates": [36.6807,-84.3984]}},
{"zip_code":"42648","country":"US","city":"Monticello","state":"Kentucky","state_ab":"KY","county":"McCreary County","geo_location":{"type": "Point", "coordinates": [36.8874,-84.8026]}},
{"zip_code":"42352","country":"US","city":"Livermore","state":"Kentucky","state_ab":"KY","county":"McLean","geo_location":{"type": "Point", "coordinates": [37.5045,-87.1239]}},
{"zip_code":"40385","country":"US","city":"Waco","state":"Kentucky","state_ab":"KY","county":"Madison","geo_location":{"type": "Point", "coordinates": [37.7176,-84.1448]}},
{"zip_code":"40475","country":"US","city":"Richmond","state":"Kentucky","state_ab":"KY","county":"Madison","geo_location":{"type": "Point", "coordinates": [37.7546,-84.2955]}},
{"zip_code":"41465","country":"US","city":"Salyersville","state":"Kentucky","state_ab":"KY","county":"Magoffin","geo_location":{"type": "Point", "coordinates": [37.7325,-83.0298]}},
{"zip_code":"41632","country":"US","city":"Gunlock","state":"Kentucky","state_ab":"KY","county":"Magoffin","geo_location":{"type": "Point", "coordinates": [37.5892,-82.9452]}},
{"zip_code":"41902","country":"US","city":"Migrate","state":"Kentucky","state_ab":"KY","county":"Magoffin County","geo_location":{"type": "Point", "coordinates": [38.0638,-84.5027]}},
{"zip_code":"40062","country":"US","city":"Saint Francis","state":"Kentucky","state_ab":"KY","county":"Marion","geo_location":{"type": "Point", "coordinates": [37.6047,-85.4251]}},
{"zip_code":"40345","country":"US","city":"Mariba","state":"Kentucky","state_ab":"KY","county":"Menifee County","geo_location":{"type": "Point", "coordinates": [37.918,-83.5579]}},
{"zip_code":"40372","country":"US","city":"Salvisa","state":"Kentucky","state_ab":"KY","county":"Mercer","geo_location":{"type": "Point", "coordinates": [37.8664,-84.884]}},
{"zip_code":"41412","country":"US","city":"Cottle","state":"Kentucky","state_ab":"KY","county":"Morgan County","geo_location":{"type": "Point", "coordinates": [37.893,-83.2201]}},
{"zip_code":"41425","country":"US","city":"Ezel","state":"Kentucky","state_ab":"KY","county":"Morgan","geo_location":{"type": "Point", "coordinates": [37.904,-83.3888]}},
{"zip_code":"41452","country":"US","city":"Marshallville","state":"Kentucky","state_ab":"KY","county":"Morgan County","geo_location":{"type": "Point", "coordinates": [37.678,-82.9893]}},
{"zip_code":"42325","country":"US","city":"Bremen","state":"Kentucky","state_ab":"KY","county":"Muhlenberg","geo_location":{"type": "Point", "coordinates": [37.343,-87.233]}},
{"zip_code":"42365","country":"US","city":"Penrod","state":"Kentucky","state_ab":"KY","county":"Muhlenberg","geo_location":{"type": "Point", "coordinates": [37.1126,-86.9941]}},
{"zip_code":"40008","country":"US","city":"Bloomfield","state":"Kentucky","state_ab":"KY","county":"Nelson","geo_location":{"type": "Point", "coordinates": [37.908,-85.2862]}},
{"zip_code":"40048","country":"US","city":"Nazareth","state":"Kentucky","state_ab":"KY","county":"Nelson","geo_location":{"type": "Point", "coordinates": [37.8472,-85.4694]}},
{"zip_code":"42338","country":"US","city":"Dundee","state":"Kentucky","state_ab":"KY","county":"Ohio","geo_location":{"type": "Point", "coordinates": [37.552,-86.7776]}},
{"zip_code":"41722","country":"US","city":"Bulan","state":"Kentucky","state_ab":"KY","county":"Perry","geo_location":{"type": "Point", "coordinates": [37.315,-83.1561]}},
{"zip_code":"41735","country":"US","city":"Delphia","state":"Kentucky","state_ab":"KY","county":"Perry","geo_location":{"type": "Point", "coordinates": [37.0233,-83.0956]}},
{"zip_code":"41502","country":"US","city":"Pikeville","state":"Kentucky","state_ab":"KY","county":"Pike","geo_location":{"type": "Point", "coordinates": [37.4816,-82.5505]}},
{"zip_code":"41528","country":"US","city":"Freeburn","state":"Kentucky","state_ab":"KY","county":"Pike","geo_location":{"type": "Point", "coordinates": [37.5512,-82.1434]}},
{"zip_code":"41542","country":"US","city":"Lookout","state":"Kentucky","state_ab":"KY","county":"Pike","geo_location":{"type": "Point", "coordinates": [37.3148,-82.465]}},
{"zip_code":"41555","country":"US","city":"Pinsonfork","state":"Kentucky","state_ab":"KY","county":"Pike","geo_location":{"type": "Point", "coordinates": [37.5466,-82.2621]}},
{"zip_code":"41568","country":"US","city":"Stopover","state":"Kentucky","state_ab":"KY","county":"Pike","geo_location":{"type": "Point", "coordinates": [37.5093,-82.0784]}},
{"zip_code":"42518","country":"US","city":"Bronston","state":"Kentucky","state_ab":"KY","county":"Pulaski","geo_location":{"type": "Point", "coordinates": [36.9525,-84.6314]}},
{"zip_code":"42532","country":"US","city":"Faubush","state":"Kentucky","state_ab":"KY","county":"Pulaski County","geo_location":{"type": "Point", "coordinates": [37.0632,-84.8604]}},
{"zip_code":"42558","country":"US","city":"Tateville","state":"Kentucky","state_ab":"KY","county":"Pulaski","geo_location":{"type": "Point", "coordinates": [36.9492,-84.5815]}},
{"zip_code":"40022","country":"US","city":"Finchville","state":"Kentucky","state_ab":"KY","county":"Shelby","geo_location":{"type": "Point", "coordinates": [38.1561,-85.3476]}},
{"zip_code":"42235","country":"US","city":"Hadley","state":"Kentucky","state_ab":"KY","county":"Warren","geo_location":{"type": "Point", "coordinates": [36.9834,-86.394]}},
{"zip_code":"42455","country":"US","city":"Sebree","state":"Kentucky","state_ab":"KY","county":"Webster","geo_location":{"type": "Point", "coordinates": [37.5889,-87.5255]}},
{"zip_code":"70638","country":"US","city":"Elizabeth","state":"Louisiana","state_ab":"LA","county":"Allen","geo_location":{"type": "Point", "coordinates": [30.8547,-92.7815]}},
{"zip_code":"70728","country":"US","city":"Duplessis","state":"Louisiana","state_ab":"LA","county":"Ascension","geo_location":{"type": "Point", "coordinates": [30.2954,-90.9458]}},
{"zip_code":"71318","country":"US","city":"Big Bend","state":"Louisiana","state_ab":"LA","county":"Avoyelles Parish","geo_location":{"type": "Point", "coordinates": [31.0868,-91.8317]}},
{"zip_code":"71372","country":"US","city":"Vick","state":"Louisiana","state_ab":"LA","county":"Avoyelles Parish","geo_location":{"type": "Point", "coordinates": [31.2708,-92.0653]}},
{"zip_code":"70652","country":"US","city":"Longville","state":"Louisiana","state_ab":"LA","county":"Beauregard","geo_location":{"type": "Point", "coordinates": [30.58,-93.2548]}},
{"zip_code":"71008","country":"US","city":"Bienville","state":"Louisiana","state_ab":"LA","county":"Bienville","geo_location":{"type": "Point", "coordinates": [32.2523,-92.9084]}},
{"zip_code":"71112","country":"US","city":"Bossier City","state":"Louisiana","state_ab":"LA","county":"Bossier","geo_location":{"type": "Point", "coordinates": [32.486,-93.6767]}},
{"zip_code":"71138","country":"US","city":"Shreveport","state":"Louisiana","state_ab":"LA","county":"Caddo","geo_location":{"type": "Point", "coordinates": [32.6076,-93.7526]}},
{"zip_code":"71152","country":"US","city":"Shreveport","state":"Louisiana","state_ab":"LA","county":"Caddo","geo_location":{"type": "Point", "coordinates": [32.6076,-93.7526]}},
{"zip_code":"71165","country":"US","city":"Shreveport","state":"Louisiana","state_ab":"LA","county":"Caddo","geo_location":{"type": "Point", "coordinates": [32.6076,-93.7526]}},
{"zip_code":"70612","country":"US","city":"Lake Charles","state":"Louisiana","state_ab":"LA","county":"Calcasieu","geo_location":{"type": "Point", "coordinates": [30.2642,-93.3265]}},
{"zip_code":"70665","country":"US","city":"Sulphur","state":"Louisiana","state_ab":"LA","county":"Calcasieu","geo_location":{"type": "Point", "coordinates": [30.2009,-93.4437]}},
{"zip_code":"71435","country":"US","city":"Grayson","state":"Louisiana","state_ab":"LA","county":"Caldwell","geo_location":{"type": "Point", "coordinates": [32.067,-92.1698]}},
{"zip_code":"71048","country":"US","city":"Lisbon","state":"Louisiana","state_ab":"LA","county":"Claiborne","geo_location":{"type": "Point", "coordinates": [32.8452,-92.8878]}},
{"zip_code":"70805","country":"US","city":"Baton Rouge","state":"Louisiana","state_ab":"LA","county":"East Baton Rouge","geo_location":{"type": "Point", "coordinates": [30.486,-91.1481]}},
{"zip_code":"70818","country":"US","city":"Baton Rouge","state":"Louisiana","state_ab":"LA","county":"East Baton Rouge","geo_location":{"type": "Point", "coordinates": [30.5408,-91.05]}},
{"zip_code":"70898","country":"US","city":"Baton Rouge","state":"Louisiana","state_ab":"LA","county":"East Baton Rouge","geo_location":{"type": "Point", "coordinates": [30.5159,-91.0804]}},
{"zip_code":"71295","country":"US","city":"Winnsboro","state":"Louisiana","state_ab":"LA","county":"Franklin","geo_location":{"type": "Point", "coordinates": [32.1592,-91.7108]}},
{"zip_code":"70562","country":"US","city":"New Iberia","state":"Louisiana","state_ab":"LA","county":"Iberia","geo_location":{"type": "Point", "coordinates": [29.7399,-91.6331]}},
{"zip_code":"71268","country":"US","city":"Quitman","state":"Louisiana","state_ab":"LA","county":"Jackson","geo_location":{"type": "Point", "coordinates": [32.3564,-92.7085]}},
{"zip_code":"70005","country":"US","city":"Metairie","state":"Louisiana","state_ab":"LA","county":"Jefferson","geo_location":{"type": "Point", "coordinates": [30.0005,-90.1331]}},
{"zip_code":"70058","country":"US","city":"Harvey","state":"Louisiana","state_ab":"LA","county":"Jefferson","geo_location":{"type": "Point", "coordinates": [29.8725,-90.0673]}},
{"zip_code":"70072","country":"US","city":"Marrero","state":"Louisiana","state_ab":"LA","county":"Jefferson","geo_location":{"type": "Point", "coordinates": [29.8598,-90.1105]}},
{"zip_code":"70508","country":"US","city":"Lafayette","state":"Louisiana","state_ab":"LA","county":"Lafayette","geo_location":{"type": "Point", "coordinates": [30.1582,-92.0236]}},
{"zip_code":"70302","country":"US","city":"Thibodaux","state":"Louisiana","state_ab":"LA","county":"Lafourche","geo_location":{"type": "Point", "coordinates": [29.4587,-90.5028]}},
{"zip_code":"70355","country":"US","city":"Gheens","state":"Louisiana","state_ab":"LA","county":"Lafourche","geo_location":{"type": "Point", "coordinates": [29.7076,-90.4849]}},
{"zip_code":"71282","country":"US","city":"Tallulah","state":"Louisiana","state_ab":"LA","county":"Madison","geo_location":{"type": "Point", "coordinates": [32.4326,-91.0645]}},
{"zip_code":"70122","country":"US","city":"New Orleans","state":"Louisiana","state_ab":"LA","county":"Orleans","geo_location":{"type": "Point", "coordinates": [30.0056,-90.0644]}},
{"zip_code":"70148","country":"US","city":"New Orleans","state":"Louisiana","state_ab":"LA","county":"Orleans","geo_location":{"type": "Point", "coordinates": [30.0309,-90.068]}},
{"zip_code":"70162","country":"US","city":"New Orleans","state":"Louisiana","state_ab":"LA","county":"Orleans","geo_location":{"type": "Point", "coordinates": [30.033,-89.8826]}},
{"zip_code":"70175","country":"US","city":"New Orleans","state":"Louisiana","state_ab":"LA","county":"Orleans","geo_location":{"type": "Point", "coordinates": [30.033,-89.8826]}},
{"zip_code":"71202","country":"US","city":"Monroe","state":"Louisiana","state_ab":"LA","county":"Ouachita","geo_location":{"type": "Point", "coordinates": [32.3868,-92.0722]}},
{"zip_code":"70715","country":"US","city":"Batchelor","state":"Louisiana","state_ab":"LA","county":"Pointe Coupee","geo_location":{"type": "Point", "coordinates": [30.8298,-91.6944]}},
{"zip_code":"70755","country":"US","city":"Livonia","state":"Louisiana","state_ab":"LA","county":"Pointe Coupee","geo_location":{"type": "Point", "coordinates": [30.5524,-91.5332]}},
{"zip_code":"71448","country":"US","city":"Longleaf","state":"Louisiana","state_ab":"LA","county":"Rapides","geo_location":{"type": "Point", "coordinates": [31.2034,-92.5269]}},
{"zip_code":"71462","country":"US","city":"Noble","state":"Louisiana","state_ab":"LA","county":"Sabine","geo_location":{"type": "Point", "coordinates": [31.6938,-93.7167]}},
{"zip_code":"70032","country":"US","city":"Arabi","state":"Louisiana","state_ab":"LA","county":"St. Bernard","geo_location":{"type": "Point", "coordinates": [29.9612,-89.9965]}},
{"zip_code":"70085","country":"US","city":"Saint Bernard","state":"Louisiana","state_ab":"LA","county":"St. Bernard","geo_location":{"type": "Point", "coordinates": [29.8611,-89.8364]}},
{"zip_code":"70535","country":"US","city":"Eunice","state":"Louisiana","state_ab":"LA","county":"St. Landry","geo_location":{"type": "Point", "coordinates": [30.5116,-92.3985]}},
{"zip_code":"71345","country":"US","city":"Lebeau","state":"Louisiana","state_ab":"LA","county":"St. Landry","geo_location":{"type": "Point", "coordinates": [30.7292,-91.9755]}},
{"zip_code":"71358","country":"US","city":"Palmetto","state":"Louisiana","state_ab":"LA","county":"St. Landry","geo_location":{"type": "Point", "coordinates": [30.7065,-91.9114]}},
{"zip_code":"70342","country":"US","city":"Berwick","state":"Louisiana","state_ab":"LA","county":"St. Mary","geo_location":{"type": "Point", "coordinates": [29.6929,-91.2518]}},
{"zip_code":"70522","country":"US","city":"Centerville","state":"Louisiana","state_ab":"LA","county":"St. Mary","geo_location":{"type": "Point", "coordinates": [29.7523,-91.4397]}},
{"zip_code":"70445","country":"US","city":"Lacombe","state":"Louisiana","state_ab":"LA","county":"St. Tammany","geo_location":{"type": "Point", "coordinates": [30.322,-89.9297]}},
{"zip_code":"70458","country":"US","city":"Slidell","state":"Louisiana","state_ab":"LA","county":"St. Tammany","geo_location":{"type": "Point", "coordinates": [30.2784,-89.7712]}},
{"zip_code":"70395","country":"US","city":"Schriever","state":"Louisiana","state_ab":"LA","county":"Terrebonne","geo_location":{"type": "Point", "coordinates": [29.7123,-90.8513]}},
{"zip_code":"70548","country":"US","city":"Kaplan","state":"Louisiana","state_ab":"LA","county":"Vermilion","geo_location":{"type": "Point", "coordinates": [29.9771,-92.3025]}},
{"zip_code":"70575","country":"US","city":"Perry","state":"Louisiana","state_ab":"LA","county":"Vermilion","geo_location":{"type": "Point", "coordinates": [29.8665,-92.159]}},
{"zip_code":"71475","country":"US","city":"Slagle","state":"Louisiana","state_ab":"LA","county":"Vernon","geo_location":{"type": "Point", "coordinates": [31.112,-93.2009]}},
{"zip_code":"71075","country":"US","city":"Springhill","state":"Louisiana","state_ab":"LA","county":"Webster","geo_location":{"type": "Point", "coordinates": [33.0005,-93.4596]}},
{"zip_code":"71242","country":"US","city":"Forest","state":"Louisiana","state_ab":"LA","county":"West Carroll","geo_location":{"type": "Point", "coordinates": [32.8239,-91.3989]}},
{"zip_code":"70782","country":"US","city":"Tunica","state":"Louisiana","state_ab":"LA","county":"West Feliciana","geo_location":{"type": "Point", "coordinates": [30.9601,-91.5396]}},
{"zip_code":"71422","country":"US","city":"Dodson","state":"Louisiana","state_ab":"LA","county":"Winn","geo_location":{"type": "Point", "coordinates": [32.0701,-92.6783]}},
{"zip_code":"2532","country":"US","city":"Buzzards Bay","state":"Massachusetts","state_ab":"MA","county":"Barnstable","geo_location":{"type": "Point", "coordinates": [41.7455,-70.5905]}},
{"zip_code":"2635","country":"US","city":"Cotuit","state":"Massachusetts","state_ab":"MA","county":"Barnstable","geo_location":{"type": "Point", "coordinates": [41.6243,-70.4364]}},
{"zip_code":"2648","country":"US","city":"Marstons Mills","state":"Massachusetts","state_ab":"MA","county":"Barnstable","geo_location":{"type": "Point", "coordinates": [41.6703,-70.4163]}},
{"zip_code":"2662","country":"US","city":"South Orleans","state":"Massachusetts","state_ab":"MA","county":"Barnstable","geo_location":{"type": "Point", "coordinates": [41.7567,-69.9841]}},
{"zip_code":"2675","country":"US","city":"Yarmouth Port","state":"Massachusetts","state_ab":"MA","county":"Barnstable","geo_location":{"type": "Point", "coordinates": [41.7051,-70.227]}},
{"zip_code":"1245","country":"US","city":"Monterey","state":"Massachusetts","state_ab":"MA","county":"Berkshire","geo_location":{"type": "Point", "coordinates": [42.1867,-73.2065]}},
{"zip_code":"1258","country":"US","city":"South Egremont","state":"Massachusetts","state_ab":"MA","county":"Berkshire","geo_location":{"type": "Point", "coordinates": [42.1012,-73.4566]}},
{"zip_code":"2712","country":"US","city":"Chartley","state":"Massachusetts","state_ab":"MA","county":"Bristol","geo_location":{"type": "Point", "coordinates": [41.7562,-71.0671]}},
{"zip_code":"2725","country":"US","city":"Somerset","state":"Massachusetts","state_ab":"MA","county":"Bristol","geo_location":{"type": "Point", "coordinates": [41.7223,-71.178]}},
{"zip_code":"1812","country":"US","city":"Andover","state":"Massachusetts","state_ab":"MA","county":"Essex","geo_location":{"type": "Point", "coordinates": [42.6472,-71.1842]}},
{"zip_code":"1902","country":"US","city":"Lynn","state":"Massachusetts","state_ab":"MA","county":"Essex","geo_location":{"type": "Point", "coordinates": [42.4698,-70.942]}},
{"zip_code":"1915","country":"US","city":"Beverly","state":"Massachusetts","state_ab":"MA","county":"Essex","geo_location":{"type": "Point", "coordinates": [42.5608,-70.8759]}},
{"zip_code":"1982","country":"US","city":"South Hamilton","state":"Massachusetts","state_ab":"MA","county":"Essex","geo_location":{"type": "Point", "coordinates": [42.6185,-70.8561]}},
{"zip_code":"1375","country":"US","city":"Sunderland","state":"Massachusetts","state_ab":"MA","county":"Franklin","geo_location":{"type": "Point", "coordinates": [42.4539,-72.5676]}},
{"zip_code":"1102","country":"US","city":"Springfield","state":"Massachusetts","state_ab":"MA","county":"Hampden","geo_location":{"type": "Point", "coordinates": [42.1707,-72.6048]}},
{"zip_code":"1115","country":"US","city":"Springfield","state":"Massachusetts","state_ab":"MA","county":"Hampden","geo_location":{"type": "Point", "coordinates": [42.1029,-72.5916]}},
{"zip_code":"1128","country":"US","city":"Springfield","state":"Massachusetts","state_ab":"MA","county":"Hampden","geo_location":{"type": "Point", "coordinates": [42.0944,-72.4889]}},
{"zip_code":"1195","country":"US","city":"Springfield","state":"Massachusetts","state_ab":"MA","county":"Hampden County","geo_location":{"type": "Point", "coordinates": [42.1029,-72.5921]}},
{"zip_code":"1012","country":"US","city":"Chesterfield","state":"Massachusetts","state_ab":"MA","county":"Hampshire","geo_location":{"type": "Point", "coordinates": [42.3923,-72.8256]}},
{"zip_code":"1038","country":"US","city":"Hatfield","state":"Massachusetts","state_ab":"MA","county":"Hampshire","geo_location":{"type": "Point", "coordinates": [42.3844,-72.6167]}},
{"zip_code":"1748","country":"US","city":"Hopkinton","state":"Massachusetts","state_ab":"MA","county":"Middlesex","geo_location":{"type": "Point", "coordinates": [42.219,-71.5302]}},
{"zip_code":"1775","country":"US","city":"Stow","state":"Massachusetts","state_ab":"MA","county":"Middlesex","geo_location":{"type": "Point", "coordinates": [42.4308,-71.515]}},
{"zip_code":"1852","country":"US","city":"Lowell","state":"Massachusetts","state_ab":"MA","county":"Middlesex","geo_location":{"type": "Point", "coordinates": [42.6344,-71.2983]}},
{"zip_code":"1865","country":"US","city":"Nutting Lake","state":"Massachusetts","state_ab":"MA","county":"Middlesex","geo_location":{"type": "Point", "coordinates": [42.4464,-71.4594]}},
{"zip_code":"2145","country":"US","city":"Somerville","state":"Massachusetts","state_ab":"MA","county":"Middlesex","geo_location":{"type": "Point", "coordinates": [42.3907,-71.0929]}},
{"zip_code":"2158","country":"US","city":"Newton","state":"Massachusetts","state_ab":"MA","county":"Middlesex","geo_location":{"type": "Point", "coordinates": [42.3537,-71.1881]}},
{"zip_code":"2172","country":"US","city":"Watertown","state":"Massachusetts","state_ab":"MA","county":"Middlesex","geo_location":{"type": "Point", "coordinates": [42.3726,-71.178]}},
{"zip_code":"2455","country":"US","city":"North Waltham","state":"Massachusetts","state_ab":"MA","county":"Middlesex County","geo_location":{"type": "Point", "coordinates": [42.3621,-71.2055]}},
{"zip_code":"2468","country":"US","city":"Waban","state":"Massachusetts","state_ab":"MA","county":"Middlesex","geo_location":{"type": "Point", "coordinates": [42.3271,-71.2315]}},
{"zip_code":"2495","country":"US","city":"Nonantum","state":"Massachusetts","state_ab":"MA","county":"Middlesex","geo_location":{"type": "Point", "coordinates": [42.4464,-71.4594]}},
{"zip_code":"2185","country":"US","city":"Braintree","state":"Massachusetts","state_ab":"MA","county":"Norfolk","geo_location":{"type": "Point", "coordinates": [42.18,-71.0892]}},
{"zip_code":"2482","country":"US","city":"Wellesley","state":"Massachusetts","state_ab":"MA","county":"Norfolk","geo_location":{"type": "Point", "coordinates": [42.2945,-71.2992]}},
{"zip_code":"2055","country":"US","city":"Minot","state":"Massachusetts","state_ab":"MA","county":"Plymouth","geo_location":{"type": "Point", "coordinates": [41.9705,-70.7014]}},
{"zip_code":"2325","country":"US","city":"Bridgewater","state":"Massachusetts","state_ab":"MA","county":"Plymouth","geo_location":{"type": "Point", "coordinates": [41.9873,-70.9728]}},
{"zip_code":"2338","country":"US","city":"Halifax","state":"Massachusetts","state_ab":"MA","county":"Plymouth","geo_location":{"type": "Point", "coordinates": [42.0002,-70.8448]}},
{"zip_code":"2402","country":"US","city":"Brockton","state":"Massachusetts","state_ab":"MA","county":"Plymouth","geo_location":{"type": "Point", "coordinates": [42.0863,-70.9993]}},
{"zip_code":"2558","country":"US","city":"Onset","state":"Massachusetts","state_ab":"MA","county":"Plymouth","geo_location":{"type": "Point", "coordinates": [41.7476,-70.6582]}},
{"zip_code":"2738","country":"US","city":"Marion","state":"Massachusetts","state_ab":"MA","county":"Plymouth","geo_location":{"type": "Point", "coordinates": [41.7095,-70.7613]}},
{"zip_code":"2105","country":"US","city":"Boston","state":"Massachusetts","state_ab":"MA","county":"Suffolk","geo_location":{"type": "Point", "coordinates": [42.3389,-70.9196]}},
{"zip_code":"7922","country":"US","city":"Berkeley Heights","state":"New Jersey","state_ab":"NJ","county":"Union","geo_location":{"type": "Point", "coordinates": [40.6752,-74.4346]}},
{"zip_code":"7832","country":"US","city":"Columbia","state":"New Jersey","state_ab":"NJ","county":"Warren","geo_location":{"type": "Point", "coordinates": [40.9388,-75.055]}},
{"zip_code":"8808","country":"US","city":"Broadway","state":"New Jersey","state_ab":"NJ","county":"Warren","geo_location":{"type": "Point", "coordinates": [40.7372,-75.0469]}},
{"zip_code":"87108","country":"US","city":"Albuquerque","state":"New Mexico","state_ab":"NM","county":"Bernalillo","geo_location":{"type": "Point", "coordinates": [35.0726,-106.5749]}},
{"zip_code":"87122","country":"US","city":"Albuquerque","state":"New Mexico","state_ab":"NM","county":"Bernalillo","geo_location":{"type": "Point", "coordinates": [35.1787,-106.5102]}},
{"zip_code":"88202","country":"US","city":"Roswell","state":"New Mexico","state_ab":"NM","county":"Chaves","geo_location":{"type": "Point", "coordinates": [33.3038,-104.4318]}},
{"zip_code":"87005","country":"US","city":"Bluewater","state":"New Mexico","state_ab":"NM","county":"Cibola","geo_location":{"type": "Point", "coordinates": [35.1647,-108.1917]}},
{"zip_code":"87315","country":"US","city":"Fence Lake","state":"New Mexico","state_ab":"NM","county":"Cibola","geo_location":{"type": "Point", "coordinates": [34.7344,-108.6934]}},
{"zip_code":"87728","country":"US","city":"Maxwell","state":"New Mexico","state_ab":"NM","county":"Colfax","geo_location":{"type": "Point", "coordinates": [36.5434,-104.564]}},
{"zip_code":"88112","country":"US","city":"Broadview","state":"New Mexico","state_ab":"NM","county":"Curry","geo_location":{"type": "Point", "coordinates": [34.804,-103.1292]}},
{"zip_code":"88008","country":"US","city":"Santa Teresa","state":"New Mexico","state_ab":"NM","county":"Doa Ana","geo_location":{"type": "Point", "coordinates": [31.8394,-106.6821]}},
{"zip_code":"88048","country":"US","city":"Mesquite","state":"New Mexico","state_ab":"NM","county":"Doa Ana","geo_location":{"type": "Point", "coordinates": [32.146,-106.6676]}},
{"zip_code":"88255","country":"US","city":"Loco Hills","state":"New Mexico","state_ab":"NM","county":"Eddy","geo_location":{"type": "Point", "coordinates": [32.4828,-104.2873]}},
{"zip_code":"88268","country":"US","city":"Whites City","state":"New Mexico","state_ab":"NM","county":"Eddy","geo_location":{"type": "Point", "coordinates": [32.4828,-104.2873]}},
{"zip_code":"88022","country":"US","city":"Arenas Valley","state":"New Mexico","state_ab":"NM","county":"Grant","geo_location":{"type": "Point", "coordinates": [32.7839,-108.1854]}},
{"zip_code":"88062","country":"US","city":"Silver City","state":"New Mexico","state_ab":"NM","county":"Grant","geo_location":{"type": "Point", "coordinates": [32.7282,-108.1379]}},
{"zip_code":"88435","country":"US","city":"Santa Rosa","state":"New Mexico","state_ab":"NM","county":"Guadalupe","geo_location":{"type": "Point", "coordinates": [34.8526,-104.5899]}},
{"zip_code":"88242","country":"US","city":"Hobbs","state":"New Mexico","state_ab":"NM","county":"Lea","geo_location":{"type": "Point", "coordinates": [32.8105,-103.1587]}},
{"zip_code":"88318","country":"US","city":"Corona","state":"New Mexico","state_ab":"NM","county":"Lincoln","geo_location":{"type": "Point", "coordinates": [34.1693,-105.5339]}},
{"zip_code":"88345","country":"US","city":"Ruidoso","state":"New Mexico","state_ab":"NM","county":"Lincoln","geo_location":{"type": "Point", "coordinates": [33.3474,-105.651]}},
{"zip_code":"87045","country":"US","city":"Prewitt","state":"New Mexico","state_ab":"NM","county":"McKinley","geo_location":{"type": "Point", "coordinates": [35.3547,-108.1038]}},
{"zip_code":"87302","country":"US","city":"Gallup","state":"New Mexico","state_ab":"NM","county":"McKinley","geo_location":{"type": "Point", "coordinates": [35.4809,-108.1767]}},
{"zip_code":"87328","country":"US","city":"Navajo","state":"New Mexico","state_ab":"NM","county":"McKinley","geo_location":{"type": "Point", "coordinates": [35.8942,-109.0226]}},
{"zip_code":"87715","country":"US","city":"Cleveland","state":"New Mexico","state_ab":"NM","county":"Mora","geo_location":{"type": "Point", "coordinates": [35.9898,-105.4326]}},
{"zip_code":"87522","country":"US","city":"Chimayo","state":"New Mexico","state_ab":"NM","county":"Rio Arriba","geo_location":{"type": "Point", "coordinates": [36.4654,-106.5785]}},
{"zip_code":"87548","country":"US","city":"Medanales","state":"New Mexico","state_ab":"NM","county":"Rio Arriba","geo_location":{"type": "Point", "coordinates": [36.1892,-106.2176]}},
{"zip_code":"87575","country":"US","city":"Tierra Amarilla","state":"New Mexico","state_ab":"NM","county":"Rio Arriba","geo_location":{"type": "Point", "coordinates": [36.6805,-106.557]}},
{"zip_code":"88125","country":"US","city":"Milnesand","state":"New Mexico","state_ab":"NM","county":"Roosevelt","geo_location":{"type": "Point", "coordinates": [33.605,-103.2782]}},
{"zip_code":"87018","country":"US","city":"Counselor","state":"New Mexico","state_ab":"NM","county":"Sandoval","geo_location":{"type": "Point", "coordinates": [35.7174,-106.9358]}},
{"zip_code":"87072","country":"US","city":"Cochiti Pueblo","state":"New Mexico","state_ab":"NM","county":"Sandoval","geo_location":{"type": "Point", "coordinates": [35.6089,-106.3518]}},
{"zip_code":"87418","country":"US","city":"La Plata","state":"New Mexico","state_ab":"NM","county":"San Juan","geo_location":{"type": "Point", "coordinates": [36.9576,-108.1792]}},
{"zip_code":"87562","country":"US","city":"Rowe","state":"New Mexico","state_ab":"NM","county":"San Miguel","geo_location":{"type": "Point", "coordinates": [35.4563,-104.6796]}},
{"zip_code":"87742","country":"US","city":"Rociada","state":"New Mexico","state_ab":"NM","county":"San Miguel","geo_location":{"type": "Point", "coordinates": [35.8226,-105.3147]}},
{"zip_code":"87508","country":"US","city":"Santa Fe","state":"New Mexico","state_ab":"NM","county":"Santa Fe","geo_location":{"type": "Point", "coordinates": [35.5335,-105.926]}},
{"zip_code":"87535","country":"US","city":"Glorieta","state":"New Mexico","state_ab":"NM","county":"Santa Fe","geo_location":{"type": "Point", "coordinates": [35.5288,-105.7477]}},
{"zip_code":"87935","country":"US","city":"Elephant Butte","state":"New Mexico","state_ab":"NM","county":"Sierra","geo_location":{"type": "Point", "coordinates": [33.209,-107.2212]}},
{"zip_code":"87832","country":"US","city":"San Antonio","state":"New Mexico","state_ab":"NM","county":"Socorro","geo_location":{"type": "Point", "coordinates": [33.819,-106.8285]}},
{"zip_code":"87032","country":"US","city":"Mc Intosh","state":"New Mexico","state_ab":"NM","county":"Torrance","geo_location":{"type": "Point", "coordinates": [34.8519,-106.0521]}},
{"zip_code":"88422","country":"US","city":"Gladstone","state":"New Mexico","state_ab":"NM","county":"Union","geo_location":{"type": "Point", "coordinates": [36.3698,-103.5055]}},
{"zip_code":"89012","country":"US","city":"Henderson","state":"Nevada","state_ab":"NV","county":"Clark","geo_location":{"type": "Point", "coordinates": [36.0119,-115.0433]}},
{"zip_code":"89025","country":"US","city":"Moapa","state":"Nevada","state_ab":"NV","county":"Clark","geo_location":{"type": "Point", "coordinates": [36.6916,-114.6514]}},
{"zip_code":"89052","country":"US","city":"Henderson","state":"Nevada","state_ab":"NV","county":"Clark","geo_location":{"type": "Point", "coordinates": [35.9878,-115.1167]}},
{"zip_code":"89102","country":"US","city":"Las Vegas","state":"Nevada","state_ab":"NV","county":"Clark","geo_location":{"type": "Point", "coordinates": [36.1433,-115.2004]}},
{"zip_code":"89115","country":"US","city":"Las Vegas","state":"Nevada","state_ab":"NV","county":"Clark","geo_location":{"type": "Point", "coordinates": [36.2158,-115.0671]}},
{"zip_code":"89128","country":"US","city":"Las Vegas","state":"Nevada","state_ab":"NV","county":"Clark","geo_location":{"type": "Point", "coordinates": [36.1968,-115.2644]}},
{"zip_code":"89142","country":"US","city":"Las Vegas","state":"Nevada","state_ab":"NV","county":"Clark","geo_location":{"type": "Point", "coordinates": [36.148,-115.0404]}},
{"zip_code":"89155","country":"US","city":"Las Vegas","state":"Nevada","state_ab":"NV","county":"Clark","geo_location":{"type": "Point", "coordinates": [35.9279,-114.9721]}},
{"zip_code":"89195","country":"US","city":"Las Vegas","state":"Nevada","state_ab":"NV","county":"Clark","geo_location":{"type": "Point", "coordinates": [35.9279,-114.9721]}},
{"zip_code":"89825","country":"US","city":"Jackpot","state":"Nevada","state_ab":"NV","county":"Elko","geo_location":{"type": "Point", "coordinates": [41.8882,-114.7233]}},
{"zip_code":"89425","country":"US","city":"Orovada","state":"Nevada","state_ab":"NV","county":"Humboldt","geo_location":{"type": "Point", "coordinates": [41.6654,-117.9083]}},
{"zip_code":"89438","country":"US","city":"Valmy","state":"Nevada","state_ab":"NV","county":"Humboldt","geo_location":{"type": "Point", "coordinates": [41.2633,-118.1745]}},
{"zip_code":"89412","country":"US","city":"Gerlach","state":"Nevada","state_ab":"NV","county":"Washoe","geo_location":{"type": "Point", "coordinates": [40.6525,-119.3565]}},
{"zip_code":"89452","country":"US","city":"Incline Village","state":"Nevada","state_ab":"NV","county":"Washoe","geo_location":{"type": "Point", "coordinates": [39.2591,-119.9566]}},
{"zip_code":"89502","country":"US","city":"Reno","state":"Nevada","state_ab":"NV","county":"Washoe","geo_location":{"type": "Point", "coordinates": [39.4972,-119.7764]}},
{"zip_code":"89515","country":"US","city":"Reno","state":"Nevada","state_ab":"NV","county":"Washoe","geo_location":{"type": "Point", "coordinates": [40.5412,-119.5869]}},
{"zip_code":"89555","country":"US","city":"Reno","state":"Nevada","state_ab":"NV","county":"Washoe County","geo_location":{"type": "Point", "coordinates": [39.5246,-119.8125]}},
{"zip_code":"89595","country":"US","city":"Reno","state":"Nevada","state_ab":"NV","county":"Washoe","geo_location":{"type": "Point", "coordinates": [40.5412,-119.5869]}},
{"zip_code":"12045","country":"US","city":"Coeymans","state":"New York","state_ab":"NY","county":"Albany","geo_location":{"type": "Point", "coordinates": [42.4757,-73.7977]}},
{"zip_code":"12085","country":"US","city":"Guilderland Center","state":"New York","state_ab":"NY","county":"Albany","geo_location":{"type": "Point", "coordinates": [42.6948,-73.9053]}},
{"zip_code":"12212","country":"US","city":"Albany","state":"New York","state_ab":"NY","county":"Albany","geo_location":{"type": "Point", "coordinates": [42.7168,-73.8104]}},
{"zip_code":"12225","country":"US","city":"Albany","state":"New York","state_ab":"NY","county":"Albany","geo_location":{"type": "Point", "coordinates": [42.6149,-73.9708]}},
{"zip_code":"12238","country":"US","city":"Albany","state":"New York","state_ab":"NY","county":"Albany","geo_location":{"type": "Point", "coordinates": [42.6149,-73.9708]}},
{"zip_code":"12252","country":"US","city":"Albany","state":"New York","state_ab":"NY","county":"Albany","geo_location":{"type": "Point", "coordinates": [42.6149,-73.9708]}},
{"zip_code":"14708","country":"US","city":"Alma","state":"New York","state_ab":"NY","county":"Allegany","geo_location":{"type": "Point", "coordinates": [42.0169,-78.04]}},
{"zip_code":"14735","country":"US","city":"Fillmore","state":"New York","state_ab":"NY","county":"Allegany","geo_location":{"type": "Point", "coordinates": [42.4508,-78.1043]}},
{"zip_code":"10452","country":"US","city":"Bronx","state":"New York","state_ab":"NY","county":"Bronx","geo_location":{"type": "Point", "coordinates": [40.8376,-73.9216]}},
{"zip_code":"10465","country":"US","city":"Bronx","state":"New York","state_ab":"NY","county":"Bronx","geo_location":{"type": "Point", "coordinates": [40.8261,-73.8196]}},
{"zip_code":"13745","country":"US","city":"Chenango Bridge","state":"New York","state_ab":"NY","county":"Broome","geo_location":{"type": "Point", "coordinates": [42.1738,-75.8728]}},
{"zip_code":"13848","country":"US","city":"Tunnel","state":"New York","state_ab":"NY","county":"Broome","geo_location":{"type": "Point", "coordinates": [42.2147,-75.7277]}},
{"zip_code":"13862","country":"US","city":"Whitney Point","state":"New York","state_ab":"NY","county":"Broome","geo_location":{"type": "Point", "coordinates": [42.3384,-75.9522]}},
{"zip_code":"14065","country":"US","city":"Freedom","state":"New York","state_ab":"NY","county":"Cattaraugus","geo_location":{"type": "Point", "coordinates": [42.4897,-78.3501]}},
{"zip_code":"14168","country":"US","city":"Versailles","state":"New York","state_ab":"NY","county":"Cattaraugus","geo_location":{"type": "Point", "coordinates": [42.5093,-78.9995]}},
{"zip_code":"14748","country":"US","city":"Kill Buck","state":"New York","state_ab":"NY","county":"Cattaraugus","geo_location":{"type": "Point", "coordinates": [42.145,-78.6466]}},
{"zip_code":"14788","country":"US","city":"Westons Mills","state":"New York","state_ab":"NY","county":"Cattaraugus","geo_location":{"type": "Point", "coordinates": [42.0621,-78.378]}},
{"zip_code":"13022","country":"US","city":"Auburn","state":"New York","state_ab":"NY","county":"Cayuga","geo_location":{"type": "Point", "coordinates": [43.1634,-76.5096]}},
{"zip_code":"14722","country":"US","city":"Chautauqua","state":"New York","state_ab":"NY","county":"Chautauqua","geo_location":{"type": "Point", "coordinates": [42.1875,-79.4505]}},
{"zip_code":"14775","country":"US","city":"Ripley","state":"New York","state_ab":"NY","county":"Chautauqua","geo_location":{"type": "Point", "coordinates": [42.2482,-79.7121]}},
{"zip_code":"14825","country":"US","city":"Chemung","state":"New York","state_ab":"NY","county":"Chemung","geo_location":{"type": "Point", "coordinates": [42.0392,-76.6202]}},
{"zip_code":"14838","country":"US","city":"Erin","state":"New York","state_ab":"NY","county":"Chemung","geo_location":{"type": "Point", "coordinates": [42.1859,-76.6819]}},
{"zip_code":"14902","country":"US","city":"Elmira","state":"New York","state_ab":"NY","county":"Chemung","geo_location":{"type": "Point", "coordinates": [42.1473,-76.7509]}},
{"zip_code":"13332","country":"US","city":"Earlville","state":"New York","state_ab":"NY","county":"Chenango","geo_location":{"type": "Point", "coordinates": [42.7197,-75.5589]}},
{"zip_code":"13758","country":"US","city":"East Pharsalia","state":"New York","state_ab":"NY","county":"Chenango","geo_location":{"type": "Point", "coordinates": [42.5835,-75.7219]}},
{"zip_code":"12935","country":"US","city":"Ellenburg Depot","state":"New York","state_ab":"NY","county":"Clinton","geo_location":{"type": "Point", "coordinates": [44.9163,-73.7876]}},
{"zip_code":"12962","country":"US","city":"Morrisonville","state":"New York","state_ab":"NY","county":"Clinton","geo_location":{"type": "Point", "coordinates": [44.6894,-73.5772]}},
{"zip_code":"12508","country":"US","city":"Beacon","state":"New York","state_ab":"NY","county":"Dutchess","geo_location":{"type": "Point", "coordinates": [41.5097,-73.9634]}},
{"zip_code":"12522","country":"US","city":"Dover Plains","state":"New York","state_ab":"NY","county":"Dutchess","geo_location":{"type": "Point", "coordinates": [41.7351,-73.587]}},
{"zip_code":"14025","country":"US","city":"Boston","state":"New York","state_ab":"NY","county":"Erie","geo_location":{"type": "Point", "coordinates": [42.6314,-78.7391]}},
{"zip_code":"14038","country":"US","city":"Crittenden","state":"New York","state_ab":"NY","county":"Erie","geo_location":{"type": "Point", "coordinates": [42.9473,-78.4744]}},
{"zip_code":"14052","country":"US","city":"East Aurora","state":"New York","state_ab":"NY","county":"Erie","geo_location":{"type": "Point", "coordinates": [42.7701,-78.602]}},
{"zip_code":"14102","country":"US","city":"Marilla","state":"New York","state_ab":"NY","county":"Erie","geo_location":{"type": "Point", "coordinates": [42.8332,-78.5587]}},
{"zip_code":"14205","country":"US","city":"Buffalo","state":"New York","state_ab":"NY","county":"Erie","geo_location":{"type": "Point", "coordinates": [42.7684,-78.8871]}},
{"zip_code":"14218","country":"US","city":"Buffalo","state":"New York","state_ab":"NY","county":"Erie","geo_location":{"type": "Point", "coordinates": [42.8146,-78.8078]}},
{"zip_code":"14272","country":"US","city":"Buffalo","state":"New York","state_ab":"NY","county":"Erie","geo_location":{"type": "Point", "coordinates": [42.7684,-78.8871]}},
{"zip_code":"12858","country":"US","city":"Paradox","state":"New York","state_ab":"NY","county":"Essex","geo_location":{"type": "Point", "coordinates": [43.8914,-73.645]}},
{"zip_code":"12872","country":"US","city":"Severance","state":"New York","state_ab":"NY","county":"Essex","geo_location":{"type": "Point", "coordinates": [44.1457,-73.8152]}},
{"zip_code":"12975","country":"US","city":"Port Kent","state":"New York","state_ab":"NY","county":"Essex","geo_location":{"type": "Point", "coordinates": [44.5264,-73.4092]}},
{"zip_code":"13655","country":"US","city":"Hogansburg","state":"New York","state_ab":"NY","county":"Franklin","geo_location":{"type": "Point", "coordinates": [44.9825,-74.6626]}},
{"zip_code":"12032","country":"US","city":"Caroga Lake","state":"New York","state_ab":"NY","county":"Fulton","geo_location":{"type": "Point", "coordinates": [43.1922,-74.5169]}},
{"zip_code":"12058","country":"US","city":"Earlton","state":"New York","state_ab":"NY","county":"Greene","geo_location":{"type": "Point", "coordinates": [42.3527,-73.9062]}},
{"zip_code":"12135","country":"US","city":"Norton Hill","state":"New York","state_ab":"NY","county":"Greene County","geo_location":{"type": "Point", "coordinates": [42.4206,-74.081]}},
{"zip_code":"12405","country":"US","city":"Acra","state":"New York","state_ab":"NY","county":"Greene","geo_location":{"type": "Point", "coordinates": [42.3304,-74.0857]}},
{"zip_code":"12418","country":"US","city":"Cornwallville","state":"New York","state_ab":"NY","county":"Greene","geo_location":{"type": "Point", "coordinates": [42.3629,-74.1631]}},
{"zip_code":"12485","country":"US","city":"Tannersville","state":"New York","state_ab":"NY","county":"Greene","geo_location":{"type": "Point", "coordinates": [42.2032,-74.1014]}},
{"zip_code":"12108","country":"US","city":"Lake Pleasant","state":"New York","state_ab":"NY","county":"Hamilton","geo_location":{"type": "Point", "coordinates": [43.6676,-74.4569]}},
{"zip_code":"13475","country":"US","city":"Van Hornesville","state":"New York","state_ab":"NY","county":"Herkimer","geo_location":{"type": "Point", "coordinates": [42.8935,-74.8367]}},
{"zip_code":"13602","country":"US","city":"Fort Drum","state":"New York","state_ab":"NY","county":"Jefferson","geo_location":{"type": "Point", "coordinates": [44.0354,-75.754]}},
{"zip_code":"13615","country":"US","city":"Brownville","state":"New York","state_ab":"NY","county":"Jefferson","geo_location":{"type": "Point", "coordinates": [44.0577,-76.0196]}},
{"zip_code":"13628","country":"US","city":"Deferiet","state":"New York","state_ab":"NY","county":"Jefferson","geo_location":{"type": "Point", "coordinates": [43.8855,-75.7983]}},
{"zip_code":"13682","country":"US","city":"Rodman","state":"New York","state_ab":"NY","county":"Jefferson","geo_location":{"type": "Point", "coordinates": [43.8622,-75.8719]}},
{"zip_code":"11208","country":"US","city":"Brooklyn","state":"New York","state_ab":"NY","county":"Kings","geo_location":{"type": "Point", "coordinates": [40.6762,-73.8736]}},
{"zip_code":"11222","country":"US","city":"Brooklyn","state":"New York","state_ab":"NY","county":"Kings","geo_location":{"type": "Point", "coordinates": [40.7272,-73.9498]}},
{"zip_code":"11235","country":"US","city":"Brooklyn","state":"New York","state_ab":"NY","county":"Kings","geo_location":{"type": "Point", "coordinates": [40.5839,-73.9536]}},
{"zip_code":"11248","country":"US","city":"Brooklyn","state":"New York","state_ab":"NY","county":"Kings","geo_location":{"type": "Point", "coordinates": [40.6451,-73.945]}},
{"zip_code":"13305","country":"US","city":"Beaver Falls","state":"New York","state_ab":"NY","county":"Lewis","geo_location":{"type": "Point", "coordinates": [43.8187,-75.4803]}},
{"zip_code":"13345","country":"US","city":"Greig","state":"New York","state_ab":"NY","county":"Lewis","geo_location":{"type": "Point", "coordinates": [43.6886,-75.3302]}},
{"zip_code":"13035","country":"US","city":"Cazenovia","state":"New York","state_ab":"NY","county":"Madison","geo_location":{"type": "Point", "coordinates": [42.938,-75.8392]}},
{"zip_code":"13408","country":"US","city":"Morrisville","state":"New York","state_ab":"NY","county":"Madison","geo_location":{"type": "Point", "coordinates": [42.9108,-75.6487]}},
{"zip_code":"14515","country":"US","city":"North Greece","state":"New York","state_ab":"NY","county":"Monroe","geo_location":{"type": "Point", "coordinates": [43.2578,-77.7351]}},
{"zip_code":"14605","country":"US","city":"Rochester","state":"New York","state_ab":"NY","county":"Monroe","geo_location":{"type": "Point", "coordinates": [43.1698,-77.6007]}},
{"zip_code":"14618","country":"US","city":"Rochester","state":"New York","state_ab":"NY","county":"Monroe","geo_location":{"type": "Point", "coordinates": [43.1122,-77.5618]}},
{"zip_code":"14645","country":"US","city":"Rochester","state":"New York","state_ab":"NY","county":"Monroe","geo_location":{"type": "Point", "coordinates": [43.286,-77.6843]}},
{"zip_code":"12072","country":"US","city":"Fultonville","state":"New York","state_ab":"NY","county":"Montgomery","geo_location":{"type": "Point", "coordinates": [42.9036,-74.3598]}},
{"zip_code":"11002","country":"US","city":"Floral Park","state":"New York","state_ab":"NY","county":"Nassau","geo_location":{"type": "Point", "coordinates": [40.7548,-73.6018]}},
{"zip_code":"11042","country":"US","city":"New Hyde Park","state":"New York","state_ab":"NY","county":"Nassau","geo_location":{"type": "Point", "coordinates": [40.7602,-73.695]}},
{"zip_code":"11055","country":"US","city":"Port Washington","state":"New York","state_ab":"NY","county":"Nassau","geo_location":{"type": "Point", "coordinates": [40.7548,-73.6018]}},
{"zip_code":"11518","country":"US","city":"East Rockaway","state":"New York","state_ab":"NY","county":"Nassau","geo_location":{"type": "Point", "coordinates": [40.6404,-73.6674]}},
{"zip_code":"11545","country":"US","city":"Glen Head","state":"New York","state_ab":"NY","county":"Nassau","geo_location":{"type": "Point", "coordinates": [40.8281,-73.6076]}},
{"zip_code":"11558","country":"US","city":"Island Park","state":"New York","state_ab":"NY","county":"Nassau","geo_location":{"type": "Point", "coordinates": [40.604,-73.6554]}},
{"zip_code":"11572","country":"US","city":"Oceanside","state":"New York","state_ab":"NY","county":"Nassau","geo_location":{"type": "Point", "coordinates": [40.6362,-73.6375]}},
{"zip_code":"11598","country":"US","city":"Woodmere","state":"New York","state_ab":"NY","county":"Nassau","geo_location":{"type": "Point", "coordinates": [40.6326,-73.7141]}},
{"zip_code":"11765","country":"US","city":"Mill Neck","state":"New York","state_ab":"NY","county":"Nassau","geo_location":{"type": "Point", "coordinates": [40.8857,-73.5526]}},
{"zip_code":"11802","country":"US","city":"Hicksville","state":"New York","state_ab":"NY","county":"Nassau","geo_location":{"type": "Point", "coordinates": [40.7548,-73.6018]}},
{"zip_code":"11815","country":"US","city":"Hicksville","state":"New York","state_ab":"NY","county":"Nassau","geo_location":{"type": "Point", "coordinates": [40.7548,-73.6018]}},
{"zip_code":"11855","country":"US","city":"Hicksville","state":"New York","state_ab":"NY","county":"Nassau","geo_location":{"type": "Point", "coordinates": [40.7548,-73.6018]}},
{"zip_code":"10012","country":"US","city":"New York City","state":"New York","state_ab":"NY","county":"New York","geo_location":{"type": "Point", "coordinates": [40.7255,-73.9983]}},
{"zip_code":"10025","country":"US","city":"New York City","state":"New York","state_ab":"NY","county":"New York","geo_location":{"type": "Point", "coordinates": [40.7975,-73.9683]}},
{"zip_code":"10038","country":"US","city":"New York City","state":"New York","state_ab":"NY","county":"New York","geo_location":{"type": "Point", "coordinates": [40.7101,-74.0013]}},
{"zip_code":"10065","country":"US","city":"New York City","state":"New York","state_ab":"NY","county":"New York","geo_location":{"type": "Point", "coordinates": [40.7651,-73.9638]}},
{"zip_code":"10102","country":"US","city":"New York City","state":"New York","state_ab":"NY","county":"New York","geo_location":{"type": "Point", "coordinates": [40.7808,-73.9772]}},
{"zip_code":"10115","country":"US","city":"New York City","state":"New York","state_ab":"NY","county":"New York","geo_location":{"type": "Point", "coordinates": [40.8111,-73.9642]}},
{"zip_code":"10128","country":"US","city":"New York City","state":"New York","state_ab":"NY","county":"New York","geo_location":{"type": "Point", "coordinates": [40.7816,-73.9511]}},
{"zip_code":"10155","country":"US","city":"New York City","state":"New York","state_ab":"NY","county":"New York","geo_location":{"type": "Point", "coordinates": [40.7611,-73.968]}},
{"zip_code":"10168","country":"US","city":"New York City","state":"New York","state_ab":"NY","county":"New York","geo_location":{"type": "Point", "coordinates": [40.7519,-73.9768]}},
{"zip_code":"10258","country":"US","city":"New York City","state":"New York","state_ab":"NY","county":"New York","geo_location":{"type": "Point", "coordinates": [40.7808,-73.9772]}},
{"zip_code":"10272","country":"US","city":"New York City","state":"New York","state_ab":"NY","county":"New York","geo_location":{"type": "Point", "coordinates": [40.7808,-73.9772]}},
{"zip_code":"10285","country":"US","city":"New York City","state":"New York","state_ab":"NY","county":"New York","geo_location":{"type": "Point", "coordinates": [40.7153,-74.0163]}},
{"zip_code":"14012","country":"US","city":"Barker","state":"New York","state_ab":"NY","county":"Niagara","geo_location":{"type": "Point", "coordinates": [43.3368,-78.542]}},
{"zip_code":"14092","country":"US","city":"Lewiston","state":"New York","state_ab":"NY","county":"Niagara","geo_location":{"type": "Point", "coordinates": [43.1722,-79.0215]}},
{"zip_code":"13318","country":"US","city":"Cassville","state":"New York","state_ab":"NY","county":"Oneida","geo_location":{"type": "Point", "coordinates": [42.9069,-75.2607]}},
{"zip_code":"49865","country":"US","city":"National Mine","state":"Michigan","state_ab":"MI","county":"Marquette","geo_location":{"type": "Point", "coordinates": [46.6041,-87.6148]}},
{"zip_code":"49812","country":"US","city":"Carney","state":"Michigan","state_ab":"MI","county":"Menominee","geo_location":{"type": "Point", "coordinates": [45.5917,-87.5439]}},
{"zip_code":"48628","country":"US","city":"Hope","state":"Michigan","state_ab":"MI","county":"Midland","geo_location":{"type": "Point", "coordinates": [43.7882,-84.3296]}},
{"zip_code":"48642","country":"US","city":"Midland","state":"Michigan","state_ab":"MI","county":"Midland","geo_location":{"type": "Point", "coordinates": [43.6375,-84.1979]}},
{"zip_code":"49632","country":"US","city":"Falmouth","state":"Michigan","state_ab":"MI","county":"Missaukee","geo_location":{"type": "Point", "coordinates": [44.2529,-85.017]}},
{"zip_code":"48888","country":"US","city":"Stanton","state":"Michigan","state_ab":"MI","county":"Montcalm","geo_location":{"type": "Point", "coordinates": [43.3058,-85.0995]}},
{"zip_code":"49322","country":"US","city":"Coral","state":"Michigan","state_ab":"MI","county":"Montcalm","geo_location":{"type": "Point", "coordinates": [43.3645,-85.3792]}},
{"zip_code":"49425","country":"US","city":"Holton","state":"Michigan","state_ab":"MI","county":"Muskegon","geo_location":{"type": "Point", "coordinates": [43.4415,-86.1509]}},
{"zip_code":"49412","country":"US","city":"Fremont","state":"Michigan","state_ab":"MI","county":"Newaygo","geo_location":{"type": "Point", "coordinates": [43.4652,-85.9626]}},
{"zip_code":"48075","country":"US","city":"Southfield","state":"Michigan","state_ab":"MI","county":"Oakland","geo_location":{"type": "Point", "coordinates": [42.4638,-83.2255]}},
{"zip_code":"48165","country":"US","city":"New Hudson","state":"Michigan","state_ab":"MI","county":"Oakland","geo_location":{"type": "Point", "coordinates": [42.5076,-83.6342]}},
{"zip_code":"48178","country":"US","city":"South Lyon","state":"Michigan","state_ab":"MI","county":"Oakland","geo_location":{"type": "Point", "coordinates": [42.4567,-83.659]}},
{"zip_code":"48332","country":"US","city":"Farmington","state":"Michigan","state_ab":"MI","county":"Oakland","geo_location":{"type": "Point", "coordinates": [42.6601,-83.3863]}},
{"zip_code":"48398","country":"US","city":"Clawson","state":"Michigan","state_ab":"MI","county":"Oakland","geo_location":{"type": "Point", "coordinates": [42.6601,-83.3863]}},
{"zip_code":"48462","country":"US","city":"Ortonville","state":"Michigan","state_ab":"MI","county":"Oakland","geo_location":{"type": "Point", "coordinates": [42.8409,-83.4288]}},
{"zip_code":"49452","country":"US","city":"Rothbury","state":"Michigan","state_ab":"MI","county":"Oceana","geo_location":{"type": "Point", "coordinates": [43.5116,-86.3446]}},
{"zip_code":"49735","country":"US","city":"Gaylord","state":"Michigan","state_ab":"MI","county":"Otsego","geo_location":{"type": "Point", "coordinates": [45.0125,-84.6723]}},
{"zip_code":"48602","country":"US","city":"Saginaw","state":"Michigan","state_ab":"MI","county":"Saginaw","geo_location":{"type": "Point", "coordinates": [43.4248,-83.9745]}},
{"zip_code":"48655","country":"US","city":"Saint Charles","state":"Michigan","state_ab":"MI","county":"Saginaw","geo_location":{"type": "Point", "coordinates": [43.2863,-84.1598]}},
{"zip_code":"48022","country":"US","city":"Emmett","state":"Michigan","state_ab":"MI","county":"St. Clair","geo_location":{"type": "Point", "coordinates": [42.9872,-82.7854]}},
{"zip_code":"48422","country":"US","city":"Croswell","state":"Michigan","state_ab":"MI","county":"Sanilac","geo_location":{"type": "Point", "coordinates": [43.2622,-82.6337]}},
{"zip_code":"48848","country":"US","city":"Laingsburg","state":"Michigan","state_ab":"MI","county":"Shiawassee","geo_location":{"type": "Point", "coordinates": [42.8627,-84.353]}},
{"zip_code":"48435","country":"US","city":"Fostoria","state":"Michigan","state_ab":"MI","county":"Tuscola","geo_location":{"type": "Point", "coordinates": [43.2645,-83.3796]}},
{"zip_code":"48758","country":"US","city":"Richville","state":"Michigan","state_ab":"MI","county":"Tuscola","geo_location":{"type": "Point", "coordinates": [43.4073,-83.6762]}},
{"zip_code":"49065","country":"US","city":"Lawton","state":"Michigan","state_ab":"MI","county":"Van Buren","geo_location":{"type": "Point", "coordinates": [42.1545,-85.829]}},
{"zip_code":"48112","country":"US","city":"Belleville","state":"Michigan","state_ab":"MI","county":"Wayne","geo_location":{"type": "Point", "coordinates": [42.2399,-83.1508]}},
{"zip_code":"48125","country":"US","city":"Dearborn Heights","state":"Michigan","state_ab":"MI","county":"Wayne","geo_location":{"type": "Point", "coordinates": [42.2768,-83.2606]}},
{"zip_code":"48138","country":"US","city":"Grosse Ile","state":"Michigan","state_ab":"MI","county":"Wayne","geo_location":{"type": "Point", "coordinates": [42.1352,-83.1561]}},
{"zip_code":"48152","country":"US","city":"Livonia","state":"Michigan","state_ab":"MI","county":"Wayne","geo_location":{"type": "Point", "coordinates": [42.4258,-83.3636]}},
{"zip_code":"48192","country":"US","city":"Wyandotte","state":"Michigan","state_ab":"MI","county":"Wayne","geo_location":{"type": "Point", "coordinates": [42.2084,-83.1616]}},
{"zip_code":"48202","country":"US","city":"Detroit","state":"Michigan","state_ab":"MI","county":"Wayne","geo_location":{"type": "Point", "coordinates": [42.377,-83.0796]}},
{"zip_code":"48215","country":"US","city":"Detroit","state":"Michigan","state_ab":"MI","county":"Wayne","geo_location":{"type": "Point", "coordinates": [42.3773,-82.9513]}},
{"zip_code":"48228","country":"US","city":"Detroit","state":"Michigan","state_ab":"MI","county":"Wayne","geo_location":{"type": "Point", "coordinates": [42.3547,-83.2168]}},
{"zip_code":"48242","country":"US","city":"Detroit","state":"Michigan","state_ab":"MI","county":"Wayne","geo_location":{"type": "Point", "coordinates": [42.2166,-83.3532]}},
{"zip_code":"48255","country":"US","city":"Detroit","state":"Michigan","state_ab":"MI","county":"Wayne","geo_location":{"type": "Point", "coordinates": [42.2399,-83.1508]}},
{"zip_code":"48268","country":"US","city":"Detroit","state":"Michigan","state_ab":"MI","county":"Wayne","geo_location":{"type": "Point", "coordinates": [42.2399,-83.1508]}},
{"zip_code":"48295","country":"US","city":"Detroit","state":"Michigan","state_ab":"MI","county":"Wayne","geo_location":{"type": "Point", "coordinates": [42.2399,-83.1508]}},
{"zip_code":"49618","country":"US","city":"Boon","state":"Michigan","state_ab":"MI","county":"Wexford","geo_location":{"type": "Point", "coordinates": [44.2916,-85.6144]}},
{"zip_code":"55752","country":"US","city":"Jacobson","state":"Minnesota","state_ab":"MN","county":"Aitkin","geo_location":{"type": "Point", "coordinates": [46.9772,-93.3064]}},
{"zip_code":"56575","country":"US","city":"Ponsford","state":"Minnesota","state_ab":"MN","county":"Becker","geo_location":{"type": "Point", "coordinates": [47.0133,-95.3197]}},
{"zip_code":"56678","country":"US","city":"Solway","state":"Minnesota","state_ab":"MN","county":"Beltrami","geo_location":{"type": "Point", "coordinates": [47.548,-95.1205]}},
{"zip_code":"56225","country":"US","city":"Clinton","state":"Minnesota","state_ab":"MN","county":"Big Stone","geo_location":{"type": "Point", "coordinates": [45.4577,-96.4182]}},
{"zip_code":"56278","country":"US","city":"Ortonville","state":"Minnesota","state_ab":"MN","county":"Big Stone","geo_location":{"type": "Point", "coordinates": [45.3296,-96.4596]}},
{"zip_code":"56085","country":"US","city":"Sleepy Eye","state":"Minnesota","state_ab":"MN","county":"Brown","geo_location":{"type": "Point", "coordinates": [44.2821,-94.7273]}},
{"zip_code":"56238","country":"US","city":"Evan","state":"Minnesota","state_ab":"MN","county":"Brown County","geo_location":{"type": "Point", "coordinates": [44.3511,-94.817]}},
{"zip_code":"55558","country":"US","city":"Young America","state":"Minnesota","state_ab":"MN","county":"Carver","geo_location":{"type": "Point", "coordinates": [44.8055,-93.7665]}},
{"zip_code":"56485","country":"US","city":"Whipholt","state":"Minnesota","state_ab":"MN","county":"Cass County","geo_location":{"type": "Point", "coordinates": [47.0262,-94.346]}},
{"zip_code":"56665","country":"US","city":"Pitt","state":"Minnesota","state_ab":"MN","county":"Cass County","geo_location":{"type": "Point", "coordinates": [48.783,-94.7283]}},
{"zip_code":"56265","country":"US","city":"Montevideo","state":"Minnesota","state_ab":"MN","county":"Chippewa","geo_location":{"type": "Point", "coordinates": [44.9688,-95.6765]}},
{"zip_code":"55002","country":"US","city":"Almelund","state":"Minnesota","state_ab":"MN","county":"Chisago","geo_location":{"type": "Point", "coordinates": [45.5134,-92.8942]}},
{"zip_code":"56562","country":"US","city":"Moorhead","state":"Minnesota","state_ab":"MN","county":"Clay","geo_location":{"type": "Point", "coordinates": [46.89,-96.5062]}},
{"zip_code":"56652","country":"US","city":"Leonard","state":"Minnesota","state_ab":"MN","county":"Clearwater","geo_location":{"type": "Point", "coordinates": [47.7334,-95.2481]}},
{"zip_code":"56472","country":"US","city":"Pequot Lakes","state":"Minnesota","state_ab":"MN","county":"Crow Wing","geo_location":{"type": "Point", "coordinates": [46.6257,-94.2684]}},
{"zip_code":"55068","country":"US","city":"Rosemount","state":"Minnesota","state_ab":"MN","county":"Dakota","geo_location":{"type": "Point", "coordinates": [44.7378,-93.0685]}},
{"zip_code":"55118","country":"US","city":"Saint Paul","state":"Minnesota","state_ab":"MN","county":"Dakota","geo_location":{"type": "Point", "coordinates": [44.8965,-93.1034]}},
{"zip_code":"55985","country":"US","city":"West Concord","state":"Minnesota","state_ab":"MN","county":"Dodge","geo_location":{"type": "Point", "coordinates": [44.152,-92.8825]}},
{"zip_code":"56315","country":"US","city":"Brandon","state":"Minnesota","state_ab":"MN","county":"Douglas","geo_location":{"type": "Point", "coordinates": [46.0039,-95.5788]}},
{"zip_code":"56355","country":"US","city":"Nelson","state":"Minnesota","state_ab":"MN","county":"Douglas","geo_location":{"type": "Point", "coordinates": [45.9356,-95.2398]}},
{"zip_code":"56098","country":"US","city":"Winnebago","state":"Minnesota","state_ab":"MN","county":"Faribault","geo_location":{"type": "Point", "coordinates": [43.7755,-94.1632]}},
{"zip_code":"56032","country":"US","city":"Freeborn","state":"Minnesota","state_ab":"MN","county":"Freeborn","geo_location":{"type": "Point", "coordinates": [43.7838,-93.5254]}},
{"zip_code":"56045","country":"US","city":"Hollandale","state":"Minnesota","state_ab":"MN","county":"Freeborn","geo_location":{"type": "Point", "coordinates": [43.7528,-93.168]}},
{"zip_code":"55392","country":"US","city":"Navarre","state":"Minnesota","state_ab":"MN","county":"Hennepin","geo_location":{"type": "Point", "coordinates": [45.0159,-93.4719]}},
{"zip_code":"55402","country":"US","city":"Minneapolis","state":"Minnesota","state_ab":"MN","county":"Hennepin","geo_location":{"type": "Point", "coordinates": [44.9762,-93.2759]}},
{"zip_code":"55415","country":"US","city":"Minneapolis","state":"Minnesota","state_ab":"MN","county":"Hennepin","geo_location":{"type": "Point", "coordinates": [44.9742,-93.2585]}},
{"zip_code":"55428","country":"US","city":"Minneapolis","state":"Minnesota","state_ab":"MN","county":"Hennepin","geo_location":{"type": "Point", "coordinates": [45.0632,-93.3811]}},
{"zip_code":"55442","country":"US","city":"Minneapolis","state":"Minnesota","state_ab":"MN","county":"Hennepin","geo_location":{"type": "Point", "coordinates": [45.0467,-93.431]}},
{"zip_code":"55455","country":"US","city":"Minneapolis","state":"Minnesota","state_ab":"MN","county":"Hennepin","geo_location":{"type": "Point", "coordinates": [44.9735,-93.2331]}},
{"zip_code":"55468","country":"US","city":"Minneapolis","state":"Minnesota","state_ab":"MN","county":"Hennepin","geo_location":{"type": "Point", "coordinates": [45.0159,-93.4719]}},
{"zip_code":"55572","country":"US","city":"Maple Plain","state":"Minnesota","state_ab":"MN","county":"Hennepin","geo_location":{"type": "Point", "coordinates": [45.0159,-93.4719]}},
{"zip_code":"55598","country":"US","city":"Loretto","state":"Minnesota","state_ab":"MN","county":"Hennepin","geo_location":{"type": "Point", "coordinates": [45.0159,-93.4719]}},
{"zip_code":"56458","country":"US","city":"Lake George","state":"Minnesota","state_ab":"MN","county":"Hubbard","geo_location":{"type": "Point", "coordinates": [47.215,-95.0021]}}]}