{"value": [{"zip_code":"10273","country":"US","city":"New York City","state":"New York","state_ab":"NY","county":"New York","geo_location":{"type": "Point", "coordinates": [40.7808,-73.9772]}},
{"zip_code":"10286","country":"US","city":"New York City","state":"New York","state_ab":"NY","county":"New York","geo_location":{"type": "Point", "coordinates": [40.7142,-74.0119]}},
{"zip_code":"13319","country":"US","city":"Chadwicks","state":"New York","state_ab":"NY","county":"Oneida","geo_location":{"type": "Point", "coordinates": [43.0226,-75.2656]}},
{"zip_code":"13449","country":"US","city":"Rome","state":"New York","state_ab":"NY","county":"Oneida","geo_location":{"type": "Point", "coordinates": [43.2393,-75.478]}},
{"zip_code":"13476","country":"US","city":"Vernon","state":"New York","state_ab":"NY","county":"Oneida","geo_location":{"type": "Point", "coordinates": [43.0945,-75.5627]}},
{"zip_code":"13490","country":"US","city":"Westmoreland","state":"New York","state_ab":"NY","county":"Oneida","geo_location":{"type": "Point", "coordinates": [43.1017,-75.4533]}},
{"zip_code":"13063","country":"US","city":"Fabius","state":"New York","state_ab":"NY","county":"Onondaga","geo_location":{"type": "Point", "coordinates": [42.8531,-75.9836]}},
{"zip_code":"13089","country":"US","city":"Liverpool","state":"New York","state_ab":"NY","county":"Onondaga","geo_location":{"type": "Point", "coordinates": [43.0214,-76.1977]}},
{"zip_code":"13090","country":"US","city":"Liverpool","state":"New York","state_ab":"NY","county":"Onondaga","geo_location":{"type": "Point", "coordinates": [43.1528,-76.2235]}},
{"zip_code":"13153","country":"US","city":"Skaneateles Falls","state":"New York","state_ab":"NY","county":"Onondaga","geo_location":{"type": "Point", "coordinates": [42.9911,-76.4511]}},
{"zip_code":"13203","country":"US","city":"Syracuse","state":"New York","state_ab":"NY","county":"Onondaga","geo_location":{"type": "Point", "coordinates": [43.0607,-76.1369]}},
{"zip_code":"14453","country":"US","city":"Fishers","state":"New York","state_ab":"NY","county":"Ontario","geo_location":{"type": "Point", "coordinates": [43.0109,-77.4705]}},
{"zip_code":"10916","country":"US","city":"Campbell Hall","state":"New York","state_ab":"NY","county":"Orange","geo_location":{"type": "Point", "coordinates": [41.443,-74.2505]}},
{"zip_code":"10930","country":"US","city":"Highland Mills","state":"New York","state_ab":"NY","county":"Orange","geo_location":{"type": "Point", "coordinates": [41.3536,-74.1197]}},
{"zip_code":"10943","country":"US","city":"Middletown","state":"New York","state_ab":"NY","county":"Orange","geo_location":{"type": "Point", "coordinates": [41.3878,-74.3547]}},
{"zip_code":"10969","country":"US","city":"Pine Island","state":"New York","state_ab":"NY","county":"Orange","geo_location":{"type": "Point", "coordinates": [41.2926,-74.4888]}},
{"zip_code":"10996","country":"US","city":"West Point","state":"New York","state_ab":"NY","county":"Orange","geo_location":{"type": "Point", "coordinates": [41.3945,-73.9737]}},
{"zip_code":"12549","country":"US","city":"Montgomery","state":"New York","state_ab":"NY","county":"Orange","geo_location":{"type": "Point", "coordinates": [41.5333,-74.2534]}},
{"zip_code":"12550","country":"US","city":"Newburgh","state":"New York","state_ab":"NY","county":"Orange","geo_location":{"type": "Point", "coordinates": [41.5372,-74.0526]}},
{"zip_code":"12729","country":"US","city":"Cuddebackville","state":"New York","state_ab":"NY","county":"Orange","geo_location":{"type": "Point", "coordinates": [41.4776,-74.5976]}},
{"zip_code":"14103","country":"US","city":"Medina","state":"New York","state_ab":"NY","county":"Orleans","geo_location":{"type": "Point", "coordinates": [43.2184,-78.3874]}},
{"zip_code":"14479","country":"US","city":"Knowlesville","state":"New York","state_ab":"NY","county":"Orleans","geo_location":{"type": "Point", "coordinates": [43.2363,-78.3138]}},
{"zip_code":"13036","country":"US","city":"Central Square","state":"New York","state_ab":"NY","county":"Oswego","geo_location":{"type": "Point", "coordinates": [43.309,-76.1849]}},
{"zip_code":"13076","country":"US","city":"Hastings","state":"New York","state_ab":"NY","county":"Oswego","geo_location":{"type": "Point", "coordinates": [43.3527,-76.1477]}},
{"zip_code":"13126","country":"US","city":"Oswego","state":"New York","state_ab":"NY","county":"Oswego","geo_location":{"type": "Point", "coordinates": [43.4394,-76.4613]}},
{"zip_code":"13320","country":"US","city":"Cherry Valley","state":"New York","state_ab":"NY","county":"Otsego","geo_location":{"type": "Point", "coordinates": [42.7823,-74.7444]}},
{"zip_code":"13333","country":"US","city":"East Springfield","state":"New York","state_ab":"NY","county":"Otsego","geo_location":{"type": "Point", "coordinates": [42.8336,-74.8233]}},
{"zip_code":"13450","country":"US","city":"Roseboom","state":"New York","state_ab":"NY","county":"Otsego","geo_location":{"type": "Point", "coordinates": [42.708,-74.8025]}},
{"zip_code":"13810","country":"US","city":"Mount Vision","state":"New York","state_ab":"NY","county":"Otsego","geo_location":{"type": "Point", "coordinates": [42.6068,-75.1264]}},
{"zip_code":"13849","country":"US","city":"Unadilla","state":"New York","state_ab":"NY","county":"Otsego","geo_location":{"type": "Point", "coordinates": [42.3252,-75.3366]}},
{"zip_code":"10516","country":"US","city":"Cold Spring","state":"New York","state_ab":"NY","county":"Putnam","geo_location":{"type": "Point", "coordinates": [41.4414,-73.9335]}},
{"zip_code":"12563","country":"US","city":"Patterson","state":"New York","state_ab":"NY","county":"Putnam","geo_location":{"type": "Point", "coordinates": [41.4888,-73.5815]}},
{"zip_code":"11106","country":"US","city":"Astoria","state":"New York","state_ab":"NY","county":"Queens","geo_location":{"type": "Point", "coordinates": [40.7608,-73.9295]}},
{"zip_code":"11120","country":"US","city":"Long Island City","state":"New York","state_ab":"NY","county":"Queens","geo_location":{"type": "Point", "coordinates": [40.6514,-73.8708]}},
{"zip_code":"11353","country":"US","city":"Flushing","state":"New York","state_ab":"NY","county":"Queens","geo_location":{"type": "Point", "coordinates": [40.6514,-73.8708]}},
{"zip_code":"11366","country":"US","city":"Fresh Meadows","state":"New York","state_ab":"NY","county":"Queens","geo_location":{"type": "Point", "coordinates": [40.7272,-73.7949]}},
{"zip_code":"11379","country":"US","city":"Middle Village","state":"New York","state_ab":"NY","county":"Queens","geo_location":{"type": "Point", "coordinates": [40.7173,-73.8792]}},
{"zip_code":"11380","country":"US","city":"Elmhurst","state":"New York","state_ab":"NY","county":"Queens","geo_location":{"type": "Point", "coordinates": [40.6514,-73.8708]}},
{"zip_code":"11416","country":"US","city":"Ozone Park","state":"New York","state_ab":"NY","county":"Queens","geo_location":{"type": "Point", "coordinates": [40.6838,-73.8514]}},
{"zip_code":"11429","country":"US","city":"Queens Village","state":"New York","state_ab":"NY","county":"Queens","geo_location":{"type": "Point", "coordinates": [40.709,-73.7401]}},
{"zip_code":"11430","country":"US","city":"Jamaica","state":"New York","state_ab":"NY","county":"Queens","geo_location":{"type": "Point", "coordinates": [40.6472,-73.7827]}},
{"zip_code":"11470","country":"US","city":"Jamaica","state":"New York","state_ab":"NY","county":"Queens County","geo_location":{"type": "Point", "coordinates": [40.6914,-73.8061]}},
{"zip_code":"11690","country":"US","city":"Far Rockaway","state":"New York","state_ab":"NY","county":"Queens","geo_location":{"type": "Point", "coordinates": [40.6514,-73.8708]}},
{"zip_code":"12033","country":"US","city":"Castleton On Hudson","state":"New York","state_ab":"NY","county":"Rensselaer","geo_location":{"type": "Point", "coordinates": [42.5376,-73.7071]}},
{"zip_code":"12123","country":"US","city":"Nassau","state":"New York","state_ab":"NY","county":"Rensselaer","geo_location":{"type": "Point", "coordinates": [42.5271,-73.6118]}},
{"zip_code":"10309","country":"US","city":"Staten Island","state":"New York","state_ab":"NY","county":"Richmond","geo_location":{"type": "Point", "coordinates": [40.5352,-74.2116]}},
{"zip_code":"10310","country":"US","city":"Staten Island","state":"New York","state_ab":"NY","county":"Richmond","geo_location":{"type": "Point", "coordinates": [40.6324,-74.1171]}},
{"zip_code":"10956","country":"US","city":"New City","state":"New York","state_ab":"NY","county":"Rockland","geo_location":{"type": "Point", "coordinates": [41.1472,-73.9962]}},
{"zip_code":"10970","country":"US","city":"Pomona","state":"New York","state_ab":"NY","county":"Rockland","geo_location":{"type": "Point", "coordinates": [41.1901,-74.0436]}},
{"zip_code":"10983","country":"US","city":"Tappan","state":"New York","state_ab":"NY","county":"Rockland","geo_location":{"type": "Point", "coordinates": [41.0278,-73.9491]}},
{"zip_code":"12949","country":"US","city":"Lawrenceville","state":"New York","state_ab":"NY","county":"St. Lawrence","geo_location":{"type": "Point", "coordinates": [44.7469,-74.6604]}},
{"zip_code":"13630","country":"US","city":"De Kalb Junction","state":"New York","state_ab":"NY","county":"St. Lawrence","geo_location":{"type": "Point", "coordinates": [44.4896,-75.2871]}},
{"zip_code":"13669","country":"US","city":"Ogdensburg","state":"New York","state_ab":"NY","county":"St. Lawrence","geo_location":{"type": "Point", "coordinates": [44.6902,-75.4774]}},
{"zip_code":"13670","country":"US","city":"Oswegatchie","state":"New York","state_ab":"NY","county":"St. Lawrence","geo_location":{"type": "Point", "coordinates": [44.1933,-75.0659]}},
{"zip_code":"13683","country":"US","city":"Rooseveltown","state":"New York","state_ab":"NY","county":"St. Lawrence","geo_location":{"type": "Point", "coordinates": [44.5331,-75.1929]}},
{"zip_code":"13696","country":"US","city":"West Stockholm","state":"New York","state_ab":"NY","county":"St. Lawrence","geo_location":{"type": "Point", "coordinates": [44.6956,-74.9]}},
{"zip_code":"12019","country":"US","city":"Ballston Lake","state":"New York","state_ab":"NY","county":"Saratoga","geo_location":{"type": "Point", "coordinates": [42.9192,-73.8552]}},
{"zip_code":"12020","country":"US","city":"Ballston Spa","state":"New York","state_ab":"NY","county":"Saratoga","geo_location":{"type": "Point", "coordinates": [43.005,-73.8486]}},
{"zip_code":"12833","country":"US","city":"Greenfield Center","state":"New York","state_ab":"NY","county":"Saratoga","geo_location":{"type": "Point", "coordinates": [43.1401,-73.8398]}},
{"zip_code":"12859","country":"US","city":"Porter Corners","state":"New York","state_ab":"NY","county":"Saratoga","geo_location":{"type": "Point", "coordinates": [43.1724,-73.8839]}},
{"zip_code":"12150","country":"US","city":"Rotterdam Junction","state":"New York","state_ab":"NY","county":"Schenectady","geo_location":{"type": "Point", "coordinates": [42.87,-74.0501]}},
{"zip_code":"12303","country":"US","city":"Schenectady","state":"New York","state_ab":"NY","county":"Schenectady","geo_location":{"type": "Point", "coordinates": [42.7823,-73.9448]}},
{"zip_code":"12073","country":"US","city":"Gallupville","state":"New York","state_ab":"NY","county":"Schoharie","geo_location":{"type": "Point", "coordinates": [42.5923,-74.4381]}},
{"zip_code":"12149","country":"US","city":"Richmondville","state":"New York","state_ab":"NY","county":"Schoharie","geo_location":{"type": "Point", "coordinates": [42.6424,-74.571]}},
{"zip_code":"14893","country":"US","city":"Wayne","state":"New York","state_ab":"NY","county":"Schuyler","geo_location":{"type": "Point", "coordinates": [42.4741,-77.0977]}},
{"zip_code":"14529","country":"US","city":"Perkinsville","state":"New York","state_ab":"NY","county":"Steuben","geo_location":{"type": "Point", "coordinates": [42.5354,-77.6289]}},
{"zip_code":"14826","country":"US","city":"Cohocton","state":"New York","state_ab":"NY","county":"Steuben","geo_location":{"type": "Point", "coordinates": [42.5003,-77.4998]}},
{"zip_code":"14839","country":"US","city":"Greenwood","state":"New York","state_ab":"NY","county":"Steuben","geo_location":{"type": "Point", "coordinates": [42.1398,-77.636]}},
{"zip_code":"14840","country":"US","city":"Hammondsport","state":"New York","state_ab":"NY","county":"Steuben","geo_location":{"type": "Point", "coordinates": [42.4312,-77.1977]}},
{"zip_code":"14879","country":"US","city":"Savona","state":"New York","state_ab":"NY","county":"Steuben","geo_location":{"type": "Point", "coordinates": [42.3041,-77.2083]}},
{"zip_code":"11713","country":"US","city":"Bellport","state":"New York","state_ab":"NY","county":"Suffolk","geo_location":{"type": "Point", "coordinates": [40.7733,-72.9469]}},
{"zip_code":"11726","country":"US","city":"Copiague","state":"New York","state_ab":"NY","county":"Suffolk","geo_location":{"type": "Point", "coordinates": [40.6778,-73.3963]}},
{"zip_code":"11739","country":"US","city":"Great River","state":"New York","state_ab":"NY","county":"Suffolk","geo_location":{"type": "Point", "coordinates": [40.7297,-73.1607]}},
{"zip_code":"11740","country":"US","city":"Greenlawn","state":"New York","state_ab":"NY","county":"Suffolk","geo_location":{"type": "Point", "coordinates": [40.8621,-73.3646]}},
{"zip_code":"11766","country":"US","city":"Mount Sinai","state":"New York","state_ab":"NY","county":"Suffolk","geo_location":{"type": "Point", "coordinates": [40.9271,-73.0127]}},
{"zip_code":"11779","country":"US","city":"Ronkonkoma","state":"New York","state_ab":"NY","county":"Suffolk","geo_location":{"type": "Point", "coordinates": [40.8083,-73.1305]}},
{"zip_code":"11780","country":"US","city":"Saint James","state":"New York","state_ab":"NY","county":"Suffolk","geo_location":{"type": "Point", "coordinates": [40.8813,-73.1591]}},
{"zip_code":"11933","country":"US","city":"Calverton","state":"New York","state_ab":"NY","county":"Suffolk","geo_location":{"type": "Point", "coordinates": [40.9297,-72.7423]}},
{"zip_code":"11946","country":"US","city":"Hampton Bays","state":"New York","state_ab":"NY","county":"Suffolk","geo_location":{"type": "Point", "coordinates": [40.8726,-72.5202]}},
{"zip_code":"11959","country":"US","city":"Quogue","state":"New York","state_ab":"NY","county":"Suffolk","geo_location":{"type": "Point", "coordinates": [40.8226,-72.6012]}},
{"zip_code":"11960","country":"US","city":"Remsenburg","state":"New York","state_ab":"NY","county":"Suffolk","geo_location":{"type": "Point", "coordinates": [40.8086,-72.7064]}},
{"zip_code":"11973","country":"US","city":"Upton","state":"New York","state_ab":"NY","county":"Suffolk","geo_location":{"type": "Point", "coordinates": [40.8678,-72.8822]}},
{"zip_code":"12743","country":"US","city":"Highland Lake","state":"New York","state_ab":"NY","county":"Sullivan","geo_location":{"type": "Point", "coordinates": [41.5309,-74.8516]}},
{"zip_code":"12769","country":"US","city":"Phillipsport","state":"New York","state_ab":"NY","county":"Sullivan","geo_location":{"type": "Point", "coordinates": [41.6515,-74.4362]}},
{"zip_code":"12770","country":"US","city":"Pond Eddy","state":"New York","state_ab":"NY","county":"Sullivan","geo_location":{"type": "Point", "coordinates": [41.4511,-74.841]}},
{"zip_code":"12783","country":"US","city":"Swan Lake","state":"New York","state_ab":"NY","county":"Sullivan","geo_location":{"type": "Point", "coordinates": [41.7285,-74.8341]}},
{"zip_code":"14853","country":"US","city":"Ithaca","state":"New York","state_ab":"NY","county":"Tompkins","geo_location":{"type": "Point", "coordinates": [42.4474,-76.4837]}},
{"zip_code":"12419","country":"US","city":"Cottekill","state":"New York","state_ab":"NY","county":"Ulster","geo_location":{"type": "Point", "coordinates": [41.8467,-74.1038]}},
{"zip_code":"12420","country":"US","city":"Cragsmoor","state":"New York","state_ab":"NY","county":"Ulster","geo_location":{"type": "Point", "coordinates": [41.6698,-74.3801]}},
{"zip_code":"12433","country":"US","city":"Glenford","state":"New York","state_ab":"NY","county":"Ulster","geo_location":{"type": "Point", "coordinates": [42.0053,-74.1532]}},
{"zip_code":"12446","country":"US","city":"Kerhonkson","state":"New York","state_ab":"NY","county":"Ulster","geo_location":{"type": "Point", "coordinates": [41.7939,-74.3035]}},
{"zip_code":"12486","country":"US","city":"Tillson","state":"New York","state_ab":"NY","county":"Ulster","geo_location":{"type": "Point", "coordinates": [41.8338,-74.0626]}},
{"zip_code":"12589","country":"US","city":"Wallkill","state":"New York","state_ab":"NY","county":"Ulster","geo_location":{"type": "Point", "coordinates": [41.616,-74.1439]}},
{"zip_code":"12820","country":"US","city":"Cleverdale","state":"New York","state_ab":"NY","county":"Warren","geo_location":{"type": "Point", "coordinates": [43.4718,-73.6393]}},
{"zip_code":"12846","country":"US","city":"Lake Luzerne","state":"New York","state_ab":"NY","county":"Warren","geo_location":{"type": "Point", "coordinates": [43.3165,-73.8228]}},
{"zip_code":"12860","country":"US","city":"Pottersville","state":"New York","state_ab":"NY","county":"Warren","geo_location":{"type": "Point", "coordinates": [43.5928,-73.7844]}},
{"zip_code":"12886","country":"US","city":"Wevertown","state":"New York","state_ab":"NY","county":"Warren","geo_location":{"type": "Point", "coordinates": [43.6313,-73.9364]}},
{"zip_code":"12819","country":"US","city":"Clemons","state":"New York","state_ab":"NY","county":"Washington","geo_location":{"type": "Point", "coordinates": [43.6435,-73.4326]}},
{"zip_code":"12873","country":"US","city":"Shushan","state":"New York","state_ab":"NY","county":"Washington","geo_location":{"type": "Point", "coordinates": [43.1106,-73.3231]}},
{"zip_code":"14413","country":"US","city":"Alton","state":"New York","state_ab":"NY","county":"Wayne","geo_location":{"type": "Point", "coordinates": [43.2227,-76.9821]}},
{"zip_code":"14516","country":"US","city":"North Rose","state":"New York","state_ab":"NY","county":"Wayne","geo_location":{"type": "Point", "coordinates": [43.1964,-76.9152]}},
{"zip_code":"10503","country":"US","city":"Ardsley On Hudson","state":"New York","state_ab":"NY","county":"Westchester","geo_location":{"type": "Point", "coordinates": [41.0259,-73.8718]}},
{"zip_code":"10530","country":"US","city":"Hartsdale","state":"New York","state_ab":"NY","county":"Westchester","geo_location":{"type": "Point", "coordinates": [41.0197,-73.8074]}},
{"zip_code":"10543","country":"US","city":"Mamaroneck","state":"New York","state_ab":"NY","county":"Westchester","geo_location":{"type": "Point", "coordinates": [40.9525,-73.735]}},
{"zip_code":"10570","country":"US","city":"Pleasantville","state":"New York","state_ab":"NY","county":"Westchester","geo_location":{"type": "Point", "coordinates": [41.135,-73.7845]}},
{"zip_code":"10583","country":"US","city":"Scarsdale","state":"New York","state_ab":"NY","county":"Westchester","geo_location":{"type": "Point", "coordinates": [40.9927,-73.7995]}},
{"zip_code":"10596","country":"US","city":"Verplanck","state":"New York","state_ab":"NY","county":"Westchester","geo_location":{"type": "Point", "coordinates": [41.2548,-73.9587]}},
{"zip_code":"10606","country":"US","city":"White Plains","state":"New York","state_ab":"NY","county":"Westchester","geo_location":{"type": "Point", "coordinates": [41.0247,-73.7781]}},
{"zip_code":"10633","country":"US","city":"White Plains","state":"New York","state_ab":"NY","county":"Westchester","geo_location":{"type": "Point", "coordinates": [41.119,-73.733]}},
{"zip_code":"28430","country":"US","city":"Cerro Gordo","state":"North Carolina","state_ab":"NC","county":"Columbus","geo_location":{"type": "Point", "coordinates": [34.3025,-78.9216]}},
{"zip_code":"28456","country":"US","city":"Riegelwood","state":"North Carolina","state_ab":"NC","county":"Columbus","geo_location":{"type": "Point", "coordinates": [34.3471,-78.2575]}},
{"zip_code":"28519","country":"US","city":"Bridgeton","state":"North Carolina","state_ab":"NC","county":"Craven","geo_location":{"type": "Point", "coordinates": [35.1295,-77.02]}},
{"zip_code":"28533","country":"US","city":"Cherry Point","state":"North Carolina","state_ab":"NC","county":"Craven","geo_location":{"type": "Point", "coordinates": [34.9038,-76.9]}},
{"zip_code":"28560","country":"US","city":"New Bern","state":"North Carolina","state_ab":"NC","county":"Craven","geo_location":{"type": "Point", "coordinates": [35.1204,-76.9842]}},
{"zip_code":"28586","country":"US","city":"Vanceboro","state":"North Carolina","state_ab":"NC","county":"Craven","geo_location":{"type": "Point", "coordinates": [35.3063,-77.1716]}},
{"zip_code":"27916","country":"US","city":"Aydlett","state":"North Carolina","state_ab":"NC","county":"Currituck","geo_location":{"type": "Point", "coordinates": [36.3045,-75.9029]}},
{"zip_code":"27929","country":"US","city":"Currituck","state":"North Carolina","state_ab":"NC","county":"Currituck","geo_location":{"type": "Point", "coordinates": [36.4398,-76.0055]}},
{"zip_code":"27956","country":"US","city":"Maple","state":"North Carolina","state_ab":"NC","county":"Currituck","geo_location":{"type": "Point", "coordinates": [36.3987,-76.0039]}},
{"zip_code":"27943","country":"US","city":"Hatteras","state":"North Carolina","state_ab":"NC","county":"Dare","geo_location":{"type": "Point", "coordinates": [35.6928,-75.7138]}},
{"zip_code":"27299","country":"US","city":"Linwood","state":"North Carolina","state_ab":"NC","county":"Davidson","geo_location":{"type": "Point", "coordinates": [35.7562,-80.3749]}},
{"zip_code":"27503","country":"US","city":"Bahama","state":"North Carolina","state_ab":"NC","county":"Durham","geo_location":{"type": "Point", "coordinates": [36.1566,-78.8903]}},
{"zip_code":"27709","country":"US","city":"Durham","state":"North Carolina","state_ab":"NC","county":"Durham","geo_location":{"type": "Point", "coordinates": [36.0512,-78.8577]}},
{"zip_code":"27710","country":"US","city":"Durham","state":"North Carolina","state_ab":"NC","county":"Durham","geo_location":{"type": "Point", "coordinates": [36.0512,-78.8577]}},
{"zip_code":"27040","country":"US","city":"Pfafftown","state":"North Carolina","state_ab":"NC","county":"Forsyth","geo_location":{"type": "Point", "coordinates": [36.1669,-80.3798]}},
{"zip_code":"27103","country":"US","city":"Winston Salem","state":"North Carolina","state_ab":"NC","county":"Forsyth","geo_location":{"type": "Point", "coordinates": [36.0671,-80.3025]}},
{"zip_code":"27116","country":"US","city":"Winston Salem","state":"North Carolina","state_ab":"NC","county":"Forsyth","geo_location":{"type": "Point", "coordinates": [36.0275,-80.2073]}},
{"zip_code":"27130","country":"US","city":"Winston Salem","state":"North Carolina","state_ab":"NC","county":"Forsyth","geo_location":{"type": "Point", "coordinates": [36.0275,-80.2073]}},
{"zip_code":"27156","country":"US","city":"Winston Salem","state":"North Carolina","state_ab":"NC","county":"Forsyth","geo_location":{"type": "Point", "coordinates": [36.0275,-80.2073]}},
{"zip_code":"27596","country":"US","city":"Youngsville","state":"North Carolina","state_ab":"NC","county":"Franklin","geo_location":{"type": "Point", "coordinates": [36.0078,-78.4412]}},
{"zip_code":"28016","country":"US","city":"Bessemer City","state":"North Carolina","state_ab":"NC","county":"Gaston","geo_location":{"type": "Point", "coordinates": [35.2849,-81.2863]}},
{"zip_code":"28056","country":"US","city":"Gastonia","state":"North Carolina","state_ab":"NC","county":"Gaston","geo_location":{"type": "Point", "coordinates": [35.2172,-81.1252]}},
{"zip_code":"28120","country":"US","city":"Mount Holly","state":"North Carolina","state_ab":"NC","county":"Gaston","geo_location":{"type": "Point", "coordinates": [35.3119,-81.0306]}},
{"zip_code":"27969","country":"US","city":"Roduco","state":"North Carolina","state_ab":"NC","county":"Gates","geo_location":{"type": "Point", "coordinates": [36.4242,-76.7021]}},
{"zip_code":"28780","country":"US","city":"Tapoco","state":"North Carolina","state_ab":"NC","county":"Graham County","geo_location":{"type": "Point", "coordinates": [35.4425,-83.8996]}},
{"zip_code":"27233","country":"US","city":"Climax","state":"North Carolina","state_ab":"NC","county":"Guilford","geo_location":{"type": "Point", "coordinates": [35.9345,-79.7019]}},
{"zip_code":"27260","country":"US","city":"High Point","state":"North Carolina","state_ab":"NC","county":"Guilford","geo_location":{"type": "Point", "coordinates": [35.954,-79.9884]}},
{"zip_code":"27310","country":"US","city":"Oak Ridge","state":"North Carolina","state_ab":"NC","county":"Guilford","geo_location":{"type": "Point", "coordinates": [36.1673,-79.9804]}},
{"zip_code":"27413","country":"US","city":"Greensboro","state":"North Carolina","state_ab":"NC","county":"Guilford","geo_location":{"type": "Point", "coordinates": [36.0807,-80.0244]}},
{"zip_code":"27480","country":"US","city":"Greensboro","state":"North Carolina","state_ab":"NC","county":"Guilford","geo_location":{"type": "Point", "coordinates": [36.0807,-80.0244]}},
{"zip_code":"27839","country":"US","city":"Halifax","state":"North Carolina","state_ab":"NC","county":"Halifax","geo_location":{"type": "Point", "coordinates": [36.3049,-77.5607]}},
{"zip_code":"27543","country":"US","city":"Kipling","state":"North Carolina","state_ab":"NC","county":"Harnett","geo_location":{"type": "Point", "coordinates": [35.4298,-78.8824]}},
{"zip_code":"28339","country":"US","city":"Erwin","state":"North Carolina","state_ab":"NC","county":"Harnett","geo_location":{"type": "Point", "coordinates": [35.3287,-78.6859]}},
{"zip_code":"28726","country":"US","city":"East Flat Rock","state":"North Carolina","state_ab":"NC","county":"Henderson","geo_location":{"type": "Point", "coordinates": [35.2799,-82.4204]}},
{"zip_code":"28739","country":"US","city":"Hendersonville","state":"North Carolina","state_ab":"NC","county":"Henderson","geo_location":{"type": "Point", "coordinates": [35.3192,-82.5]}},
{"zip_code":"28793","country":"US","city":"Hendersonville","state":"North Carolina","state_ab":"NC","county":"Henderson","geo_location":{"type": "Point", "coordinates": [35.2927,-82.5036]}},
{"zip_code":"27826","country":"US","city":"Fairfield","state":"North Carolina","state_ab":"NC","county":"Hyde","geo_location":{"type": "Point", "coordinates": [35.5659,-76.2318]}},
{"zip_code":"28689","country":"US","city":"Union Grove","state":"North Carolina","state_ab":"NC","county":"Iredell","geo_location":{"type": "Point", "coordinates": [36.0369,-80.8967]}},
{"zip_code":"28779","country":"US","city":"Sylva","state":"North Carolina","state_ab":"NC","county":"Jackson","geo_location":{"type": "Point", "coordinates": [35.3481,-83.2031]}},
{"zip_code":"27569","country":"US","city":"Princeton","state":"North Carolina","state_ab":"NC","county":"Johnston","geo_location":{"type": "Point", "coordinates": [35.4558,-78.1674]}},
{"zip_code":"28573","country":"US","city":"Pollocksville","state":"North Carolina","state_ab":"NC","county":"Jones","geo_location":{"type": "Point", "coordinates": [35.0151,-77.2287]}},
{"zip_code":"28753","country":"US","city":"Marshall","state":"North Carolina","state_ab":"NC","county":"Madison","geo_location":{"type": "Point", "coordinates": [35.8597,-82.7105]}},
{"zip_code":"27840","country":"US","city":"Hamilton","state":"North Carolina","state_ab":"NC","county":"Martin","geo_location":{"type": "Point", "coordinates": [35.9632,-77.2236]}},
{"zip_code":"28070","country":"US","city":"Huntersville","state":"North Carolina","state_ab":"NC","county":"Mecklenburg","geo_location":{"type": "Point", "coordinates": [35.4622,-80.8987]}},
{"zip_code":"28106","country":"US","city":"Matthews","state":"North Carolina","state_ab":"NC","county":"Mecklenburg","geo_location":{"type": "Point", "coordinates": [35.26,-80.8042]}},
{"zip_code":"28209","country":"US","city":"Charlotte","state":"North Carolina","state_ab":"NC","county":"Mecklenburg","geo_location":{"type": "Point", "coordinates": [35.1796,-80.8559]}},
{"zip_code":"28210","country":"US","city":"Charlotte","state":"North Carolina","state_ab":"NC","county":"Mecklenburg","geo_location":{"type": "Point", "coordinates": [35.1316,-80.8577]}},
{"zip_code":"28223","country":"US","city":"Charlotte","state":"North Carolina","state_ab":"NC","county":"Mecklenburg","geo_location":{"type": "Point", "coordinates": [35.3041,-80.7267]}},
{"zip_code":"28236","country":"US","city":"Charlotte","state":"North Carolina","state_ab":"NC","county":"Mecklenburg","geo_location":{"type": "Point", "coordinates": [35.26,-80.8042]}},
{"zip_code":"28250","country":"US","city":"Charlotte","state":"North Carolina","state_ab":"NC","county":"Mecklenburg","geo_location":{"type": "Point", "coordinates": [35.26,-80.8042]}},
{"zip_code":"28263","country":"US","city":"Charlotte","state":"North Carolina","state_ab":"NC","county":"Mecklenburg County","geo_location":{"type": "Point", "coordinates": [35.2268,-80.8432]}},
{"zip_code":"28289","country":"US","city":"Charlotte","state":"North Carolina","state_ab":"NC","county":"Mecklenburg","geo_location":{"type": "Point", "coordinates": [35.26,-80.8042]}},
{"zip_code":"28290","country":"US","city":"Charlotte","state":"North Carolina","state_ab":"NC","county":"Mecklenburg","geo_location":{"type": "Point", "coordinates": [35.26,-80.8042]}},
{"zip_code":"27259","country":"US","city":"Highfalls","state":"North Carolina","state_ab":"NC","county":"Moore","geo_location":{"type": "Point", "coordinates": [35.4921,-79.479]}},
{"zip_code":"27376","country":"US","city":"West End","state":"North Carolina","state_ab":"NC","county":"Moore","geo_location":{"type": "Point", "coordinates": [35.2512,-79.536]}},
{"zip_code":"28326","country":"US","city":"Cameron","state":"North Carolina","state_ab":"NC","county":"Moore","geo_location":{"type": "Point", "coordinates": [35.3106,-79.3472]}},
{"zip_code":"28403","country":"US","city":"Wilmington","state":"North Carolina","state_ab":"NC","county":"New Hanover","geo_location":{"type": "Point", "coordinates": [34.2237,-77.8862]}},
{"zip_code":"28429","country":"US","city":"Castle Hayne","state":"North Carolina","state_ab":"NC","county":"New Hanover","geo_location":{"type": "Point", "coordinates": [34.3236,-77.9108]}},
{"zip_code":"27853","country":"US","city":"Margarettsville","state":"North Carolina","state_ab":"NC","county":"Northampton","geo_location":{"type": "Point", "coordinates": [36.5245,-77.326]}},
{"zip_code":"27866","country":"US","city":"Pleasant Hill","state":"North Carolina","state_ab":"NC","county":"Northampton","geo_location":{"type": "Point", "coordinates": [36.5212,-77.5192]}},
{"zip_code":"28546","country":"US","city":"Jacksonville","state":"North Carolina","state_ab":"NC","county":"Onslow","geo_location":{"type": "Point", "coordinates": [34.774,-77.3781]}},
{"zip_code":"27516","country":"US","city":"Chapel Hill","state":"North Carolina","state_ab":"NC","county":"Orange","geo_location":{"type": "Point", "coordinates": [35.9162,-79.0999]}},
{"zip_code":"28443","country":"US","city":"Hampstead","state":"North Carolina","state_ab":"NC","county":"Pender","geo_location":{"type": "Point", "coordinates": [34.3879,-77.6628]}},
{"zip_code":"27930","country":"US","city":"Durants Neck","state":"North Carolina","state_ab":"NC","county":"Perquimans","geo_location":{"type": "Point", "coordinates": [36.1985,-76.3739]}},
{"zip_code":"27583","country":"US","city":"Timberlake","state":"North Carolina","state_ab":"NC","county":"Person","geo_location":{"type": "Point", "coordinates": [36.2918,-78.9353]}},
{"zip_code":"27879","country":"US","city":"Simpson","state":"North Carolina","state_ab":"NC","county":"Pitt","geo_location":{"type": "Point", "coordinates": [35.5675,-77.2802]}},
{"zip_code":"27350","country":"US","city":"Sophia","state":"North Carolina","state_ab":"NC","county":"Randolph","geo_location":{"type": "Point", "coordinates": [35.8298,-79.8986]}},
{"zip_code":"28379","country":"US","city":"Rockingham","state":"North Carolina","state_ab":"NC","county":"Richmond","geo_location":{"type": "Point", "coordinates": [34.9336,-79.7666]}},
{"zip_code":"28380","country":"US","city":"Rockingham","state":"North Carolina","state_ab":"NC","county":"Richmond","geo_location":{"type": "Point", "coordinates": [34.9942,-79.7673]}},
{"zip_code":"28340","country":"US","city":"Fairmont","state":"North Carolina","state_ab":"NC","county":"Robeson","geo_location":{"type": "Point", "coordinates": [34.472,-79.1407]}},
{"zip_code":"27323","country":"US","city":"Reidsville","state":"North Carolina","state_ab":"NC","county":"Rockingham","geo_location":{"type": "Point", "coordinates": [36.3921,-79.7731]}},
{"zip_code":"27013","country":"US","city":"Cleveland","state":"North Carolina","state_ab":"NC","county":"Rowan","geo_location":{"type": "Point", "coordinates": [35.7374,-80.7113]}},
{"zip_code":"28146","country":"US","city":"Salisbury","state":"North Carolina","state_ab":"NC","county":"Rowan","geo_location":{"type": "Point", "coordinates": [35.6187,-80.4022]}},
{"zip_code":"28159","country":"US","city":"Spencer","state":"North Carolina","state_ab":"NC","county":"Rowan","geo_location":{"type": "Point", "coordinates": [35.6917,-80.4327]}},
{"zip_code":"28043","country":"US","city":"Forest City","state":"North Carolina","state_ab":"NC","county":"Rutherford","geo_location":{"type": "Point", "coordinates": [35.325,-81.846]}},
{"zip_code":"28160","country":"US","city":"Spindale","state":"North Carolina","state_ab":"NC","county":"Rutherford","geo_location":{"type": "Point", "coordinates": [35.3601,-81.9251]}},
{"zip_code":"28366","country":"US","city":"Newton Grove","state":"North Carolina","state_ab":"NC","county":"Sampson","geo_location":{"type": "Point", "coordinates": [35.2301,-78.3594]}},
{"zip_code":"28393","country":"US","city":"Turkey","state":"North Carolina","state_ab":"NC","county":"Sampson","geo_location":{"type": "Point", "coordinates": [34.9857,-78.2121]}},
{"zip_code":"28353","country":"US","city":"Laurinburg","state":"North Carolina","state_ab":"NC","county":"Scotland","geo_location":{"type": "Point", "coordinates": [34.7818,-79.4824]}},
{"zip_code":"27053","country":"US","city":"Westfield","state":"North Carolina","state_ab":"NC","county":"Surry","geo_location":{"type": "Point", "coordinates": [36.4674,-80.3677]}},
{"zip_code":"28676","country":"US","city":"State Road","state":"North Carolina","state_ab":"NC","county":"Surry","geo_location":{"type": "Point", "coordinates": [36.3422,-80.8653]}},
{"zip_code":"28713","country":"US","city":"Bryson City","state":"North Carolina","state_ab":"NC","county":"Swain","geo_location":{"type": "Point", "coordinates": [35.4241,-83.4392]}},
{"zip_code":"28766","country":"US","city":"Penrose","state":"North Carolina","state_ab":"NC","county":"Transylvania","geo_location":{"type": "Point", "coordinates": [35.2524,-82.6222]}},
{"zip_code":"28173","country":"US","city":"Waxhaw","state":"North Carolina","state_ab":"NC","county":"Union","geo_location":{"type": "Point", "coordinates": [34.9251,-80.7278]}},
{"zip_code":"27556","country":"US","city":"Middleburg","state":"North Carolina","state_ab":"NC","county":"Vance","geo_location":{"type": "Point", "coordinates": [36.4135,-78.3275]}},
{"zip_code":"27529","country":"US","city":"Garner","state":"North Carolina","state_ab":"NC","county":"Wake","geo_location":{"type": "Point", "coordinates": [35.6813,-78.5975]}},
{"zip_code":"27606","country":"US","city":"Raleigh","state":"North Carolina","state_ab":"NC","county":"Wake","geo_location":{"type": "Point", "coordinates": [35.7645,-78.7112]}},
{"zip_code":"27619","country":"US","city":"Raleigh","state":"North Carolina","state_ab":"NC","county":"Wake","geo_location":{"type": "Point", "coordinates": [35.8515,-78.6314]}},
{"zip_code":"27620","country":"US","city":"Raleigh","state":"North Carolina","state_ab":"NC","county":"Wake","geo_location":{"type": "Point", "coordinates": [35.7977,-78.6253]}},
{"zip_code":"27699","country":"US","city":"Raleigh","state":"North Carolina","state_ab":"NC","county":"Wake","geo_location":{"type": "Point", "coordinates": [35.7977,-78.6253]}},
{"zip_code":"27570","country":"US","city":"Ridgeway","state":"North Carolina","state_ab":"NC","county":"Warren","geo_location":{"type": "Point", "coordinates": [36.3737,-78.1109]}},
{"zip_code":"27970","country":"US","city":"Roper","state":"North Carolina","state_ab":"NC","county":"Washington","geo_location":{"type": "Point", "coordinates": [35.8994,-76.5809]}},
{"zip_code":"27530","country":"US","city":"Goldsboro","state":"North Carolina","state_ab":"NC","county":"Wayne","geo_location":{"type": "Point", "coordinates": [35.3683,-78.0929]}},
{"zip_code":"28649","country":"US","city":"Mc Grady","state":"North Carolina","state_ab":"NC","county":"Wilkes","geo_location":{"type": "Point", "coordinates": [36.3103,-81.1912]}},
{"zip_code":"27813","country":"US","city":"Black Creek","state":"North Carolina","state_ab":"NC","county":"Wilson","geo_location":{"type": "Point", "coordinates": [35.6165,-77.9352]}},
{"zip_code":"27880","country":"US","city":"Sims","state":"North Carolina","state_ab":"NC","county":"Wilson","geo_location":{"type": "Point", "coordinates": [35.7435,-78.0859]}},
{"zip_code":"27893","country":"US","city":"Wilson","state":"North Carolina","state_ab":"NC","county":"Wilson","geo_location":{"type": "Point", "coordinates": [35.727,-77.9227]}},
{"zip_code":"28740","country":"US","city":"Green Mountain","state":"North Carolina","state_ab":"NC","county":"Yancey","geo_location":{"type": "Point", "coordinates": [35.9956,-82.2879]}},
{"zip_code":"58479","country":"US","city":"Rogers","state":"North Dakota","state_ab":"ND","county":"Barnes","geo_location":{"type": "Point", "coordinates": [47.0741,-98.2136]}},
{"zip_code":"58480","country":"US","city":"Sanborn","state":"North Dakota","state_ab":"ND","county":"Barnes","geo_location":{"type": "Point", "coordinates": [46.9271,-98.2336]}},
{"zip_code":"58750","country":"US","city":"Lansford","state":"North Dakota","state_ab":"ND","county":"Bottineau","geo_location":{"type": "Point", "coordinates": [48.6254,-101.3858]}},
{"zip_code":"58503","country":"US","city":"Bismarck","state":"North Dakota","state_ab":"ND","county":"Burleigh","geo_location":{"type": "Point", "coordinates": [46.8394,-100.7843]}},
{"zip_code":"56253","country":"US","city":"Lake Lillian","state":"Minnesota","state_ab":"MN","county":"Kandiyohi","geo_location":{"type": "Point", "coordinates": [44.966,-94.9014]}},
{"zip_code":"56279","country":"US","city":"Pennock","state":"Minnesota","state_ab":"MN","county":"Kandiyohi","geo_location":{"type": "Point", "coordinates": [45.131,-95.1753]}},
{"zip_code":"56729","country":"US","city":"Halma","state":"Minnesota","state_ab":"MN","county":"Kittson","geo_location":{"type": "Point", "coordinates": [48.6669,-96.5969]}},
{"zip_code":"56653","country":"US","city":"Littlefork","state":"Minnesota","state_ab":"MN","county":"Koochiching","geo_location":{"type": "Point", "coordinates": [48.3852,-93.5399]}},
{"zip_code":"56679","country":"US","city":"South International Falls","state":"Minnesota","state_ab":"MN","county":"Koochiching","geo_location":{"type": "Point", "coordinates": [48.2789,-93.7555]}},
{"zip_code":"55609","country":"US","city":"Knife River","state":"Minnesota","state_ab":"MN","county":"Lake","geo_location":{"type": "Point", "coordinates": [46.9539,-91.778]}},
{"zip_code":"56136","country":"US","city":"Hendricks","state":"Minnesota","state_ab":"MN","county":"Lincoln","geo_location":{"type": "Point", "coordinates": [44.4995,-96.4078]}},
{"zip_code":"56149","country":"US","city":"Lake Benton","state":"Minnesota","state_ab":"MN","county":"Lincoln","geo_location":{"type": "Point", "coordinates": [44.2782,-96.291]}},
{"zip_code":"56239","country":"US","city":"Ghent","state":"Minnesota","state_ab":"MN","county":"Lyon","geo_location":{"type": "Point", "coordinates": [44.5078,-95.8936]}},
{"zip_code":"56589","country":"US","city":"Waubun","state":"Minnesota","state_ab":"MN","county":"Mahnomen","geo_location":{"type": "Point", "coordinates": [47.192,-95.8871]}},
{"zip_code":"56176","country":"US","city":"Trimont","state":"Minnesota","state_ab":"MN","county":"Martin","geo_location":{"type": "Point", "coordinates": [43.7827,-94.7186]}},
{"zip_code":"56330","country":"US","city":"Foreston","state":"Minnesota","state_ab":"MN","county":"Mille Lacs","geo_location":{"type": "Point", "coordinates": [45.7028,-93.6958]}},
{"zip_code":"55933","country":"US","city":"Elkton","state":"Minnesota","state_ab":"MN","county":"Mower","geo_location":{"type": "Point", "coordinates": [43.6348,-92.7104]}},
{"zip_code":"55973","country":"US","city":"Sargeant","state":"Minnesota","state_ab":"MN","county":"Mower","geo_location":{"type": "Point", "coordinates": [43.809,-92.7595]}},
{"zip_code":"56123","country":"US","city":"Currie","state":"Minnesota","state_ab":"MN","county":"Murray","geo_location":{"type": "Point", "coordinates": [44.0946,-95.6953]}},
{"zip_code":"56110","country":"US","city":"Adrian","state":"Minnesota","state_ab":"MN","county":"Nobles","geo_location":{"type": "Point", "coordinates": [43.6197,-95.9273]}},
{"zip_code":"56510","country":"US","city":"Ada","state":"Minnesota","state_ab":"MN","county":"Norman","geo_location":{"type": "Point", "coordinates": [47.3253,-96.5973]}},
{"zip_code":"56550","country":"US","city":"Hendrum","state":"Minnesota","state_ab":"MN","county":"Norman","geo_location":{"type": "Point", "coordinates": [47.2689,-96.7987]}},
{"zip_code":"55906","country":"US","city":"Rochester","state":"Minnesota","state_ab":"MN","county":"Olmsted","geo_location":{"type": "Point", "coordinates": [44.1078,-92.4053]}},
{"zip_code":"55920","country":"US","city":"Byron","state":"Minnesota","state_ab":"MN","county":"Olmsted","geo_location":{"type": "Point", "coordinates": [44.0373,-92.6308]}},
{"zip_code":"55960","country":"US","city":"Oronoco","state":"Minnesota","state_ab":"MN","county":"Olmsted","geo_location":{"type": "Point", "coordinates": [44.1489,-92.485]}},
{"zip_code":"56576","country":"US","city":"Richville","state":"Minnesota","state_ab":"MN","county":"Otter Tail","geo_location":{"type": "Point", "coordinates": [46.4434,-95.7924]}},
{"zip_code":"55030","country":"US","city":"Grasston","state":"Minnesota","state_ab":"MN","county":"Pine","geo_location":{"type": "Point", "coordinates": [45.8566,-93.0813]}},
{"zip_code":"56523","country":"US","city":"Climax","state":"Minnesota","state_ab":"MN","county":"Polk","geo_location":{"type": "Point", "coordinates": [47.6837,-96.8715]}},
{"zip_code":"56716","country":"US","city":"Crookston","state":"Minnesota","state_ab":"MN","county":"Polk","geo_location":{"type": "Point", "coordinates": [47.7797,-96.5931]}},
{"zip_code":"55106","country":"US","city":"Saint Paul","state":"Minnesota","state_ab":"MN","county":"Ramsey","geo_location":{"type": "Point", "coordinates": [44.9684,-93.0488]}},
{"zip_code":"55119","country":"US","city":"Saint Paul","state":"Minnesota","state_ab":"MN","county":"Ramsey","geo_location":{"type": "Point", "coordinates": [44.9414,-93.0107]}},
{"zip_code":"55133","country":"US","city":"Saint Paul","state":"Minnesota","state_ab":"MN","county":"Ramsey","geo_location":{"type": "Point", "coordinates": [45.0059,-93.1059]}},
{"zip_code":"55146","country":"US","city":"Saint Paul","state":"Minnesota","state_ab":"MN","county":"Ramsey","geo_location":{"type": "Point", "coordinates": [44.9427,-93.0828]}},
{"zip_code":"55199","country":"US","city":"Saint Paul","state":"Minnesota","state_ab":"MN","county":"Ramsey County","geo_location":{"type": "Point", "coordinates": [44.9445,-93.0932]}},
{"zip_code":"56266","country":"US","city":"Morgan","state":"Minnesota","state_ab":"MN","county":"Redwood","geo_location":{"type": "Point", "coordinates": [44.3926,-94.9218]}},
{"zip_code":"56293","country":"US","city":"Wabasso","state":"Minnesota","state_ab":"MN","county":"Redwood","geo_location":{"type": "Point", "coordinates": [44.4059,-95.2632]}},
{"zip_code":"56756","country":"US","city":"Salol","state":"Minnesota","state_ab":"MN","county":"Roseau","geo_location":{"type": "Point", "coordinates": [48.8522,-95.5356]}},
{"zip_code":"55713","country":"US","city":"Buhl","state":"Minnesota","state_ab":"MN","county":"St. Louis","geo_location":{"type": "Point", "coordinates": [47.4932,-92.7643]}},
{"zip_code":"55740","country":"US","city":"Gheen","state":"Minnesota","state_ab":"MN","county":"Saint Louis County","geo_location":{"type": "Point", "coordinates": [47.9465,-92.9069]}},
{"zip_code":"55766","country":"US","city":"Melrude","state":"Minnesota","state_ab":"MN","county":"St. Louis","geo_location":{"type": "Point", "coordinates": [47.2496,-92.4123]}},
{"zip_code":"55779","country":"US","city":"Saginaw","state":"Minnesota","state_ab":"MN","county":"St. Louis","geo_location":{"type": "Point", "coordinates": [46.8795,-92.3917]}},
{"zip_code":"55803","country":"US","city":"Duluth","state":"Minnesota","state_ab":"MN","county":"St. Louis","geo_location":{"type": "Point", "coordinates": [46.8749,-92.0941]}},
{"zip_code":"55816","country":"US","city":"Duluth","state":"Minnesota","state_ab":"MN","county":"St. Louis","geo_location":{"type": "Point", "coordinates": [47.6404,-92.4428]}},
{"zip_code":"55379","country":"US","city":"Shakopee","state":"Minnesota","state_ab":"MN","county":"Scott","geo_location":{"type": "Point", "coordinates": [44.7793,-93.5197]}},
{"zip_code":"55366","country":"US","city":"New Auburn","state":"Minnesota","state_ab":"MN","county":"Sibley","geo_location":{"type": "Point", "coordinates": [44.6735,-94.2293]}},
{"zip_code":"55353","country":"US","city":"Kimball","state":"Minnesota","state_ab":"MN","county":"Stearns","geo_location":{"type": "Point", "coordinates": [45.3436,-94.3028]}},
{"zip_code":"56303","country":"US","city":"Saint Cloud","state":"Minnesota","state_ab":"MN","county":"Stearns","geo_location":{"type": "Point", "coordinates": [45.5713,-94.2036]}},
{"zip_code":"56316","country":"US","city":"Brooten","state":"Minnesota","state_ab":"MN","county":"Stearns","geo_location":{"type": "Point", "coordinates": [45.4932,-95.09]}},
{"zip_code":"56356","country":"US","city":"New Munich","state":"Minnesota","state_ab":"MN","county":"Stearns","geo_location":{"type": "Point", "coordinates": [45.6297,-94.7519]}},
{"zip_code":"56369","country":"US","city":"Rockville","state":"Minnesota","state_ab":"MN","county":"Stearns","geo_location":{"type": "Point", "coordinates": [45.4687,-94.3406]}},
{"zip_code":"56396","country":"US","city":"Saint Cloud","state":"Minnesota","state_ab":"MN","county":"Stearns","geo_location":{"type": "Point", "coordinates": [45.5289,-94.5933]}},
{"zip_code":"56046","country":"US","city":"Hope","state":"Minnesota","state_ab":"MN","county":"Steele","geo_location":{"type": "Point", "coordinates": [43.9551,-93.274]}},
{"zip_code":"56226","country":"US","city":"Clontarf","state":"Minnesota","state_ab":"MN","county":"Swift","geo_location":{"type": "Point", "coordinates": [45.3059,-95.8389]}},
{"zip_code":"56446","country":"US","city":"Eagle Bend","state":"Minnesota","state_ab":"MN","county":"Todd","geo_location":{"type": "Point", "coordinates": [46.117,-95.0961]}},
{"zip_code":"55003","country":"US","city":"Bayport","state":"Minnesota","state_ab":"MN","county":"Washington","geo_location":{"type": "Point", "coordinates": [45.0214,-92.7844]}},
{"zip_code":"55016","country":"US","city":"Cottage Grove","state":"Minnesota","state_ab":"MN","county":"Washington","geo_location":{"type": "Point", "coordinates": [44.8308,-92.9393]}},
{"zip_code":"55043","country":"US","city":"Lakeland","state":"Minnesota","state_ab":"MN","county":"Washington","geo_location":{"type": "Point", "coordinates": [44.9394,-92.7716]}},
{"zip_code":"55083","country":"US","city":"Stillwater","state":"Minnesota","state_ab":"MN","county":"Washington","geo_location":{"type": "Point", "coordinates": [45.021,-92.9837]}},
{"zip_code":"56060","country":"US","city":"Lewisville","state":"Minnesota","state_ab":"MN","county":"Watonwan","geo_location":{"type": "Point", "coordinates": [43.9209,-94.4289]}},
{"zip_code":"55959","country":"US","city":"Minnesota City","state":"Minnesota","state_ab":"MN","county":"Winona","geo_location":{"type": "Point", "coordinates": [44.0832,-91.7418]}},
{"zip_code":"55986","country":"US","city":"Whalan","state":"Minnesota","state_ab":"MN","county":"Winona County","geo_location":{"type": "Point", "coordinates": [43.7174,-91.9188]}},
{"zip_code":"55313","country":"US","city":"Buffalo","state":"Minnesota","state_ab":"MN","county":"Wright","geo_location":{"type": "Point", "coordinates": [45.1814,-93.8635]}},
{"zip_code":"55380","country":"US","city":"Silver Creek","state":"Minnesota","state_ab":"MN","county":"Wright","geo_location":{"type": "Point", "coordinates": [45.3158,-93.9798]}},
{"zip_code":"55393","country":"US","city":"Maple Plain","state":"Minnesota","state_ab":"MN","county":"Wright","geo_location":{"type": "Point", "coordinates": [45.2009,-93.8881]}},
{"zip_code":"55586","country":"US","city":"Monticello","state":"Minnesota","state_ab":"MN","county":"Wright","geo_location":{"type": "Point", "coordinates": [45.2009,-93.8881]}},
{"zip_code":"56280","country":"US","city":"Porter","state":"Minnesota","state_ab":"MN","county":"Yellow Medicine","geo_location":{"type": "Point", "coordinates": [44.6565,-96.1581]}},
{"zip_code":"64483","country":"US","city":"Rosendale","state":"Missouri","state_ab":"MO","county":"Andrew","geo_location":{"type": "Point", "coordinates": [40.0399,-94.8328]}},
{"zip_code":"64506","country":"US","city":"Saint Joseph","state":"Missouri","state_ab":"MO","county":"Andrew","geo_location":{"type": "Point", "coordinates": [39.7893,-94.8043]}},
{"zip_code":"64496","country":"US","city":"Watson","state":"Missouri","state_ab":"MO","county":"Atchison","geo_location":{"type": "Point", "coordinates": [40.478,-95.6193]}},
{"zip_code":"65280","country":"US","city":"Rush Hill","state":"Missouri","state_ab":"MO","county":"Audrain","geo_location":{"type": "Point", "coordinates": [39.2115,-91.7087]}},
{"zip_code":"64766","country":"US","city":"Milford","state":"Missouri","state_ab":"MO","county":"Barton","geo_location":{"type": "Point", "coordinates": [37.5015,-94.3456]}},
{"zip_code":"64779","country":"US","city":"Rich Hill","state":"Missouri","state_ab":"MO","county":"Bates","geo_location":{"type": "Point", "coordinates": [38.0944,-94.3635]}},
{"zip_code":"64780","country":"US","city":"Rockville","state":"Missouri","state_ab":"MO","county":"Bates","geo_location":{"type": "Point", "coordinates": [38.0766,-94.1299]}},
{"zip_code":"63750","country":"US","city":"Gipsy","state":"Missouri","state_ab":"MO","county":"Bollinger","geo_location":{"type": "Point", "coordinates": [37.1311,-90.1941]}},
{"zip_code":"65240","country":"US","city":"Centralia","state":"Missouri","state_ab":"MO","county":"Boone","geo_location":{"type": "Point", "coordinates": [39.1961,-92.1472]}},
{"zip_code":"65279","country":"US","city":"Rocheport","state":"Missouri","state_ab":"MO","county":"Boone","geo_location":{"type": "Point", "coordinates": [38.9756,-92.5079]}},
{"zip_code":"64443","country":"US","city":"Easton","state":"Missouri","state_ab":"MO","county":"Buchanan","geo_location":{"type": "Point", "coordinates": [39.7517,-94.6582]}},
{"zip_code":"64649","country":"US","city":"Kidder","state":"Missouri","state_ab":"MO","county":"Caldwell","geo_location":{"type": "Point", "coordinates": [39.7348,-94.0848]}},
{"zip_code":"64650","country":"US","city":"Kingston","state":"Missouri","state_ab":"MO","county":"Caldwell","geo_location":{"type": "Point", "coordinates": [39.6508,-94.0827]}},
{"zip_code":"65059","country":"US","city":"Mokane","state":"Missouri","state_ab":"MO","county":"Callaway","geo_location":{"type": "Point", "coordinates": [38.6998,-91.8868]}},
{"zip_code":"65020","country":"US","city":"Camdenton","state":"Missouri","state_ab":"MO","county":"Camden","geo_location":{"type": "Point", "coordinates": [38.0185,-92.7677]}},
{"zip_code":"64623","country":"US","city":"Bosworth","state":"Missouri","state_ab":"MO","county":"Carroll","geo_location":{"type": "Point", "coordinates": [39.4767,-93.3335]}},
{"zip_code":"63943","country":"US","city":"Grandin","state":"Missouri","state_ab":"MO","county":"Carter","geo_location":{"type": "Point", "coordinates": [36.828,-90.7942]}},
{"zip_code":"64083","country":"US","city":"Raymore","state":"Missouri","state_ab":"MO","county":"Cass","geo_location":{"type": "Point", "coordinates": [38.8019,-94.4529]}},
{"zip_code":"64739","country":"US","city":"Creighton","state":"Missouri","state_ab":"MO","county":"Cass","geo_location":{"type": "Point", "coordinates": [38.5078,-94.0926]}},
{"zip_code":"64676","country":"US","city":"Rothville","state":"Missouri","state_ab":"MO","county":"Chariton","geo_location":{"type": "Point", "coordinates": [39.6627,-93.0467]}},
{"zip_code":"63453","country":"US","city":"Luray","state":"Missouri","state_ab":"MO","county":"Clark","geo_location":{"type": "Point", "coordinates": [40.4931,-91.8912]}},
{"zip_code":"63466","country":"US","city":"Saint Patrick","state":"Missouri","state_ab":"MO","county":"Clark","geo_location":{"type": "Point", "coordinates": [40.4312,-91.6851]}},
{"zip_code":"64069","country":"US","city":"Liberty","state":"Missouri","state_ab":"MO","county":"Clay","geo_location":{"type": "Point", "coordinates": [39.2829,-94.409]}},
{"zip_code":"64119","country":"US","city":"Kansas City","state":"Missouri","state_ab":"MO","county":"Clay","geo_location":{"type": "Point", "coordinates": [39.1979,-94.5199]}},
{"zip_code":"64160","country":"US","city":"Kansas City","state":"Missouri","state_ab":"MO","county":"Clay","geo_location":{"type": "Point", "coordinates": [39.2829,-94.409]}},
{"zip_code":"64429","country":"US","city":"Cameron","state":"Missouri","state_ab":"MO","county":"Clinton","geo_location":{"type": "Point", "coordinates": [39.7309,-94.2437]}},
{"zip_code":"65109","country":"US","city":"Jefferson City","state":"Missouri","state_ab":"MO","county":"Cole","geo_location":{"type": "Point", "coordinates": [38.5773,-92.2443]}},
{"zip_code":"65110","country":"US","city":"Jefferson City","state":"Missouri","state_ab":"MO","county":"Cole","geo_location":{"type": "Point", "coordinates": [38.5309,-92.2493]}},
{"zip_code":"65446","country":"US","city":"Cherryville","state":"Missouri","state_ab":"MO","county":"Crawford","geo_location":{"type": "Point", "coordinates": [37.8066,-91.2348]}},
{"zip_code":"65590","country":"US","city":"Long Lane","state":"Missouri","state_ab":"MO","county":"Dallas","geo_location":{"type": "Point", "coordinates": [37.5808,-92.9309]}},
{"zip_code":"65783","country":"US","city":"Windyville","state":"Missouri","state_ab":"MO","county":"Dallas","geo_location":{"type": "Point", "coordinates": [37.7182,-92.9379]}},
{"zip_code":"64636","country":"US","city":"Coffey","state":"Missouri","state_ab":"MO","county":"Daviess","geo_location":{"type": "Point", "coordinates": [40.0999,-94.0252]}},
{"zip_code":"64689","country":"US","city":"Winston","state":"Missouri","state_ab":"MO","county":"Daviess","geo_location":{"type": "Point", "coordinates": [39.8499,-94.1487]}},
{"zip_code":"64430","country":"US","city":"Clarksdale","state":"Missouri","state_ab":"MO","county":"DeKalb","geo_location":{"type": "Point", "coordinates": [39.8137,-94.5421]}},
{"zip_code":"64469","country":"US","city":"Maysville","state":"Missouri","state_ab":"MO","county":"DeKalb","geo_location":{"type": "Point", "coordinates": [39.9112,-94.3548]}},
{"zip_code":"63880","country":"US","city":"Whiteoak","state":"Missouri","state_ab":"MO","county":"Dunklin","geo_location":{"type": "Point", "coordinates": [36.3133,-90.1658]}},
{"zip_code":"63013","country":"US","city":"Beaufort","state":"Missouri","state_ab":"MO","county":"Franklin","geo_location":{"type": "Point", "coordinates": [38.4294,-91.1709]}},
{"zip_code":"63039","country":"US","city":"Gray Summit","state":"Missouri","state_ab":"MO","county":"Franklin","geo_location":{"type": "Point", "coordinates": [38.503,-90.8292]}},
{"zip_code":"63079","country":"US","city":"Stanton","state":"Missouri","state_ab":"MO","county":"Franklin","geo_location":{"type": "Point", "coordinates": [38.2744,-91.0855]}},
{"zip_code":"63080","country":"US","city":"Sullivan","state":"Missouri","state_ab":"MO","county":"Franklin","geo_location":{"type": "Point", "coordinates": [38.2307,-91.1567]}},
{"zip_code":"65770","country":"US","city":"Walnut Grove","state":"Missouri","state_ab":"MO","county":"Greene","geo_location":{"type": "Point", "coordinates": [37.3943,-93.5044]}},
{"zip_code":"65806","country":"US","city":"Springfield","state":"Missouri","state_ab":"MO","county":"Greene","geo_location":{"type": "Point", "coordinates": [37.2031,-93.2971]}},
{"zip_code":"65899","country":"US","city":"Springfield","state":"Missouri","state_ab":"MO","county":"Greene","geo_location":{"type": "Point", "coordinates": [37.1815,-93.2596]}},
{"zip_code":"7820","country":"US","city":"Allamuchy","state":"New Jersey","state_ab":"NJ","county":"Warren","geo_location":{"type": "Point", "coordinates": [40.8696,-74.8497]}},
{"zip_code":"7833","country":"US","city":"Delaware","state":"New Jersey","state_ab":"NJ","county":"Warren","geo_location":{"type": "Point", "coordinates": [40.9069,-75.0754]}},
{"zip_code":"7846","country":"US","city":"Johnsonburg","state":"New Jersey","state_ab":"NJ","county":"Warren","geo_location":{"type": "Point", "coordinates": [40.969,-74.8733]}},
{"zip_code":"87059","country":"US","city":"Tijeras","state":"New Mexico","state_ab":"NM","county":"Bernalillo","geo_location":{"type": "Point", "coordinates": [35.0446,-106.3062]}},
{"zip_code":"87109","country":"US","city":"Albuquerque","state":"New Mexico","state_ab":"NM","county":"Bernalillo","geo_location":{"type": "Point", "coordinates": [35.1506,-106.569]}},
{"zip_code":"87110","country":"US","city":"Albuquerque","state":"New Mexico","state_ab":"NM","county":"Bernalillo","geo_location":{"type": "Point", "coordinates": [35.1104,-106.5781]}},
{"zip_code":"87123","country":"US","city":"Albuquerque","state":"New Mexico","state_ab":"NM","county":"Bernalillo","geo_location":{"type": "Point", "coordinates": [35.0717,-106.509]}},
{"zip_code":"87176","country":"US","city":"Albuquerque","state":"New Mexico","state_ab":"NM","county":"Bernalillo","geo_location":{"type": "Point", "coordinates": [35.0443,-106.6729]}},
{"zip_code":"87190","country":"US","city":"Albuquerque","state":"New Mexico","state_ab":"NM","county":"Bernalillo","geo_location":{"type": "Point", "coordinates": [35.0443,-106.6729]}},
{"zip_code":"87820","country":"US","city":"Aragon","state":"New Mexico","state_ab":"NM","county":"Catron","geo_location":{"type": "Point", "coordinates": [33.8859,-108.5466]}},
{"zip_code":"88203","country":"US","city":"Roswell","state":"New Mexico","state_ab":"NM","county":"Chaves","geo_location":{"type": "Point", "coordinates": [33.3718,-104.5284]}},
{"zip_code":"88230","country":"US","city":"Dexter","state":"New Mexico","state_ab":"NM","county":"Chaves","geo_location":{"type": "Point", "coordinates": [33.191,-104.3833]}},
{"zip_code":"87020","country":"US","city":"Grants","state":"New Mexico","state_ab":"NM","county":"Cibola","geo_location":{"type": "Point", "coordinates": [35.0999,-107.8502]}},
{"zip_code":"87729","country":"US","city":"Miami","state":"New Mexico","state_ab":"NM","county":"Colfax","geo_location":{"type": "Point", "coordinates": [36.2895,-104.8118]}},
{"zip_code":"87936","country":"US","city":"Garfield","state":"New Mexico","state_ab":"NM","county":"Doa Ana","geo_location":{"type": "Point", "coordinates": [32.7557,-107.2704]}},
{"zip_code":"88063","country":"US","city":"Sunland Park","state":"New Mexico","state_ab":"NM","county":"Doa Ana","geo_location":{"type": "Point", "coordinates": [31.8186,-106.5997]}},
{"zip_code":"88256","country":"US","city":"Loving","state":"New Mexico","state_ab":"NM","county":"Eddy","geo_location":{"type": "Point", "coordinates": [32.274,-104.0914]}},
{"zip_code":"88023","country":"US","city":"Bayard","state":"New Mexico","state_ab":"NM","county":"Grant","geo_location":{"type": "Point", "coordinates": [32.8198,-107.9696]}},
{"zip_code":"88036","country":"US","city":"Fort Bayard","state":"New Mexico","state_ab":"NM","county":"Grant","geo_location":{"type": "Point", "coordinates": [32.7574,-108.0075]}},
{"zip_code":"88049","country":"US","city":"Mimbres","state":"New Mexico","state_ab":"NM","county":"Grant","geo_location":{"type": "Point", "coordinates": [32.909,-108.0332]}},
{"zip_code":"87730","country":"US","city":"Mills","state":"New Mexico","state_ab":"NM","county":"Harding","geo_location":{"type": "Point", "coordinates": [36.1281,-104.2277]}},
{"zip_code":"87743","country":"US","city":"Roy","state":"New Mexico","state_ab":"NM","county":"Harding","geo_location":{"type": "Point", "coordinates": [35.9522,-104.1497]}},
{"zip_code":"88009","country":"US","city":"Playas","state":"New Mexico","state_ab":"NM","county":"Hidalgo","geo_location":{"type": "Point", "coordinates": [32.055,-108.6291]}},
{"zip_code":"88346","country":"US","city":"Ruidoso Downs","state":"New Mexico","state_ab":"NM","county":"Lincoln","geo_location":{"type": "Point", "coordinates": [33.3577,-105.5383]}},
{"zip_code":"87316","country":"US","city":"Fort Wingate","state":"New Mexico","state_ab":"NM","county":"McKinley","geo_location":{"type": "Point", "coordinates": [35.5191,-108.4864]}},
{"zip_code":"87510","country":"US","city":"Abiquiu","state":"New Mexico","state_ab":"NM","county":"Rio Arriba","geo_location":{"type": "Point", "coordinates": [36.1769,-106.2449]}},
{"zip_code":"87523","country":"US","city":"Cordova","state":"New Mexico","state_ab":"NM","county":"Rio Arriba","geo_location":{"type": "Point", "coordinates": [36.0056,-105.9033]}},
{"zip_code":"88113","country":"US","city":"Causey","state":"New Mexico","state_ab":"NM","county":"Roosevelt","geo_location":{"type": "Point", "coordinates": [33.7781,-103.0865]}},
{"zip_code":"88126","country":"US","city":"Pep","state":"New Mexico","state_ab":"NM","county":"Roosevelt","geo_location":{"type": "Point", "coordinates": [33.8054,-103.2881]}},
{"zip_code":"87046","country":"US","city":"Regina","state":"New Mexico","state_ab":"NM","county":"Sandoval","geo_location":{"type": "Point", "coordinates": [35.7174,-106.9358]}},
{"zip_code":"87419","country":"US","city":"Navajo Dam","state":"New Mexico","state_ab":"NM","county":"San Juan","geo_location":{"type": "Point", "coordinates": [36.8689,-107.6528]}},
{"zip_code":"87420","country":"US","city":"Shiprock","state":"New Mexico","state_ab":"NM","county":"San Juan","geo_location":{"type": "Point", "coordinates": [36.656,-108.7355]}},
{"zip_code":"87499","country":"US","city":"Farmington","state":"New Mexico","state_ab":"NM","county":"San Juan","geo_location":{"type": "Point", "coordinates": [36.7745,-108.0692]}},
{"zip_code":"87509","country":"US","city":"Santa Fe","state":"New Mexico","state_ab":"NM","county":"Santa Fe","geo_location":{"type": "Point", "coordinates": [35.5212,-105.9818]}},
{"zip_code":"87549","country":"US","city":"Ojo Caliente","state":"New Mexico","state_ab":"NM","county":"Taos","geo_location":{"type": "Point", "coordinates": [36.3313,-106.0028]}},
{"zip_code":"87576","country":"US","city":"Trampas","state":"New Mexico","state_ab":"NM","county":"Taos","geo_location":{"type": "Point", "coordinates": [36.5045,-105.6292]}},
{"zip_code":"88410","country":"US","city":"Amistad","state":"New Mexico","state_ab":"NM","county":"Union","geo_location":{"type": "Point", "coordinates": [35.8983,-103.213]}},
{"zip_code":"88436","country":"US","city":"Sedan","state":"New Mexico","state_ab":"NM","county":"Union","geo_location":{"type": "Point", "coordinates": [36.226,-103.1449]}},
{"zip_code":"87006","country":"US","city":"Bosque","state":"New Mexico","state_ab":"NM","county":"Valencia","geo_location":{"type": "Point", "coordinates": [34.4996,-106.8038]}},
{"zip_code":"87060","country":"US","city":"Tome","state":"New Mexico","state_ab":"NM","county":"Valencia","geo_location":{"type": "Point", "coordinates": [34.7426,-106.7328]}},
{"zip_code":"89026","country":"US","city":"Jean","state":"Nevada","state_ab":"NV","county":"Clark","geo_location":{"type": "Point", "coordinates": [35.9279,-114.9721]}},
{"zip_code":"89039","country":"US","city":"Cal Nev Ari","state":"Nevada","state_ab":"NV","county":"Clark","geo_location":{"type": "Point", "coordinates": [35.2522,-114.8714]}},
{"zip_code":"89040","country":"US","city":"Overton","state":"Nevada","state_ab":"NV","county":"Clark","geo_location":{"type": "Point", "coordinates": [36.5703,-114.4732]}},
{"zip_code":"89053","country":"US","city":"Henderson","state":"Nevada","state_ab":"NV","county":"Clark","geo_location":{"type": "Point", "coordinates": [35.9279,-114.9721]}},
{"zip_code":"89103","country":"US","city":"Las Vegas","state":"Nevada","state_ab":"NV","county":"Clark","geo_location":{"type": "Point", "coordinates": [36.1149,-115.2161]}},
{"zip_code":"89116","country":"US","city":"Las Vegas","state":"Nevada","state_ab":"NV","county":"Clark","geo_location":{"type": "Point", "coordinates": [35.9279,-114.9721]}},
{"zip_code":"89129","country":"US","city":"Las Vegas","state":"Nevada","state_ab":"NV","county":"Clark","geo_location":{"type": "Point", "coordinates": [36.245,-115.2743]}},
{"zip_code":"89130","country":"US","city":"Las Vegas","state":"Nevada","state_ab":"NV","county":"Clark","geo_location":{"type": "Point", "coordinates": [36.2471,-115.221]}},
{"zip_code":"89143","country":"US","city":"Las Vegas","state":"Nevada","state_ab":"NV","county":"Clark","geo_location":{"type": "Point", "coordinates": [36.3223,-115.2932]}},
{"zip_code":"89156","country":"US","city":"Las Vegas","state":"Nevada","state_ab":"NV","county":"Clark","geo_location":{"type": "Point", "coordinates": [36.2034,-115.0364]}},
{"zip_code":"89169","country":"US","city":"Las Vegas","state":"Nevada","state_ab":"NV","county":"Clark County","geo_location":{"type": "Point", "coordinates": [36.1234,-115.1429]}},
{"zip_code":"89170","country":"US","city":"Las Vegas","state":"Nevada","state_ab":"NV","county":"Clark","geo_location":{"type": "Point", "coordinates": [35.9279,-114.9721]}},
{"zip_code":"89183","country":"US","city":"Las Vegas","state":"Nevada","state_ab":"NV","county":"Clark County","geo_location":{"type": "Point", "coordinates": [35.9959,-115.1576]}},
{"zip_code":"89413","country":"US","city":"Glenbrook","state":"Nevada","state_ab":"NV","county":"Douglas","geo_location":{"type": "Point", "coordinates": [39.0509,-119.9428]}},
{"zip_code":"89826","country":"US","city":"Jarbidge","state":"Nevada","state_ab":"NV","county":"Elko","geo_location":{"type": "Point", "coordinates": [41.8873,-115.3813]}},
{"zip_code":"89013","country":"US","city":"Goldfield","state":"Nevada","state_ab":"NV","county":"Esmeralda","geo_location":{"type": "Point", "coordinates": [37.8344,-117.2694]}},
{"zip_code":"89426","country":"US","city":"Paradise Valley","state":"Nevada","state_ab":"NV","county":"Humboldt","geo_location":{"type": "Point", "coordinates": [41.5057,-117.5728]}},
{"zip_code":"89310","country":"US","city":"Austin","state":"Nevada","state_ab":"NV","county":"Lander","geo_location":{"type": "Point", "coordinates": [39.508,-117.0811]}},
{"zip_code":"89440","country":"US","city":"Virginia City","state":"Nevada","state_ab":"NV","county":"Storey","geo_location":{"type": "Point", "coordinates": [39.2965,-119.6587]}},
{"zip_code":"89439","country":"US","city":"Verdi","state":"Nevada","state_ab":"NV","county":"Washoe","geo_location":{"type": "Point", "coordinates": [39.5165,-119.9833]}},
{"zip_code":"89503","country":"US","city":"Reno","state":"Nevada","state_ab":"NV","county":"Washoe","geo_location":{"type": "Point", "coordinates": [39.5354,-119.8374]}},
{"zip_code":"89570","country":"US","city":"Reno","state":"Nevada","state_ab":"NV","county":"Washoe","geo_location":{"type": "Point", "coordinates": [40.5412,-119.5869]}},
{"zip_code":"89710","country":"US","city":"Carson City","state":"Nevada","state_ab":"NV","county":"Carson City (city)","geo_location":{"type": "Point", "coordinates": [39.1678,-119.7764]}},
{"zip_code":"12046","country":"US","city":"Coeymans Hollow","state":"New York","state_ab":"NY","county":"Albany","geo_location":{"type": "Point", "coordinates": [42.4865,-73.9206]}},
{"zip_code":"12059","country":"US","city":"East Berne","state":"New York","state_ab":"NY","county":"Albany","geo_location":{"type": "Point", "coordinates": [42.6191,-74.0555]}},
{"zip_code":"12110","country":"US","city":"Latham","state":"New York","state_ab":"NY","county":"Albany","geo_location":{"type": "Point", "coordinates": [42.7462,-73.763]}},
{"zip_code":"12189","country":"US","city":"Watervliet","state":"New York","state_ab":"NY","county":"Albany","geo_location":{"type": "Point", "coordinates": [42.7298,-73.7123]}},
{"zip_code":"12226","country":"US","city":"Albany","state":"New York","state_ab":"NY","county":"Albany","geo_location":{"type": "Point", "coordinates": [42.6149,-73.9708]}},
{"zip_code":"12239","country":"US","city":"Albany","state":"New York","state_ab":"NY","county":"Albany","geo_location":{"type": "Point", "coordinates": [42.6149,-73.9708]}},
{"zip_code":"12240","country":"US","city":"Albany","state":"New York","state_ab":"NY","county":"Albany","geo_location":{"type": "Point", "coordinates": [42.6149,-73.9708]}},
{"zip_code":"14709","country":"US","city":"Angelica","state":"New York","state_ab":"NY","county":"Allegany","geo_location":{"type": "Point", "coordinates": [42.3263,-77.9947]}},
{"zip_code":"14776","country":"US","city":"Rossburg","state":"New York","state_ab":"NY","county":"Allegany","geo_location":{"type": "Point", "coordinates": [42.26,-78.0161]}},
{"zip_code":"14813","country":"US","city":"Belmont","state":"New York","state_ab":"NY","county":"Allegany","geo_location":{"type": "Point", "coordinates": [42.2334,-78.011]}},
{"zip_code":"14880","country":"US","city":"Scio","state":"New York","state_ab":"NY","county":"Allegany","geo_location":{"type": "Point", "coordinates": [42.1697,-77.99]}},
{"zip_code":"10400","country":"US","city":"Bronx","state":"New York","state_ab":"NY","county":"Bronx","geo_location":{"type": "Point", "coordinates": [40.849,-73.8772]}},
{"zip_code":"10453","country":"US","city":"Bronx","state":"New York","state_ab":"NY","county":"Bronx","geo_location":{"type": "Point", "coordinates": [40.852,-73.9129]}},
{"zip_code":"10466","country":"US","city":"Bronx","state":"New York","state_ab":"NY","county":"Bronx","geo_location":{"type": "Point", "coordinates": [40.8904,-73.8503]}},
{"zip_code":"13746","country":"US","city":"Chenango Forks","state":"New York","state_ab":"NY","county":"Broome","geo_location":{"type": "Point", "coordinates": [42.2778,-75.8462]}},
{"zip_code":"13760","country":"US","city":"Endicott","state":"New York","state_ab":"NY","county":"Broome","geo_location":{"type": "Point", "coordinates": [42.1506,-76.0551]}},
{"zip_code":"13850","country":"US","city":"Vestal","state":"New York","state_ab":"NY","county":"Broome","geo_location":{"type": "Point", "coordinates": [42.0771,-76.0118]}},
{"zip_code":"14129","country":"US","city":"Perrysburg","state":"New York","state_ab":"NY","county":"Cattaraugus","geo_location":{"type": "Point", "coordinates": [42.4723,-78.9981]}},
{"zip_code":"14749","country":"US","city":"Knapp Creek","state":"New York","state_ab":"NY","county":"Cattaraugus County","geo_location":{"type": "Point", "coordinates": [42.0069,-78.506]}},
{"zip_code":"13113","country":"US","city":"Meridian","state":"New York","state_ab":"NY","county":"Cayuga","geo_location":{"type": "Point", "coordinates": [43.0891,-76.6217]}},
{"zip_code":"13139","country":"US","city":"Poplar Ridge","state":"New York","state_ab":"NY","county":"Cayuga","geo_location":{"type": "Point", "coordinates": [42.7421,-76.6285]}},
{"zip_code":"13140","country":"US","city":"Port Byron","state":"New York","state_ab":"NY","county":"Cayuga","geo_location":{"type": "Point", "coordinates": [43.0427,-76.6449]}},
{"zip_code":"13166","country":"US","city":"Weedsport","state":"New York","state_ab":"NY","county":"Cayuga","geo_location":{"type": "Point", "coordinates": [43.0489,-76.5425]}},
{"zip_code":"14710","country":"US","city":"Ashville","state":"New York","state_ab":"NY","county":"Chautauqua","geo_location":{"type": "Point", "coordinates": [42.1084,-79.4056]}},
{"zip_code":"14723","country":"US","city":"Cherry Creek","state":"New York","state_ab":"NY","county":"Chautauqua","geo_location":{"type": "Point", "coordinates": [42.3127,-79.1203]}},
{"zip_code":"14736","country":"US","city":"Findley Lake","state":"New York","state_ab":"NY","county":"Chautauqua","geo_location":{"type": "Point", "coordinates": [42.1204,-79.7349]}},
{"zip_code":"14750","country":"US","city":"Lakewood","state":"New York","state_ab":"NY","county":"Chautauqua","geo_location":{"type": "Point", "coordinates": [42.0973,-79.3291]}},
{"zip_code":"2119","country":"US","city":"Boston","state":"Massachusetts","state_ab":"MA","county":"Suffolk","geo_location":{"type": "Point", "coordinates": [42.3231,-71.0846]}},
{"zip_code":"2120","country":"US","city":"Boston","state":"Massachusetts","state_ab":"MA","county":"Suffolk","geo_location":{"type": "Point", "coordinates": [42.3325,-71.0964]}},
{"zip_code":"2133","country":"US","city":"Boston","state":"Massachusetts","state_ab":"MA","county":"Suffolk","geo_location":{"type": "Point", "coordinates": [42.3389,-70.9196]}},
{"zip_code":"2199","country":"US","city":"Boston","state":"Massachusetts","state_ab":"MA","county":"Suffolk","geo_location":{"type": "Point", "coordinates": [42.3479,-71.0825]}},
{"zip_code":"2209","country":"US","city":"Boston","state":"Massachusetts","state_ab":"MA","county":"Suffolk","geo_location":{"type": "Point", "coordinates": [42.3389,-70.9196]}},
{"zip_code":"2210","country":"US","city":"Boston","state":"Massachusetts","state_ab":"MA","county":"Suffolk","geo_location":{"type": "Point", "coordinates": [42.3489,-71.0465]}},
{"zip_code":"1440","country":"US","city":"Gardner","state":"Massachusetts","state_ab":"MA","county":"Worcester","geo_location":{"type": "Point", "coordinates": [42.574,-71.9898]}},
{"zip_code":"1453","country":"US","city":"Leominster","state":"Massachusetts","state_ab":"MA","county":"Worcester","geo_location":{"type": "Point", "coordinates": [42.5274,-71.7563]}},
{"zip_code":"1503","country":"US","city":"Berlin","state":"Massachusetts","state_ab":"MA","county":"Worcester","geo_location":{"type": "Point", "coordinates": [42.3844,-71.6356]}},
{"zip_code":"1516","country":"US","city":"Douglas","state":"Massachusetts","state_ab":"MA","county":"Worcester","geo_location":{"type": "Point", "coordinates": [42.0528,-71.7509]}},
{"zip_code":"1529","country":"US","city":"Millville","state":"Massachusetts","state_ab":"MA","county":"Worcester","geo_location":{"type": "Point", "coordinates": [42.0331,-71.5798]}},
{"zip_code":"1543","country":"US","city":"Rutland","state":"Massachusetts","state_ab":"MA","county":"Worcester","geo_location":{"type": "Point", "coordinates": [42.3762,-71.949]}},
{"zip_code":"1569","country":"US","city":"Uxbridge","state":"Massachusetts","state_ab":"MA","county":"Worcester","geo_location":{"type": "Point", "coordinates": [42.0744,-71.6329]}},
{"zip_code":"1570","country":"US","city":"Webster","state":"Massachusetts","state_ab":"MA","county":"Worcester","geo_location":{"type": "Point", "coordinates": [42.0521,-71.8486]}},
{"zip_code":"1583","country":"US","city":"West Boylston","state":"Massachusetts","state_ab":"MA","county":"Worcester","geo_location":{"type": "Point", "coordinates": [42.3584,-71.7838]}},
{"zip_code":"1606","country":"US","city":"Worcester","state":"Massachusetts","state_ab":"MA","county":"Worcester","geo_location":{"type": "Point", "coordinates": [42.311,-71.7958]}},
{"zip_code":"20779","country":"US","city":"Tracys Landing","state":"Maryland","state_ab":"MD","county":"Anne Arundel","geo_location":{"type": "Point", "coordinates": [38.7671,-76.5752]}},
{"zip_code":"21060","country":"US","city":"Glen Burnie","state":"Maryland","state_ab":"MD","county":"Anne Arundel","geo_location":{"type": "Point", "coordinates": [39.1702,-76.5798]}},
{"zip_code":"21123","country":"US","city":"Pasadena","state":"Maryland","state_ab":"MD","county":"Anne Arundel","geo_location":{"type": "Point", "coordinates": [38.9742,-76.5949]}},
{"zip_code":"21226","country":"US","city":"Curtis Bay","state":"Maryland","state_ab":"MD","county":"Anne Arundel","geo_location":{"type": "Point", "coordinates": [39.2109,-76.5597]}},
{"zip_code":"21240","country":"US","city":"Baltimore","state":"Maryland","state_ab":"MD","county":"Anne Arundel","geo_location":{"type": "Point", "coordinates": [39.1753,-76.6732]}},
{"zip_code":"21020","country":"US","city":"Boring","state":"Maryland","state_ab":"MD","county":"Baltimore","geo_location":{"type": "Point", "coordinates": [39.5213,-76.8047]}},
{"zip_code":"21136","country":"US","city":"Reisterstown","state":"Maryland","state_ab":"MD","county":"Baltimore","geo_location":{"type": "Point", "coordinates": [39.46,-76.8135]}},
{"zip_code":"21163","country":"US","city":"Woodstock","state":"Maryland","state_ab":"MD","county":"Baltimore","geo_location":{"type": "Point", "coordinates": [39.3498,-76.8456]}},
{"zip_code":"20610","country":"US","city":"Barstow","state":"Maryland","state_ab":"MD","county":"Calvert","geo_location":{"type": "Point", "coordinates": [38.4447,-76.533]}},
{"zip_code":"20676","country":"US","city":"Port Republic","state":"Maryland","state_ab":"MD","county":"Calvert","geo_location":{"type": "Point", "coordinates": [38.4952,-76.5349]}},
{"zip_code":"20689","country":"US","city":"Sunderland","state":"Maryland","state_ab":"MD","county":"Calvert","geo_location":{"type": "Point", "coordinates": [38.649,-76.5767]}},
{"zip_code":"21639","country":"US","city":"Greensboro","state":"Maryland","state_ab":"MD","county":"Caroline","geo_location":{"type": "Point", "coordinates": [38.9616,-75.8059]}},
{"zip_code":"21640","country":"US","city":"Henderson","state":"Maryland","state_ab":"MD","county":"Caroline","geo_location":{"type": "Point", "coordinates": [39.0672,-75.7948]}},
{"zip_code":"21613","country":"US","city":"Cambridge","state":"Maryland","state_ab":"MD","county":"Dorchester","geo_location":{"type": "Point", "coordinates": [38.5643,-76.0874]}},
{"zip_code":"21626","country":"US","city":"Crapo","state":"Maryland","state_ab":"MD","county":"Dorchester","geo_location":{"type": "Point", "coordinates": [38.3295,-76.1142]}},
{"zip_code":"21703","country":"US","city":"Frederick","state":"Maryland","state_ab":"MD","county":"Frederick","geo_location":{"type": "Point", "coordinates": [39.3647,-77.4636]}},
{"zip_code":"21716","country":"US","city":"Brunswick","state":"Maryland","state_ab":"MD","county":"Frederick","geo_location":{"type": "Point", "coordinates": [39.3164,-77.623]}},
{"zip_code":"21769","country":"US","city":"Middletown","state":"Maryland","state_ab":"MD","county":"Frederick","geo_location":{"type": "Point", "coordinates": [39.4416,-77.5502]}},
{"zip_code":"21770","country":"US","city":"Monrovia","state":"Maryland","state_ab":"MD","county":"Frederick","geo_location":{"type": "Point", "coordinates": [39.3512,-77.2494]}},
{"zip_code":"21523","country":"US","city":"Bloomington","state":"Maryland","state_ab":"MD","county":"Garrett","geo_location":{"type": "Point", "coordinates": [39.4861,-79.083]}},
{"zip_code":"21536","country":"US","city":"Grantsville","state":"Maryland","state_ab":"MD","county":"Garrett","geo_location":{"type": "Point", "coordinates": [39.6551,-79.1241]}},
{"zip_code":"21550","country":"US","city":"Oakland","state":"Maryland","state_ab":"MD","county":"Garrett","geo_location":{"type": "Point", "coordinates": [39.4339,-79.3167]}},
{"zip_code":"21046","country":"US","city":"Columbia","state":"Maryland","state_ab":"MD","county":"Howard","geo_location":{"type": "Point", "coordinates": [39.1702,-76.8538]}},
{"zip_code":"21150","country":"US","city":"Simpsonville","state":"Maryland","state_ab":"MD","county":"Howard","geo_location":{"type": "Point", "coordinates": [39.2364,-76.9419]}},
{"zip_code":"20816","country":"US","city":"Bethesda","state":"Maryland","state_ab":"MD","county":"Montgomery","geo_location":{"type": "Point", "coordinates": [38.9585,-77.1153]}},
{"zip_code":"20830","country":"US","city":"Olney","state":"Maryland","state_ab":"MD","county":"Montgomery","geo_location":{"type": "Point", "coordinates": [39.1552,-77.0667]}},
{"zip_code":"20883","country":"US","city":"Gaithersburg","state":"Maryland","state_ab":"MD","county":"Montgomery County","geo_location":{"type": "Point", "coordinates": [39.0883,-77.1568]}},
{"zip_code":"20896","country":"US","city":"Garrett Park","state":"Maryland","state_ab":"MD","county":"Montgomery","geo_location":{"type": "Point", "coordinates": [39.0365,-77.0931]}},
{"zip_code":"20906","country":"US","city":"Silver Spring","state":"Maryland","state_ab":"MD","county":"Montgomery","geo_location":{"type": "Point", "coordinates": [39.084,-77.0613]}},
{"zip_code":"20623","country":"US","city":"Cheltenham","state":"Maryland","state_ab":"MD","county":"Prince George's","geo_location":{"type": "Point", "coordinates": [38.7531,-76.8369]}},
{"zip_code":"20726","country":"US","city":"Laurel","state":"Maryland","state_ab":"MD","county":"Prince George's","geo_location":{"type": "Point", "coordinates": [38.8336,-76.8777]}},
{"zip_code":"20740","country":"US","city":"College Park","state":"Maryland","state_ab":"MD","county":"Prince George's","geo_location":{"type": "Point", "coordinates": [38.9963,-76.9299]}},
{"zip_code":"20753","country":"US","city":"District Heights","state":"Maryland","state_ab":"MD","county":"Prince George's","geo_location":{"type": "Point", "coordinates": [38.8336,-76.8777]}},
{"zip_code":"20780","country":"US","city":"Hyattsville","state":"Maryland","state_ab":"MD","county":"Prince George's County","geo_location":{"type": "Point", "coordinates": [38.9558,-76.9457]}},
{"zip_code":"21666","country":"US","city":"Stevensville","state":"Maryland","state_ab":"MD","county":"Queen Anne's","geo_location":{"type": "Point", "coordinates": [38.9394,-76.3371]}},
{"zip_code":"20609","country":"US","city":"Avenue","state":"Maryland","state_ab":"MD","county":"St. Mary's","geo_location":{"type": "Point", "coordinates": [38.2826,-76.7466]}},
{"zip_code":"20636","country":"US","city":"Hollywood","state":"Maryland","state_ab":"MD","county":"St. Mary's","geo_location":{"type": "Point", "coordinates": [38.3524,-76.5626]}},
{"zip_code":"20650","country":"US","city":"Leonardtown","state":"Maryland","state_ab":"MD","county":"St. Mary's","geo_location":{"type": "Point", "coordinates": [38.2774,-76.638]}},
{"zip_code":"20690","country":"US","city":"Tall Timbers","state":"Maryland","state_ab":"MD","county":"St. Mary's","geo_location":{"type": "Point", "coordinates": [38.1653,-76.5399]}},
{"zip_code":"21820","country":"US","city":"Dames Quarter","state":"Maryland","state_ab":"MD","county":"Somerset County","geo_location":{"type": "Point", "coordinates": [38.1906,-75.9001]}},
{"zip_code":"21653","country":"US","city":"Newcomb","state":"Maryland","state_ab":"MD","county":"Talbot","geo_location":{"type": "Point", "coordinates": [38.7518,-76.178]}},
{"zip_code":"21679","country":"US","city":"Wye Mills","state":"Maryland","state_ab":"MD","county":"Talbot","geo_location":{"type": "Point", "coordinates": [38.9281,-76.0814]}},
{"zip_code":"21756","country":"US","city":"Keedysville","state":"Maryland","state_ab":"MD","county":"Washington","geo_location":{"type": "Point", "coordinates": [39.4563,-77.6944]}},
{"zip_code":"21783","country":"US","city":"Smithsburg","state":"Maryland","state_ab":"MD","county":"Washington","geo_location":{"type": "Point", "coordinates": [39.647,-77.5706]}},
{"zip_code":"21213","country":"US","city":"Baltimore","state":"Maryland","state_ab":"MD","county":"Baltimore (city)","geo_location":{"type": "Point", "coordinates": [39.3127,-76.581]}},
{"zip_code":"21239","country":"US","city":"Baltimore","state":"Maryland","state_ab":"MD","county":"Baltimore (city)","geo_location":{"type": "Point", "coordinates": [39.361,-76.5891]}},
{"zip_code":"21279","country":"US","city":"Baltimore","state":"Maryland","state_ab":"MD","county":"Baltimore (city)","geo_location":{"type": "Point", "coordinates": [39.2847,-76.6205]}},
{"zip_code":"21280","country":"US","city":"Baltimore","state":"Maryland","state_ab":"MD","county":"Baltimore (city)","geo_location":{"type": "Point", "coordinates": [39.2847,-76.6205]}},
{"zip_code":"4230","country":"US","city":"East Poland","state":"Maine","state_ab":"ME","county":"Androscoggin","geo_location":{"type": "Point", "coordinates": [44.0627,-70.327]}},
{"zip_code":"4243","country":"US","city":"Lewiston","state":"Maine","state_ab":"ME","county":"Androscoggin","geo_location":{"type": "Point", "coordinates": [44.197,-70.2395]}},
{"zip_code":"4256","country":"US","city":"Mechanic Falls","state":"Maine","state_ab":"ME","county":"Androscoggin","geo_location":{"type": "Point", "coordinates": [44.1,-70.3682]}},
{"zip_code":"4283","country":"US","city":"Turner Center","state":"Maine","state_ab":"ME","county":"Androscoggin","geo_location":{"type": "Point", "coordinates": [44.197,-70.2395]}},
{"zip_code":"4733","country":"US","city":"Benedicta","state":"Maine","state_ab":"ME","county":"Aroostook","geo_location":{"type": "Point", "coordinates": [45.8125,-68.4089]}},
{"zip_code":"4746","country":"US","city":"Grand Isle","state":"Maine","state_ab":"ME","county":"Aroostook","geo_location":{"type": "Point", "coordinates": [47.3044,-68.1542]}},
{"zip_code":"4759","country":"US","city":"Masardis","state":"Maine","state_ab":"ME","county":"Aroostook","geo_location":{"type": "Point", "coordinates": [46.5162,-68.8868]}},
{"zip_code":"4760","country":"US","city":"Monticello","state":"Maine","state_ab":"ME","county":"Aroostook","geo_location":{"type": "Point", "coordinates": [46.3007,-67.8414]}},
{"zip_code":"4773","country":"US","city":"Saint David","state":"Maine","state_ab":"ME","county":"Aroostook","geo_location":{"type": "Point", "coordinates": [47.3343,-68.2314]}},
{"zip_code":"4786","country":"US","city":"Washburn","state":"Maine","state_ab":"ME","county":"Aroostook","geo_location":{"type": "Point", "coordinates": [46.7883,-68.1338]}},
{"zip_code":"4009","country":"US","city":"Bridgton","state":"Maine","state_ab":"ME","county":"Cumberland","geo_location":{"type": "Point", "coordinates": [44.052,-70.7241]}},
{"zip_code":"4050","country":"US","city":"Long Island","state":"Maine","state_ab":"ME","county":"Cumberland","geo_location":{"type": "Point", "coordinates": [43.692,-70.1551]}},
{"zip_code":"4940","country":"US","city":"Farmington Falls","state":"Maine","state_ab":"ME","county":"Franklin","geo_location":{"type": "Point", "coordinates": [44.6226,-70.0752]}},
{"zip_code":"4966","country":"US","city":"Phillips","state":"Maine","state_ab":"ME","county":"Franklin","geo_location":{"type": "Point", "coordinates": [44.8375,-70.3601]}},
{"zip_code":"4476","country":"US","city":"Penobscot","state":"Maine","state_ab":"ME","county":"Hancock","geo_location":{"type": "Point", "coordinates": [44.4344,-68.7574]}},
{"zip_code":"4616","country":"US","city":"Brooklin","state":"Maine","state_ab":"ME","county":"Hancock","geo_location":{"type": "Point", "coordinates": [44.2541,-68.5565]}},
{"zip_code":"4629","country":"US","city":"East Blue Hill","state":"Maine","state_ab":"ME","county":"Hancock","geo_location":{"type": "Point", "coordinates": [44.6419,-68.3915]}},
{"zip_code":"4656","country":"US","city":"Manset","state":"Maine","state_ab":"ME","county":"Hancock","geo_location":{"type": "Point", "coordinates": [44.6419,-68.3915]}},
{"zip_code":"4669","country":"US","city":"Prospect Harbor","state":"Maine","state_ab":"ME","county":"Hancock","geo_location":{"type": "Point", "coordinates": [44.411,-68.0141]}},
{"zip_code":"78419","country":"US","city":"Corpus Christi","state":"Texas","state_ab":"TX","county":"Nueces","geo_location":{"type": "Point", "coordinates": [27.6952,-97.2694]}},
{"zip_code":"78460","country":"US","city":"Corpus Christi","state":"Texas","state_ab":"TX","county":"Nueces","geo_location":{"type": "Point", "coordinates": [27.8899,-97.8797]}},
{"zip_code":"78473","country":"US","city":"Corpus Christi","state":"Texas","state_ab":"TX","county":"Nueces","geo_location":{"type": "Point", "coordinates": [27.777,-97.4632]}},
{"zip_code":"79010","country":"US","city":"Boys Ranch","state":"Texas","state_ab":"TX","county":"Oldham","geo_location":{"type": "Point", "coordinates": [35.4471,-102.1721]}},
{"zip_code":"76453","country":"US","city":"Gordon","state":"Texas","state_ab":"TX","county":"Palo Pinto","geo_location":{"type": "Point", "coordinates": [32.5478,-98.3632]}},
{"zip_code":"75643","country":"US","city":"Gary","state":"Texas","state_ab":"TX","county":"Panola","geo_location":{"type": "Point", "coordinates": [32.0334,-94.38]}},
{"zip_code":"75669","country":"US","city":"Long Branch","state":"Texas","state_ab":"TX","county":"Panola","geo_location":{"type": "Point", "coordinates": [32.0449,-94.5381]}},
{"zip_code":"76066","country":"US","city":"Millsap","state":"Texas","state_ab":"TX","county":"Parker","geo_location":{"type": "Point", "coordinates": [32.7457,-97.9561]}},
{"zip_code":"76439","country":"US","city":"Dennis","state":"Texas","state_ab":"TX","county":"Parker","geo_location":{"type": "Point", "coordinates": [32.6325,-97.9575]}},
{"zip_code":"79009","country":"US","city":"Bovina","state":"Texas","state_ab":"TX","county":"Parmer","geo_location":{"type": "Point", "coordinates": [34.4815,-102.8061]}},
{"zip_code":"75939","country":"US","city":"Corrigan","state":"Texas","state_ab":"TX","county":"Polk","geo_location":{"type": "Point", "coordinates": [31.0408,-94.8124]}}]}