{"value": [{"zip_code":"28318","country":"US","city":"Autryville","state":"North Carolina","state_ab":"NC","county":"Sampson","geo_location":{ "type": "Point", "coordinates": [-78.6021, 35.0997] }},
{"zip_code":"28385","country":"US","city":"Salemburg","state":"North Carolina","state_ab":"NC","county":"Sampson","geo_location":{ "type": "Point", "coordinates": [-78.4714, 35.0515] }},
{"zip_code":"28718","country":"US","city":"Cedar Mountain","state":"North Carolina","state_ab":"NC","county":"Transylvania","geo_location":{ "type": "Point", "coordinates": [-82.6374, 35.1508] }},
{"zip_code":"28772","country":"US","city":"Rosman","state":"North Carolina","state_ab":"NC","county":"Transylvania","geo_location":{ "type": "Point", "coordinates": [-82.8383, 35.1592] }},
{"zip_code":"28112","country":"US","city":"Monroe","state":"North Carolina","state_ab":"NC","county":"Union","geo_location":{ "type": "Point", "coordinates": [-80.554, 34.8946] }},
{"zip_code":"27562","country":"US","city":"New Hill","state":"North Carolina","state_ab":"NC","county":"Wake","geo_location":{ "type": "Point", "coordinates": [-78.9365, 35.6809] }},
{"zip_code":"27588","country":"US","city":"Wake Forest","state":"North Carolina","state_ab":"NC","county":"Wake","geo_location":{ "type": "Point", "coordinates": [-78.4508, 35.9731] }},
{"zip_code":"27612","country":"US","city":"Raleigh","state":"North Carolina","state_ab":"NC","county":"Wake","geo_location":{ "type": "Point", "coordinates": [-78.6841, 35.852] }},
{"zip_code":"27625","country":"US","city":"Raleigh","state":"North Carolina","state_ab":"NC","county":"Wake","geo_location":{ "type": "Point", "coordinates": [-78.6253, 35.7977] }},
{"zip_code":"27962","country":"US","city":"Plymouth","state":"North Carolina","state_ab":"NC","county":"Washington","geo_location":{ "type": "Point", "coordinates": [-76.7431, 35.8508] }},
{"zip_code":"28578","country":"US","city":"Seven Springs","state":"North Carolina","state_ab":"NC","county":"Wayne","geo_location":{ "type": "Point", "coordinates": [-77.9146, 35.2105] }},
{"zip_code":"28695","country":"US","city":"Whitehead","state":"North Carolina","state_ab":"NC","county":"Wilkes County","geo_location":{ "type": "Point", "coordinates": [-81.1529, 36.4671] }},
{"zip_code":"27018","country":"US","city":"East Bend","state":"North Carolina","state_ab":"NC","county":"Yadkin","geo_location":{ "type": "Point", "coordinates": [-80.5284, 36.2032] }},
{"zip_code":"28642","country":"US","city":"Jonesville","state":"North Carolina","state_ab":"NC","county":"Yadkin","geo_location":{ "type": "Point", "coordinates": [-80.787, 36.2286] }},
{"zip_code":"58072","country":"US","city":"Valley City","state":"North Dakota","state_ab":"ND","county":"Barnes","geo_location":{ "type": "Point", "coordinates": [-98.0033, 46.9268] }},
{"zip_code":"58432","country":"US","city":"Eckelson","state":"North Dakota","state_ab":"ND","county":"Barnes","geo_location":{ "type": "Point", "coordinates": [-98.3755, 46.8925] }},
{"zip_code":"58005","country":"US","city":"Argusville","state":"North Dakota","state_ab":"ND","county":"Cass","geo_location":{ "type": "Point", "coordinates": [-96.9058, 47.1066] }},
{"zip_code":"58108","country":"US","city":"Fargo","state":"North Dakota","state_ab":"ND","county":"Cass","geo_location":{ "type": "Point", "coordinates": [-97.2297, 46.9346] }},
{"zip_code":"58122","country":"US","city":"Fargo","state":"North Dakota","state_ab":"ND","county":"Cass","geo_location":{ "type": "Point", "coordinates": [-97.2297, 46.9346] }},
{"zip_code":"58355","country":"US","city":"Nekoma","state":"North Dakota","state_ab":"ND","county":"Cavalier","geo_location":{ "type": "Point", "coordinates": [-98.4641, 48.7718] }},
{"zip_code":"58625","country":"US","city":"Dodge","state":"North Dakota","state_ab":"ND","county":"Dunn","geo_location":{ "type": "Point", "coordinates": [-102.1985, 47.3049] }},
{"zip_code":"58445","country":"US","city":"Grace City","state":"North Dakota","state_ab":"ND","county":"Foster","geo_location":{ "type": "Point", "coordinates": [-98.8095, 47.5536] }},
{"zip_code":"58278","country":"US","city":"Thompson","state":"North Dakota","state_ab":"ND","county":"Grand Forks","geo_location":{ "type": "Point", "coordinates": [-97.0962, 47.7766] }},
{"zip_code":"58562","country":"US","city":"New Leipzig","state":"North Dakota","state_ab":"ND","county":"Grant","geo_location":{ "type": "Point", "coordinates": [-101.9619, 46.3823] }},
{"zip_code":"58458","country":"US","city":"Lamoure","state":"North Dakota","state_ab":"ND","county":"LaMoure","geo_location":{ "type": "Point", "coordinates": [-98.3587, 46.3844] }},
{"zip_code":"58768","country":"US","city":"Norwich","state":"North Dakota","state_ab":"ND","county":"McHenry","geo_location":{ "type": "Point", "coordinates": [-100.9712, 48.2491] }},
{"zip_code":"58575","country":"US","city":"Turtle Lake","state":"North Dakota","state_ab":"ND","county":"McLean","geo_location":{ "type": "Point", "coordinates": [-100.8814, 47.5414] }},
{"zip_code":"58535","country":"US","city":"Flasher","state":"North Dakota","state_ab":"ND","county":"Morton","geo_location":{ "type": "Point", "coordinates": [-101.3166, 46.5998] }},
{"zip_code":"58638","country":"US","city":"Hebron","state":"North Dakota","state_ab":"ND","county":"Morton","geo_location":{ "type": "Point", "coordinates": [-102.0367, 46.8936] }},
{"zip_code":"58212","country":"US","city":"Aneta","state":"North Dakota","state_ab":"ND","county":"Nelson","geo_location":{ "type": "Point", "coordinates": [-97.9814, 47.6993] }},
{"zip_code":"58225","country":"US","city":"Drayton","state":"North Dakota","state_ab":"ND","county":"Pembina","geo_location":{ "type": "Point", "coordinates": [-97.2156, 48.6104] }},
{"zip_code":"58238","country":"US","city":"Hamilton","state":"North Dakota","state_ab":"ND","county":"Pembina","geo_location":{ "type": "Point", "coordinates": [-97.4693, 48.7942] }},
{"zip_code":"58265","country":"US","city":"Neche","state":"North Dakota","state_ab":"ND","county":"Pembina","geo_location":{ "type": "Point", "coordinates": [-97.5427, 48.9796] }},
{"zip_code":"58315","country":"US","city":"Barton","state":"North Dakota","state_ab":"ND","county":"Pierce County","geo_location":{ "type": "Point", "coordinates": [-100.2044, 48.4611] }},
{"zip_code":"58368","country":"US","city":"Rugby","state":"North Dakota","state_ab":"ND","county":"Pierce","geo_location":{ "type": "Point", "coordinates": [-99.9899, 48.2545] }},
{"zip_code":"58328","country":"US","city":"Doyon","state":"North Dakota","state_ab":"ND","county":"Ramsey County","geo_location":{ "type": "Point", "coordinates": [-98.5001, 48.0828] }},
{"zip_code":"58382","country":"US","city":"Webster","state":"North Dakota","state_ab":"ND","county":"Ramsey","geo_location":{ "type": "Point", "coordinates": [-98.8739, 48.3229] }},
{"zip_code":"58782","country":"US","city":"Sherwood","state":"North Dakota","state_ab":"ND","county":"Renville","geo_location":{ "type": "Point", "coordinates": [-101.697, 48.9576] }},
{"zip_code":"58018","country":"US","city":"Colfax","state":"North Dakota","state_ab":"ND","county":"Richland","geo_location":{ "type": "Point", "coordinates": [-96.8737, 46.4574] }},
{"zip_code":"58058","country":"US","city":"Mantador","state":"North Dakota","state_ab":"ND","county":"Richland","geo_location":{ "type": "Point", "coordinates": [-96.957, 46.1599] }},
{"zip_code":"58032","country":"US","city":"Forman","state":"North Dakota","state_ab":"ND","county":"Sargent","geo_location":{ "type": "Point", "coordinates": [-97.6986, 46.0721] }},
{"zip_code":"58652","country":"US","city":"Richardton","state":"North Dakota","state_ab":"ND","county":"Stark","geo_location":{ "type": "Point", "coordinates": [-102.292, 46.8426] }},
{"zip_code":"58405","country":"US","city":"Jamestown","state":"North Dakota","state_ab":"ND","county":"Stutsman","geo_location":{ "type": "Point", "coordinates": [-98.6996, 46.9133] }},
{"zip_code":"58472","country":"US","city":"Montpelier","state":"North Dakota","state_ab":"ND","county":"Stutsman","geo_location":{ "type": "Point", "coordinates": [-98.6604, 46.6816] }},
{"zip_code":"58045","country":"US","city":"Hillsboro","state":"North Dakota","state_ab":"ND","county":"Traill","geo_location":{ "type": "Point", "coordinates": [-97.0603, 47.3835] }},
{"zip_code":"58702","country":"US","city":"Minot","state":"North Dakota","state_ab":"ND","county":"Ward","geo_location":{ "type": "Point", "coordinates": [-101.4513, 48.3369] }},
{"zip_code":"58342","country":"US","city":"Heimdal","state":"North Dakota","state_ab":"ND","county":"Wells County","geo_location":{ "type": "Point", "coordinates": [-99.6891, 47.7999] }},
{"zip_code":"58418","country":"US","city":"Bowdon","state":"North Dakota","state_ab":"ND","county":"Wells","geo_location":{ "type": "Point", "coordinates": [-99.7015, 47.4343] }},
{"zip_code":"58755","country":"US","city":"Mcgregor","state":"North Dakota","state_ab":"ND","county":"Williams","geo_location":{ "type": "Point", "coordinates": [-102.9288, 48.595] }},
{"zip_code":"58795","country":"US","city":"Wildrose","state":"North Dakota","state_ab":"ND","county":"Williams","geo_location":{ "type": "Point", "coordinates": [-103.1536, 48.5678] }},
{"zip_code":"58845","country":"US","city":"Grenora","state":"North Dakota","state_ab":"ND","county":"Williams","geo_location":{ "type": "Point", "coordinates": [-103.9176, 48.5252] }},
{"zip_code":"68925","country":"US","city":"Ayr","state":"Nebraska","state_ab":"NE","county":"Adams","geo_location":{ "type": "Point", "coordinates": [-98.439, 40.4411] }},
{"zip_code":"68655","country":"US","city":"Primrose","state":"Nebraska","state_ab":"NE","county":"Boone","geo_location":{ "type": "Point", "coordinates": [-98.2355, 41.6405] }},
{"zip_code":"69348","country":"US","city":"Hemingford","state":"Nebraska","state_ab":"NE","county":"Box Butte","geo_location":{ "type": "Point", "coordinates": [-103.0644, 42.3312] }},
{"zip_code":"68848","country":"US","city":"Kearney","state":"Nebraska","state_ab":"NE","county":"Buffalo","geo_location":{ "type": "Point", "coordinates": [-99.0693, 40.6861] }},
{"zip_code":"68048","country":"US","city":"Plattsmouth","state":"Nebraska","state_ab":"NE","county":"Cass","geo_location":{ "type": "Point", "coordinates": [-95.9139, 40.9992] }},
{"zip_code":"68745","country":"US","city":"Laurel","state":"Nebraska","state_ab":"NE","county":"Cedar","geo_location":{ "type": "Point", "coordinates": [-97.0874, 42.427] }},
{"zip_code":"69218","country":"US","city":"Merriman","state":"Nebraska","state_ab":"NE","county":"Cherry","geo_location":{ "type": "Point", "coordinates": [-101.7583, 42.6419] }},
{"zip_code":"68938","country":"US","city":"Fairfield","state":"Nebraska","state_ab":"NE","county":"Clay","geo_location":{ "type": "Point", "coordinates": [-98.1063, 40.4285] }},
{"zip_code":"68822","country":"US","city":"Broken Bow","state":"Nebraska","state_ab":"NE","county":"Custer","geo_location":{ "type": "Point", "coordinates": [-99.6355, 41.4126] }},
{"zip_code":"68732","country":"US","city":"Dixon","state":"Nebraska","state_ab":"NE","county":"Dixon","geo_location":{ "type": "Point", "coordinates": [-96.9774, 42.4185] }},
{"zip_code":"68785","country":"US","city":"Waterbury","state":"Nebraska","state_ab":"NE","county":"Dixon","geo_location":{ "type": "Point", "coordinates": [-96.7448, 42.4604] }},
{"zip_code":"68022","country":"US","city":"Elkhorn","state":"Nebraska","state_ab":"NE","county":"Douglas","geo_location":{ "type": "Point", "coordinates": [-96.2431, 41.2756] }},
{"zip_code":"68112","country":"US","city":"Omaha","state":"Nebraska","state_ab":"NE","county":"Douglas","geo_location":{ "type": "Point", "coordinates": [-95.9597, 41.3296] }},
{"zip_code":"68152","country":"US","city":"Omaha","state":"Nebraska","state_ab":"NE","county":"Douglas","geo_location":{ "type": "Point", "coordinates": [-96.0003, 41.3346] }},
{"zip_code":"68178","country":"US","city":"Omaha","state":"Nebraska","state_ab":"NE","county":"Douglas","geo_location":{ "type": "Point", "coordinates": [-95.9477, 41.2657] }},
{"zip_code":"69025","country":"US","city":"Curtis","state":"Nebraska","state_ab":"NE","county":"Frontier","geo_location":{ "type": "Point", "coordinates": [-100.5104, 40.6131] }},
{"zip_code":"69038","country":"US","city":"Maywood","state":"Nebraska","state_ab":"NE","county":"Frontier","geo_location":{ "type": "Point", "coordinates": [-100.6421, 40.5893] }},
{"zip_code":"68318","country":"US","city":"Blue Springs","state":"Nebraska","state_ab":"NE","county":"Gage","geo_location":{ "type": "Point", "coordinates": [-96.659, 40.1407] }},
{"zip_code":"68422","country":"US","city":"Pickrell","state":"Nebraska","state_ab":"NE","county":"Gage","geo_location":{ "type": "Point", "coordinates": [-96.7344, 40.3821] }},
{"zip_code":"68875","country":"US","city":"Scotia","state":"Nebraska","state_ab":"NE","county":"Greeley","geo_location":{ "type": "Point", "coordinates": [-98.6893, 41.4837] }},
{"zip_code":"68835","country":"US","city":"Elba","state":"Nebraska","state_ab":"NE","county":"Howard","geo_location":{ "type": "Point", "coordinates": [-98.5756, 41.2864] }},
{"zip_code":"68332","country":"US","city":"Crab Orchard","state":"Nebraska","state_ab":"NE","county":"Johnson","geo_location":{ "type": "Point", "coordinates": [-96.4116, 40.3166] }},
{"zip_code":"69155","country":"US","city":"Paxton","state":"Nebraska","state_ab":"NE","county":"Keith","geo_location":{ "type": "Point", "coordinates": [-101.3585, 41.1268] }},
{"zip_code":"69128","country":"US","city":"Bushnell","state":"Nebraska","state_ab":"NE","county":"Kimball","geo_location":{ "type": "Point", "coordinates": [-103.9075, 41.2139] }},
{"zip_code":"68718","country":"US","city":"Bloomfield","state":"Nebraska","state_ab":"NE","county":"Knox","geo_location":{ "type": "Point", "coordinates": [-97.6545, 42.5978] }},
{"zip_code":"68358","country":"US","city":"Firth","state":"Nebraska","state_ab":"NE","county":"Lancaster","geo_location":{ "type": "Point", "coordinates": [-96.614, 40.5586] }},
{"zip_code":"68372","country":"US","city":"Hickman","state":"Nebraska","state_ab":"NE","county":"Lancaster","geo_location":{ "type": "Point", "coordinates": [-96.6247, 40.6119] }},
{"zip_code":"68462","country":"US","city":"Waverly","state":"Nebraska","state_ab":"NE","county":"Lancaster","geo_location":{ "type": "Point", "coordinates": [-96.526, 40.9222] }},
{"zip_code":"68512","country":"US","city":"Lincoln","state":"Nebraska","state_ab":"NE","county":"Lancaster","geo_location":{ "type": "Point", "coordinates": [-96.6946, 40.7565] }},
{"zip_code":"68758","country":"US","city":"Newman Grove","state":"Nebraska","state_ab":"NE","county":"Madison","geo_location":{ "type": "Point", "coordinates": [-97.774, 41.7498] }},
{"zip_code":"68628","country":"US","city":"Clarks","state":"Nebraska","state_ab":"NE","county":"Merrick","geo_location":{ "type": "Point", "coordinates": [-97.8461, 41.2328] }},
{"zip_code":"68305","country":"US","city":"Auburn","state":"Nebraska","state_ab":"NE","county":"Nemaha","geo_location":{ "type": "Point", "coordinates": [-95.8526, 40.3789] }},
{"zip_code":"68978","country":"US","city":"Superior","state":"Nebraska","state_ab":"NE","county":"Nuckolls","geo_location":{ "type": "Point", "coordinates": [-98.0779, 40.0315] }},
{"zip_code":"68448","country":"US","city":"Talmage","state":"Nebraska","state_ab":"NE","county":"Otoe","geo_location":{ "type": "Point", "coordinates": [-96.0138, 40.5586] }},
{"zip_code":"68345","country":"US","city":"Du Bois","state":"Nebraska","state_ab":"NE","county":"Pawnee","geo_location":{ "type": "Point", "coordinates": [-96.0575, 40.0375] }},
{"zip_code":"69168","country":"US","city":"Venango","state":"Nebraska","state_ab":"NE","county":"Perkins","geo_location":{ "type": "Point", "coordinates": [-101.9839, 40.8073] }},
{"zip_code":"68602","country":"US","city":"Columbus","state":"Nebraska","state_ab":"NE","county":"Platte","geo_location":{ "type": "Point", "coordinates": [-97.5418, 41.5381] }},
{"zip_code":"68642","country":"US","city":"Humphrey","state":"Nebraska","state_ab":"NE","county":"Platte","geo_location":{ "type": "Point", "coordinates": [-97.4986, 41.6702] }},
{"zip_code":"68772","country":"US","city":"Rose","state":"Nebraska","state_ab":"NE","county":"Rock","geo_location":{ "type": "Point", "coordinates": [-99.4559, 42.4452] }},
{"zip_code":"68138","country":"US","city":"Omaha","state":"Nebraska","state_ab":"NE","county":"Sarpy","geo_location":{ "type": "Point", "coordinates": [-96.1376, 41.1549] }},
{"zip_code":"68035","country":"US","city":"Leshara","state":"Nebraska","state_ab":"NE","county":"Saunders","geo_location":{ "type": "Point", "coordinates": [-96.4448, 41.3394] }},
{"zip_code":"69335","country":"US","city":"Bingham","state":"Nebraska","state_ab":"NE","county":"Sheridan","geo_location":{ "type": "Point", "coordinates": [-102.4715, 42.7306] }},
{"zip_code":"69142","country":"US","city":"Halsey","state":"Nebraska","state_ab":"NE","county":"Thomas","geo_location":{ "type": "Point", "coordinates": [-100.2955, 41.9291] }},
{"zip_code":"68062","country":"US","city":"Thurston","state":"Nebraska","state_ab":"NE","county":"Thurston","geo_location":{ "type": "Point", "coordinates": [-96.6904, 42.1882] }},
{"zip_code":"68862","country":"US","city":"Ord","state":"Nebraska","state_ab":"NE","county":"Valley","geo_location":{ "type": "Point", "coordinates": [-98.9418, 41.5962] }},
{"zip_code":"68008","country":"US","city":"Blair","state":"Nebraska","state_ab":"NE","county":"Washington","geo_location":{ "type": "Point", "coordinates": [-96.1617, 41.5454] }},
{"zip_code":"68952","country":"US","city":"Inavale","state":"Nebraska","state_ab":"NE","county":"Webster","geo_location":{ "type": "Point", "coordinates": [-98.6612, 40.0959] }},
{"zip_code":"3218","country":"US","city":"Barnstead","state":"New Hampshire","state_ab":"NH","county":"Belknap","geo_location":{ "type": "Point", "coordinates": [-71.2887, 43.3349] }},
{"zip_code":"10805","country":"US","city":"New Rochelle","state":"New York","state_ab":"NY","county":"Westchester","geo_location":{ "type": "Point", "coordinates": [-73.781, 40.9002] }},
{"zip_code":"14418","country":"US","city":"Branchport","state":"New York","state_ab":"NY","county":"Yates","geo_location":{ "type": "Point", "coordinates": [-77.2052, 42.6065] }},
{"zip_code":"45805","country":"US","city":"Lima","state":"Ohio","state_ab":"OH","county":"Allen","geo_location":{ "type": "Point", "coordinates": [-84.1459, 40.7399] }},
{"zip_code":"44842","country":"US","city":"Loudonville","state":"Ohio","state_ab":"OH","county":"Ashland","geo_location":{ "type": "Point", "coordinates": [-82.2356, 40.6361] }},
{"zip_code":"44068","country":"US","city":"North Kingsville","state":"Ohio","state_ab":"OH","county":"Ashtabula","geo_location":{ "type": "Point", "coordinates": [-80.685, 41.9046] }},
{"zip_code":"44082","country":"US","city":"Pierpont","state":"Ohio","state_ab":"OH","county":"Ashtabula","geo_location":{ "type": "Point", "coordinates": [-80.5741, 41.7677] }},
{"zip_code":"45782","country":"US","city":"Trimble","state":"Ohio","state_ab":"OH","county":"Athens","geo_location":{ "type": "Point", "coordinates": [-82.0805, 39.4845] }},
{"zip_code":"45885","country":"US","city":"Saint Marys","state":"Ohio","state_ab":"OH","county":"Auglaize","geo_location":{ "type": "Point", "coordinates": [-84.3944, 40.544] }},
{"zip_code":"43902","country":"US","city":"Alledonia","state":"Ohio","state_ab":"OH","county":"Belmont","geo_location":{ "type": "Point", "coordinates": [-80.9578, 39.9053] }},
{"zip_code":"43928","country":"US","city":"Glencoe","state":"Ohio","state_ab":"OH","county":"Belmont","geo_location":{ "type": "Point", "coordinates": [-80.8993, 40.0109] }},
{"zip_code":"43942","country":"US","city":"Powhatan Point","state":"Ohio","state_ab":"OH","county":"Belmont","geo_location":{ "type": "Point", "coordinates": [-80.8168, 39.8679] }},
{"zip_code":"45018","country":"US","city":"Fairfield","state":"Ohio","state_ab":"OH","county":"Butler","geo_location":{ "type": "Point", "coordinates": [-84.5757, 39.441] }},
{"zip_code":"44675","country":"US","city":"Sherrodsville","state":"Ohio","state_ab":"OH","county":"Carroll","geo_location":{ "type": "Point", "coordinates": [-81.2339, 40.5184] }},
{"zip_code":"43078","country":"US","city":"Urbana","state":"Ohio","state_ab":"OH","county":"Champaign","geo_location":{ "type": "Point", "coordinates": [-83.7671, 40.1066] }},
{"zip_code":"45368","country":"US","city":"South Charleston","state":"Ohio","state_ab":"OH","county":"Clark","geo_location":{ "type": "Point", "coordinates": [-83.6653, 39.8543] }},
{"zip_code":"45122","country":"US","city":"Goshen","state":"Ohio","state_ab":"OH","county":"Clermont","geo_location":{ "type": "Point", "coordinates": [-84.1188, 39.2209] }},
{"zip_code":"45148","country":"US","city":"Midland","state":"Ohio","state_ab":"OH","county":"Clinton","geo_location":{ "type": "Point", "coordinates": [-83.8931, 39.2917] }},
{"zip_code":"43968","country":"US","city":"Wellsville","state":"Ohio","state_ab":"OH","county":"Columbiana","geo_location":{ "type": "Point", "coordinates": [-80.6621, 40.6171] }},
{"zip_code":"44415","country":"US","city":"Elkton","state":"Ohio","state_ab":"OH","county":"Columbiana","geo_location":{ "type": "Point", "coordinates": [-80.7042, 40.763] }},
{"zip_code":"44455","country":"US","city":"Rogers","state":"Ohio","state_ab":"OH","county":"Columbiana","geo_location":{ "type": "Point", "coordinates": [-80.6202, 40.7789] }},
{"zip_code":"43812","country":"US","city":"Coshocton","state":"Ohio","state_ab":"OH","county":"Coshocton","geo_location":{ "type": "Point", "coordinates": [-81.866, 40.2754] }},
{"zip_code":"44105","country":"US","city":"Cleveland","state":"Ohio","state_ab":"OH","county":"Cuyahoga","geo_location":{ "type": "Point", "coordinates": [-81.619, 41.4509] }},
{"zip_code":"44118","country":"US","city":"Cleveland","state":"Ohio","state_ab":"OH","county":"Cuyahoga","geo_location":{ "type": "Point", "coordinates": [-81.5516, 41.5008] }},
{"zip_code":"44132","country":"US","city":"Euclid","state":"Ohio","state_ab":"OH","county":"Cuyahoga","geo_location":{ "type": "Point", "coordinates": [-81.4993, 41.6069] }},
{"zip_code":"44145","country":"US","city":"Westlake","state":"Ohio","state_ab":"OH","county":"Cuyahoga","geo_location":{ "type": "Point", "coordinates": [-81.9218, 41.4535] }},
{"zip_code":"44185","country":"US","city":"Cleveland","state":"Ohio","state_ab":"OH","county":"Cuyahoga","geo_location":{ "type": "Point", "coordinates": [-81.6728, 41.6857] }},
{"zip_code":"44198","country":"US","city":"Cleveland","state":"Ohio","state_ab":"OH","county":"Cuyahoga","geo_location":{ "type": "Point", "coordinates": [-81.6728, 41.6857] }},
{"zip_code":"45328","country":"US","city":"Gettysburg","state":"Ohio","state_ab":"OH","county":"Darke","geo_location":{ "type": "Point", "coordinates": [-84.4934, 40.1147] }},
{"zip_code":"43065","country":"US","city":"Powell","state":"Ohio","state_ab":"OH","county":"Delaware","geo_location":{ "type": "Point", "coordinates": [-83.0912, 40.1834] }},
{"zip_code":"43438","country":"US","city":"Kelleys Island","state":"Ohio","state_ab":"OH","county":"Erie","geo_location":{ "type": "Point", "coordinates": [-82.7068, 41.6008] }},
{"zip_code":"43102","country":"US","city":"Amanda","state":"Ohio","state_ab":"OH","county":"Fairfield","geo_location":{ "type": "Point", "coordinates": [-82.7552, 39.6251] }},
{"zip_code":"43155","country":"US","city":"Sugar Grove","state":"Ohio","state_ab":"OH","county":"Fairfield","geo_location":{ "type": "Point", "coordinates": [-82.5321, 39.6277] }},
{"zip_code":"43128","country":"US","city":"Jeffersonville","state":"Ohio","state_ab":"OH","county":"Fayette","geo_location":{ "type": "Point", "coordinates": [-83.5687, 39.659] }},
{"zip_code":"43142","country":"US","city":"Milledgeville","state":"Ohio","state_ab":"OH","county":"Fayette","geo_location":{ "type": "Point", "coordinates": [-83.5873, 39.5937] }},
{"zip_code":"43195","country":"US","city":"Groveport","state":"Ohio","state_ab":"OH","county":"Franklin County","geo_location":{ "type": "Point", "coordinates": [-82.8916, 39.8614] }},
{"zip_code":"43205","country":"US","city":"Columbus","state":"Ohio","state_ab":"OH","county":"Franklin","geo_location":{ "type": "Point", "coordinates": [-82.9644, 39.9569] }},
{"zip_code":"43218","country":"US","city":"Columbus","state":"Ohio","state_ab":"OH","county":"Franklin","geo_location":{ "type": "Point", "coordinates": [-83.0114, 39.969] }},
{"zip_code":"43232","country":"US","city":"Columbus","state":"Ohio","state_ab":"OH","county":"Franklin","geo_location":{ "type": "Point", "coordinates": [-82.8664, 39.923] }},
{"zip_code":"43272","country":"US","city":"Columbus","state":"Ohio","state_ab":"OH","county":"Franklin","geo_location":{ "type": "Point", "coordinates": [-83.0114, 39.969] }},
{"zip_code":"43502","country":"US","city":"Archbold","state":"Ohio","state_ab":"OH","county":"Fulton","geo_location":{ "type": "Point", "coordinates": [-84.3048, 41.5333] }},
{"zip_code":"43515","country":"US","city":"Delta","state":"Ohio","state_ab":"OH","county":"Fulton","geo_location":{ "type": "Point", "coordinates": [-83.9866, 41.5577] }},
{"zip_code":"43722","country":"US","city":"Buffalo","state":"Ohio","state_ab":"OH","county":"Guernsey","geo_location":{ "type": "Point", "coordinates": [-81.5311, 39.9194] }},
{"zip_code":"45212","country":"US","city":"Cincinnati","state":"Ohio","state_ab":"OH","county":"Hamilton","geo_location":{ "type": "Point", "coordinates": [-84.4522, 39.1642] }},
{"zip_code":"45225","country":"US","city":"Cincinnati","state":"Ohio","state_ab":"OH","county":"Hamilton","geo_location":{ "type": "Point", "coordinates": [-84.5533, 39.1447] }},
{"zip_code":"45238","country":"US","city":"Cincinnati","state":"Ohio","state_ab":"OH","county":"Hamilton","geo_location":{ "type": "Point", "coordinates": [-84.6108, 39.1092] }},
{"zip_code":"45252","country":"US","city":"Cincinnati","state":"Ohio","state_ab":"OH","county":"Hamilton","geo_location":{ "type": "Point", "coordinates": [-84.6283, 39.2668] }},
{"zip_code":"45858","country":"US","city":"Mc Comb","state":"Ohio","state_ab":"OH","county":"Hancock","geo_location":{ "type": "Point", "coordinates": [-83.8014, 41.1125] }},
{"zip_code":"43555","country":"US","city":"Ridgeville Corners","state":"Ohio","state_ab":"OH","county":"Henry","geo_location":{ "type": "Point", "coordinates": [-84.2544, 41.4351] }},
{"zip_code":"45135","country":"US","city":"Leesburg","state":"Ohio","state_ab":"OH","county":"Highland","geo_location":{ "type": "Point", "coordinates": [-83.5481, 39.3458] }},
{"zip_code":"44855","country":"US","city":"North Fairfield","state":"Ohio","state_ab":"OH","county":"Huron","geo_location":{ "type": "Point", "coordinates": [-82.5998, 41.103] }},
{"zip_code":"45692","country":"US","city":"Wellston","state":"Ohio","state_ab":"OH","county":"Jackson","geo_location":{ "type": "Point", "coordinates": [-82.5485, 39.1189] }},
{"zip_code":"44095","country":"US","city":"Eastlake","state":"Ohio","state_ab":"OH","county":"Lake","geo_location":{ "type": "Point", "coordinates": [-81.4445, 41.6587] }},
{"zip_code":"45638","country":"US","city":"Ironton","state":"Ohio","state_ab":"OH","county":"Lawrence","geo_location":{ "type": "Point", "coordinates": [-82.6654, 38.5294] }},
{"zip_code":"45678","country":"US","city":"Scottown","state":"Ohio","state_ab":"OH","county":"Lawrence","geo_location":{ "type": "Point", "coordinates": [-82.3967, 38.594] }},
{"zip_code":"43025","country":"US","city":"Hebron","state":"Ohio","state_ab":"OH","county":"Licking","geo_location":{ "type": "Point", "coordinates": [-82.4919, 39.9535] }},
{"zip_code":"43348","country":"US","city":"Russells Point","state":"Ohio","state_ab":"OH","county":"Logan","geo_location":{ "type": "Point", "coordinates": [-83.887, 40.4675] }},
{"zip_code":"44028","country":"US","city":"Columbia Station","state":"Ohio","state_ab":"OH","county":"Lorain","geo_location":{ "type": "Point", "coordinates": [-81.9344, 41.3187] }},
{"zip_code":"44055","country":"US","city":"Lorain","state":"Ohio","state_ab":"OH","county":"Lorain","geo_location":{ "type": "Point", "coordinates": [-82.135, 41.4361] }},
{"zip_code":"43528","country":"US","city":"Holland","state":"Ohio","state_ab":"OH","county":"Lucas","geo_location":{ "type": "Point", "coordinates": [-83.7257, 41.6226] }},
{"zip_code":"43542","country":"US","city":"Monclova","state":"Ohio","state_ab":"OH","county":"Lucas","geo_location":{ "type": "Point", "coordinates": [-83.7757, 41.5684] }},
{"zip_code":"43605","country":"US","city":"Toledo","state":"Ohio","state_ab":"OH","county":"Lucas","geo_location":{ "type": "Point", "coordinates": [-83.5085, 41.6525] }},
{"zip_code":"43618","country":"US","city":"Oregon","state":"Ohio","state_ab":"OH","county":"Lucas","geo_location":{ "type": "Point", "coordinates": [-83.3991, 41.6569] }},
{"zip_code":"44442","country":"US","city":"New Middletown","state":"Ohio","state_ab":"OH","county":"Mahoning","geo_location":{ "type": "Point", "coordinates": [-80.5534, 40.9646] }},
{"zip_code":"44505","country":"US","city":"Youngstown","state":"Ohio","state_ab":"OH","county":"Mahoning","geo_location":{ "type": "Point", "coordinates": [-80.6277, 41.1257] }},
{"zip_code":"44598","country":"US","city":"Youngstown","state":"Ohio","state_ab":"OH","county":"Mahoning","geo_location":{ "type": "Point", "coordinates": [-80.8029, 41.0171] }},
{"zip_code":"43322","country":"US","city":"Green Camp","state":"Ohio","state_ab":"OH","county":"Marion","geo_location":{ "type": "Point", "coordinates": [-83.2078, 40.5322] }},
{"zip_code":"43335","country":"US","city":"Martel","state":"Ohio","state_ab":"OH","county":"Marion","geo_location":{ "type": "Point", "coordinates": [-82.91, 40.6685] }},
{"zip_code":"44235","country":"US","city":"Homerville","state":"Ohio","state_ab":"OH","county":"Medina","geo_location":{ "type": "Point", "coordinates": [-82.125, 41.0267] }},
{"zip_code":"44275","country":"US","city":"Spencer","state":"Ohio","state_ab":"OH","county":"Medina","geo_location":{ "type": "Point", "coordinates": [-82.0999, 41.0983] }},
{"zip_code":"43915","country":"US","city":"Clarington","state":"Ohio","state_ab":"OH","county":"Monroe","geo_location":{ "type": "Point", "coordinates": [-80.9113, 39.7819] }},
{"zip_code":"45315","country":"US","city":"Clayton","state":"Ohio","state_ab":"OH","county":"Montgomery","geo_location":{ "type": "Point", "coordinates": [-84.3399, 39.8551] }},
{"zip_code":"45342","country":"US","city":"Miamisburg","state":"Ohio","state_ab":"OH","county":"Montgomery","geo_location":{ "type": "Point", "coordinates": [-84.2675, 39.6321] }},
{"zip_code":"45405","country":"US","city":"Dayton","state":"Ohio","state_ab":"OH","county":"Montgomery","geo_location":{ "type": "Point", "coordinates": [-84.2135, 39.7899] }},
{"zip_code":"45418","country":"US","city":"Dayton","state":"Ohio","state_ab":"OH","county":"Montgomery","geo_location":{ "type": "Point", "coordinates": [-84.2652, 39.6957] }},
{"zip_code":"45432","country":"US","city":"Dayton","state":"Ohio","state_ab":"OH","county":"Montgomery","geo_location":{ "type": "Point", "coordinates": [-84.0856, 39.739] }},
{"zip_code":"45458","country":"US","city":"Dayton","state":"Ohio","state_ab":"OH","county":"Montgomery","geo_location":{ "type": "Point", "coordinates": [-84.1695, 39.6062] }},
{"zip_code":"43735","country":"US","city":"East Fultonham","state":"Ohio","state_ab":"OH","county":"Muskingum","geo_location":{ "type": "Point", "coordinates": [-82.1213, 39.8539] }},
{"zip_code":"43762","country":"US","city":"New Concord","state":"Ohio","state_ab":"OH","county":"Muskingum","geo_location":{ "type": "Point", "coordinates": [-81.7387, 40.0088] }},
{"zip_code":"43788","country":"US","city":"Summerfield","state":"Ohio","state_ab":"OH","county":"Noble","geo_location":{ "type": "Point", "coordinates": [-81.332, 39.8036] }},
{"zip_code":"43412","country":"US","city":"Curtice","state":"Ohio","state_ab":"OH","county":"Ottawa","geo_location":{ "type": "Point", "coordinates": [-83.2858, 41.6477] }},
{"zip_code":"43452","country":"US","city":"Port Clinton","state":"Ohio","state_ab":"OH","county":"Ottawa","geo_location":{ "type": "Point", "coordinates": [-83.0502, 41.5583] }},
{"zip_code":"43748","country":"US","city":"Junction City","state":"Ohio","state_ab":"OH","county":"Perry","geo_location":{ "type": "Point", "coordinates": [-82.3155, 39.6965] }},
{"zip_code":"44288","country":"US","city":"Windham","state":"Ohio","state_ab":"OH","county":"Portage","geo_location":{ "type": "Point", "coordinates": [-81.0535, 41.2392] }},
{"zip_code":"45382","country":"US","city":"West Manchester","state":"Ohio","state_ab":"OH","county":"Preble","geo_location":{ "type": "Point", "coordinates": [-84.6194, 39.9026] }},
{"zip_code":"44905","country":"US","city":"Mansfield","state":"Ohio","state_ab":"OH","county":"Richland","geo_location":{ "type": "Point", "coordinates": [-82.4613, 40.7779] }},
{"zip_code":"43115","country":"US","city":"Clarksburg","state":"Ohio","state_ab":"OH","county":"Ross","geo_location":{ "type": "Point", "coordinates": [-83.1563, 39.4904] }},
{"zip_code":"45612","country":"US","city":"Bainbridge","state":"Ohio","state_ab":"OH","county":"Ross","geo_location":{ "type": "Point", "coordinates": [-83.2763, 39.2131] }},
{"zip_code":"45652","country":"US","city":"Mc Dermott","state":"Ohio","state_ab":"OH","county":"Scioto","geo_location":{ "type": "Point", "coordinates": [-83.0689, 38.8362] }},
{"zip_code":"44802","country":"US","city":"Alvada","state":"Ohio","state_ab":"OH","county":"Seneca","geo_location":{ "type": "Point", "coordinates": [-83.377, 41.0463] }},
{"zip_code":"44815","country":"US","city":"Bettsville","state":"Ohio","state_ab":"OH","county":"Seneca","geo_location":{ "type": "Point", "coordinates": [-83.2398, 41.2469] }},
{"zip_code":"44828","country":"US","city":"Flat Rock","state":"Ohio","state_ab":"OH","county":"Seneca","geo_location":{ "type": "Point", "coordinates": [-82.8597, 41.2371] }},
{"zip_code":"45302","country":"US","city":"Anna","state":"Ohio","state_ab":"OH","county":"Shelby","geo_location":{ "type": "Point", "coordinates": [-84.2103, 40.4051] }},
{"zip_code":"45845","country":"US","city":"Fort Loramie","state":"Ohio","state_ab":"OH","county":"Shelby","geo_location":{ "type": "Point", "coordinates": [-84.3741, 40.3306] }},
{"zip_code":"44608","country":"US","city":"Beach City","state":"Ohio","state_ab":"OH","county":"Stark","geo_location":{ "type": "Point", "coordinates": [-81.5851, 40.6562] }},
{"zip_code":"44648","country":"US","city":"Massillon","state":"Ohio","state_ab":"OH","county":"Stark","geo_location":{ "type": "Point", "coordinates": [-81.3683, 40.8118] }},
{"zip_code":"44662","country":"US","city":"Navarre","state":"Ohio","state_ab":"OH","county":"Stark","geo_location":{ "type": "Point", "coordinates": [-81.5338, 40.7204] }},
{"zip_code":"44688","country":"US","city":"Waynesburg","state":"Ohio","state_ab":"OH","county":"Stark","geo_location":{ "type": "Point", "coordinates": [-81.2659, 40.6829] }},
{"zip_code":"44712","country":"US","city":"Canton","state":"Ohio","state_ab":"OH","county":"Stark","geo_location":{ "type": "Point", "coordinates": [-81.3683, 40.8118] }},
{"zip_code":"44222","country":"US","city":"Cuyahoga Falls","state":"Ohio","state_ab":"OH","county":"Summit","geo_location":{ "type": "Point", "coordinates": [-81.54, 41.1287] }},
{"zip_code":"44262","country":"US","city":"Munroe Falls","state":"Ohio","state_ab":"OH","county":"Summit","geo_location":{ "type": "Point", "coordinates": [-81.4376, 41.142] }},
{"zip_code":"44312","country":"US","city":"Akron","state":"Ohio","state_ab":"OH","county":"Summit","geo_location":{ "type": "Point", "coordinates": [-81.4385, 41.0334] }},
{"zip_code":"44325","country":"US","city":"Akron","state":"Ohio","state_ab":"OH","county":"Summit","geo_location":{ "type": "Point", "coordinates": [-81.5103, 41.0764] }},
{"zip_code":"44402","country":"US","city":"Bristolville","state":"Ohio","state_ab":"OH","county":"Trumbull","geo_location":{ "type": "Point", "coordinates": [-80.8568, 41.3797] }},
{"zip_code":"44428","country":"US","city":"Kinsman","state":"Ohio","state_ab":"OH","county":"Trumbull","geo_location":{ "type": "Point", "coordinates": [-80.5765, 41.4354] }},
{"zip_code":"44482","country":"US","city":"Warren","state":"Ohio","state_ab":"OH","county":"Trumbull","geo_location":{ "type": "Point", "coordinates": [-80.7613, 41.3174] }},
{"zip_code":"44622","country":"US","city":"Dover","state":"Ohio","state_ab":"OH","county":"Tuscarawas","geo_location":{ "type": "Point", "coordinates": [-81.4763, 40.5343] }},
{"zip_code":"45832","country":"US","city":"Convoy","state":"Ohio","state_ab":"OH","county":"Van Wert","geo_location":{ "type": "Point", "coordinates": [-84.7238, 40.927] }},
{"zip_code":"45898","country":"US","city":"Willshire","state":"Ohio","state_ab":"OH","county":"Van Wert","geo_location":{ "type": "Point", "coordinates": [-84.7777, 40.7346] }},
{"zip_code":"45005","country":"US","city":"Franklin","state":"Ohio","state_ab":"OH","county":"Warren","geo_location":{ "type": "Point", "coordinates": [-84.303, 39.5357] }},
{"zip_code":"45032","country":"US","city":"Harveysburg","state":"Ohio","state_ab":"OH","county":"Warren","geo_location":{ "type": "Point", "coordinates": [-84.0067, 39.5013] }},
{"zip_code":"45162","country":"US","city":"Pleasant Plain","state":"Ohio","state_ab":"OH","county":"Warren","geo_location":{ "type": "Point", "coordinates": [-84.0967, 39.2884] }},
{"zip_code":"45715","country":"US","city":"Beverly","state":"Ohio","state_ab":"OH","county":"Washington","geo_location":{ "type": "Point", "coordinates": [-81.6346, 39.5714] }},
{"zip_code":"45742","country":"US","city":"Little Hocking","state":"Ohio","state_ab":"OH","county":"Washington","geo_location":{ "type": "Point", "coordinates": [-81.7071, 39.28] }},
{"zip_code":"45768","country":"US","city":"Newport","state":"Ohio","state_ab":"OH","county":"Washington","geo_location":{ "type": "Point", "coordinates": [-81.2402, 39.3971] }},
{"zip_code":"43465","country":"US","city":"Walbridge","state":"Ohio","state_ab":"OH","county":"Wood","geo_location":{ "type": "Point", "coordinates": [-83.493, 41.5861] }},
{"zip_code":"45872","country":"US","city":"North Baltimore","state":"Ohio","state_ab":"OH","county":"Wood","geo_location":{ "type": "Point", "coordinates": [-83.6806, 41.1867] }},
{"zip_code":"44882","country":"US","city":"Sycamore","state":"Ohio","state_ab":"OH","county":"Wyandot","geo_location":{ "type": "Point", "coordinates": [-83.1492, 40.9413] }},
{"zip_code":"74542","country":"US","city":"Atoka","state":"Oklahoma","state_ab":"OK","county":"Atoka","geo_location":{ "type": "Point", "coordinates": [-96.0397, 34.4187] }},
{"zip_code":"74555","country":"US","city":"Lane","state":"Oklahoma","state_ab":"OK","county":"Atoka","geo_location":{ "type": "Point", "coordinates": [-95.9685, 34.2691] }},
{"zip_code":"73938","country":"US","city":"Forgan","state":"Oklahoma","state_ab":"OK","county":"Beaver","geo_location":{ "type": "Point", "coordinates": [-100.5409, 36.9086] }},
{"zip_code":"73668","country":"US","city":"Texola","state":"Oklahoma","state_ab":"OK","county":"Beckham","geo_location":{ "type": "Point", "coordinates": [-99.9915, 35.2161] }},
{"zip_code":"73772","country":"US","city":"Watonga","state":"Oklahoma","state_ab":"OK","county":"Blaine","geo_location":{ "type": "Point", "coordinates": [-98.4175, 35.8538] }},
{"zip_code":"74748","country":"US","city":"Kenefic","state":"Oklahoma","state_ab":"OK","county":"Bryan","geo_location":{ "type": "Point", "coordinates": [-96.4998, 34.1792] }},
{"zip_code":"73048","country":"US","city":"Hydro","state":"Oklahoma","state_ab":"OK","county":"Caddo","geo_location":{ "type": "Point", "coordinates": [-98.5604, 35.452] }},
{"zip_code":"73022","country":"US","city":"Concho","state":"Oklahoma","state_ab":"OK","county":"Canadian","geo_location":{ "type": "Point", "coordinates": [-97.9796, 35.6193] }},
{"zip_code":"73088","country":"US","city":"Tussy","state":"Oklahoma","state_ab":"OK","county":"Carter County","geo_location":{ "type": "Point", "coordinates": [-97.5325, 34.4847] }},
{"zip_code":"73435","country":"US","city":"Fox","state":"Oklahoma","state_ab":"OK","county":"Carter","geo_location":{ "type": "Point", "coordinates": [-97.4924, 34.3488] }},
{"zip_code":"73488","country":"US","city":"Tussy","state":"Oklahoma","state_ab":"OK","county":"Carter","geo_location":{ "type": "Point", "coordinates": [-97.5423, 34.4852] }},
{"zip_code":"74452","country":"US","city":"Peggs","state":"Oklahoma","state_ab":"OK","county":"Cherokee","geo_location":{ "type": "Point", "coordinates": [-95.1199, 36.1154] }},
{"zip_code":"74465","country":"US","city":"Tahlequah","state":"Oklahoma","state_ab":"OK","county":"Cherokee","geo_location":{ "type": "Point", "coordinates": [-95.04, 35.9001] }},
{"zip_code":"74735","country":"US","city":"Fort Towson","state":"Oklahoma","state_ab":"OK","county":"Choctaw","geo_location":{ "type": "Point", "coordinates": [-95.253, 34.052] }},
{"zip_code":"73165","country":"US","city":"Oklahoma City","state":"Oklahoma","state_ab":"OK","county":"Cleveland","geo_location":{ "type": "Point", "coordinates": [-97.3534, 35.3267] }},
{"zip_code":"73538","country":"US","city":"Elgin","state":"Oklahoma","state_ab":"OK","county":"Comanche","geo_location":{ "type": "Point", "coordinates": [-98.4073, 34.772] }},
{"zip_code":"73552","country":"US","city":"Indiahoma","state":"Oklahoma","state_ab":"OK","county":"Comanche","geo_location":{ "type": "Point", "coordinates": [-98.7349, 34.6242] }},
{"zip_code":"74052","country":"US","city":"Oilton","state":"Oklahoma","state_ab":"OK","county":"Creek","geo_location":{ "type": "Point", "coordinates": [-96.5958, 36.0685] }},
{"zip_code":"73835","country":"US","city":"Camargo","state":"Oklahoma","state_ab":"OK","county":"Dewey","geo_location":{ "type": "Point", "coordinates": [-99.2781, 36.0212] }},
{"zip_code":"73705","country":"US","city":"Enid","state":"Oklahoma","state_ab":"OK","county":"Garfield","geo_location":{ "type": "Point", "coordinates": [-97.9026, 36.3382] }},
{"zip_code":"73035","country":"US","city":"Elmore City","state":"Oklahoma","state_ab":"OK","county":"Garvin County","geo_location":{ "type": "Point", "coordinates": [-97.3904, 34.6066] }},
{"zip_code":"73075","country":"US","city":"Pauls Valley","state":"Oklahoma","state_ab":"OK","county":"Garvin","geo_location":{ "type": "Point", "coordinates": [-97.2195, 34.7385] }},
{"zip_code":"73758","country":"US","city":"Manchester","state":"Oklahoma","state_ab":"OK","county":"Grant","geo_location":{ "type": "Point", "coordinates": [-98.0383, 36.9744] }},
{"zip_code":"73848","country":"US","city":"Laverne","state":"Oklahoma","state_ab":"OK","county":"Harper","geo_location":{ "type": "Point", "coordinates": [-99.8918, 36.7062] }},
{"zip_code":"73565","country":"US","city":"Ryan","state":"Oklahoma","state_ab":"OK","county":"Jefferson","geo_location":{ "type": "Point", "coordinates": [-97.9461, 34.0238] }},
{"zip_code":"74632","country":"US","city":"Braman","state":"Oklahoma","state_ab":"OK","county":"Kay","geo_location":{ "type": "Point", "coordinates": [-97.3082, 36.9331] }},
{"zip_code":"73062","country":"US","city":"Mountain View","state":"Oklahoma","state_ab":"OK","county":"Kiowa","geo_location":{ "type": "Point", "coordinates": [-98.7307, 35.0654] }},
{"zip_code":"73655","country":"US","city":"Lone Wolf","state":"Oklahoma","state_ab":"OK","county":"Kiowa","geo_location":{ "type": "Point", "coordinates": [-99.2502, 34.9806] }},
{"zip_code":"74902","country":"US","city":"Pocola","state":"Oklahoma","state_ab":"OK","county":"Le Flore","geo_location":{ "type": "Point", "coordinates": [-94.476, 35.2436] }},
{"zip_code":"74942","country":"US","city":"Leflore","state":"Oklahoma","state_ab":"OK","county":"Le Flore","geo_location":{ "type": "Point", "coordinates": [-94.9758, 34.8979] }},
{"zip_code":"73448","country":"US","city":"Marietta","state":"Oklahoma","state_ab":"OK","county":"Love","geo_location":{ "type": "Point", "coordinates": [-97.1148, 33.9431] }},
{"zip_code":"74722","country":"US","city":"Battiest","state":"Oklahoma","state_ab":"OK","county":"McCurtain","geo_location":{ "type": "Point", "coordinates": [-94.947, 34.4246] }},
{"zip_code":"74438","country":"US","city":"Hitchita","state":"Oklahoma","state_ab":"OK","county":"McIntosh","geo_location":{ "type": "Point", "coordinates": [-95.7596, 35.5297] }},
{"zip_code":"73718","country":"US","city":"Ames","state":"Oklahoma","state_ab":"OK","county":"Major","geo_location":{ "type": "Point", "coordinates": [-98.182, 36.2423] }},
{"zip_code":"74362","country":"US","city":"Pryor","state":"Oklahoma","state_ab":"OK","county":"Mayes","geo_location":{ "type": "Point", "coordinates": [-95.2228, 36.2925] }},
{"zip_code":"73008","country":"US","city":"Bethany","state":"Oklahoma","state_ab":"OK","county":"Oklahoma","geo_location":{ "type": "Point", "coordinates": [-97.6399, 35.5043] }},
{"zip_code":"70375","country":"US","city":"Mathews","state":"Louisiana","state_ab":"LA","county":"Lafourche","geo_location":{ "type": "Point", "coordinates": [-90.5496, 29.6938] }},
{"zip_code":"71235","country":"US","city":"Dubach","state":"Louisiana","state_ab":"LA","county":"Lincoln","geo_location":{ "type": "Point", "coordinates": [-92.6785, 32.6949] }},
{"zip_code":"71275","country":"US","city":"Simsboro","state":"Louisiana","state_ab":"LA","county":"Lincoln","geo_location":{ "type": "Point", "coordinates": [-92.7995, 32.5384] }},
{"zip_code":"71002","country":"US","city":"Ashland","state":"Louisiana","state_ab":"LA","county":"Natchitoches","geo_location":{ "type": "Point", "coordinates": [-93.0906, 32.1378] }},
{"zip_code":"71428","country":"US","city":"Flora","state":"Louisiana","state_ab":"LA","county":"Natchitoches","geo_location":{ "type": "Point", "coordinates": [-93.098, 31.6124] }},
{"zip_code":"71455","country":"US","city":"Mora","state":"Louisiana","state_ab":"LA","county":"Natchitoches","geo_location":{ "type": "Point", "coordinates": [-92.974, 31.4016] }},
{"zip_code":"71468","country":"US","city":"Provencal","state":"Louisiana","state_ab":"LA","county":"Natchitoches","geo_location":{ "type": "Point", "coordinates": [-93.1488, 31.5157] }},
{"zip_code":"70115","country":"US","city":"New Orleans","state":"Louisiana","state_ab":"LA","county":"Orleans","geo_location":{ "type": "Point", "coordinates": [-90.1005, 29.9289] }},
{"zip_code":"70128","country":"US","city":"New Orleans","state":"Louisiana","state_ab":"LA","county":"Orleans","geo_location":{ "type": "Point", "coordinates": [-89.9585, 30.0487] }},
{"zip_code":"70142","country":"US","city":"New Orleans","state":"Louisiana","state_ab":"LA","county":"Orleans","geo_location":{ "type": "Point", "coordinates": [-89.8826, 30.033] }},
{"zip_code":"70182","country":"US","city":"New Orleans","state":"Louisiana","state_ab":"LA","county":"Orleans","geo_location":{ "type": "Point", "coordinates": [-89.816, 30.0676] }},
{"zip_code":"70195","country":"US","city":"New Orleans","state":"Louisiana","state_ab":"LA","county":"Orleans","geo_location":{ "type": "Point", "coordinates": [-89.8826, 30.033] }},
{"zip_code":"71208","country":"US","city":"Monroe","state":"Louisiana","state_ab":"LA","county":"Ouachita","geo_location":{ "type": "Point", "coordinates": [-92.0756, 32.4968] }},
{"zip_code":"70038","country":"US","city":"Boothville","state":"Louisiana","state_ab":"LA","county":"Plaquemines","geo_location":{ "type": "Point", "coordinates": [-89.3814, 29.3079] }},
{"zip_code":"70762","country":"US","city":"Oscar","state":"Louisiana","state_ab":"LA","county":"Pointe Coupee","geo_location":{ "type": "Point", "coordinates": [-91.4577, 30.5983] }},
{"zip_code":"71325","country":"US","city":"Cheneyville","state":"Louisiana","state_ab":"LA","county":"Rapides","geo_location":{ "type": "Point", "coordinates": [-92.2951, 31.0201] }},
{"zip_code":"71365","country":"US","city":"Ruby","state":"Louisiana","state_ab":"LA","county":"Rapides","geo_location":{ "type": "Point", "coordinates": [-92.5269, 31.2034] }},
{"zip_code":"70092","country":"US","city":"Violet","state":"Louisiana","state_ab":"LA","county":"St. Bernard","geo_location":{ "type": "Point", "coordinates": [-89.896, 29.9043] }},
{"zip_code":"70078","country":"US","city":"New Sarpy","state":"Louisiana","state_ab":"LA","county":"St. Charles","geo_location":{ "type": "Point", "coordinates": [-90.3859, 29.9817] }},
{"zip_code":"70052","country":"US","city":"Gramercy","state":"Louisiana","state_ab":"LA","county":"St. James","geo_location":{ "type": "Point", "coordinates": [-90.6902, 30.0527] }},
{"zip_code":"70582","country":"US","city":"Saint Martinville","state":"Louisiana","state_ab":"LA","county":"St. Martin","geo_location":{ "type": "Point", "coordinates": [-91.7794, 30.2237] }},
{"zip_code":"70452","country":"US","city":"Pearl River","state":"Louisiana","state_ab":"LA","county":"St. Tammany","geo_location":{ "type": "Point", "coordinates": [-89.7732, 30.3944] }},
{"zip_code":"70465","country":"US","city":"Tangipahoa","state":"Louisiana","state_ab":"LA","county":"Tangipahoa","geo_location":{ "type": "Point", "coordinates": [-90.5089, 30.8764] }},
{"zip_code":"71222","country":"US","city":"Bernice","state":"Louisiana","state_ab":"LA","county":"Union","geo_location":{ "type": "Point", "coordinates": [-92.6263, 32.821] }},
{"zip_code":"70528","country":"US","city":"Delcambre","state":"Louisiana","state_ab":"LA","county":"Vermilion","geo_location":{ "type": "Point", "coordinates": [-91.9889, 29.9474] }},
{"zip_code":"70542","country":"US","city":"Gueydan","state":"Louisiana","state_ab":"LA","county":"Vermilion","geo_location":{ "type": "Point", "coordinates": [-92.5338, 30.0255] }},
{"zip_code":"70555","country":"US","city":"Maurice","state":"Louisiana","state_ab":"LA","county":"Vermilion","geo_location":{ "type": "Point", "coordinates": [-92.107, 30.0722] }},
{"zip_code":"70438","country":"US","city":"Franklinton","state":"Louisiana","state_ab":"LA","county":"Washington","geo_location":{ "type": "Point", "coordinates": [-90.1155, 30.8577] }},
{"zip_code":"71055","country":"US","city":"Minden","state":"Louisiana","state_ab":"LA","county":"Webster","geo_location":{ "type": "Point", "coordinates": [-93.2886, 32.6323] }},
{"zip_code":"70775","country":"US","city":"Saint Francisville","state":"Louisiana","state_ab":"LA","county":"West Feliciana","geo_location":{ "type": "Point", "coordinates": [-91.4186, 30.8694] }},
{"zip_code":"2565","country":"US","city":"Silver Beach","state":"Massachusetts","state_ab":"MA","county":"Barnstable","geo_location":{ "type": "Point", "coordinates": [-70.3087, 41.7993] }},
{"zip_code":"2642","country":"US","city":"Eastham","state":"Massachusetts","state_ab":"MA","county":"Barnstable","geo_location":{ "type": "Point", "coordinates": [-69.9849, 41.8408] }},
{"zip_code":"2655","country":"US","city":"Osterville","state":"Massachusetts","state_ab":"MA","county":"Barnstable","geo_location":{ "type": "Point", "coordinates": [-70.3837, 41.63] }},
{"zip_code":"2668","country":"US","city":"West Barnstable","state":"Massachusetts","state_ab":"MA","county":"Barnstable","geo_location":{ "type": "Point", "coordinates": [-70.372, 41.7002] }},
{"zip_code":"1225","country":"US","city":"Cheshire","state":"Massachusetts","state_ab":"MA","county":"Berkshire","geo_location":{ "type": "Point", "coordinates": [-73.158, 42.5611] }},
{"zip_code":"1238","country":"US","city":"Lee","state":"Massachusetts","state_ab":"MA","county":"Berkshire","geo_location":{ "type": "Point", "coordinates": [-73.2317, 42.299] }},
{"zip_code":"1252","country":"US","city":"North Egremont","state":"Massachusetts","state_ab":"MA","county":"Berkshire","geo_location":{ "type": "Point", "coordinates": [-73.4462, 42.1986] }},
{"zip_code":"2048","country":"US","city":"Mansfield","state":"Massachusetts","state_ab":"MA","county":"Bristol","geo_location":{ "type": "Point", "coordinates": [-71.2178, 42.0212] }},
{"zip_code":"2718","country":"US","city":"East Taunton","state":"Massachusetts","state_ab":"MA","county":"Bristol","geo_location":{ "type": "Point", "coordinates": [-71.0192, 41.8736] }},
{"zip_code":"2745","country":"US","city":"New Bedford","state":"Massachusetts","state_ab":"MA","county":"Bristol","geo_location":{ "type": "Point", "coordinates": [-70.9355, 41.6913] }},
{"zip_code":"2552","country":"US","city":"Menemsha","state":"Massachusetts","state_ab":"MA","county":"Dukes","geo_location":{ "type": "Point", "coordinates": [-70.6431, 41.3798] }},
{"zip_code":"1832","country":"US","city":"Haverhill","state":"Massachusetts","state_ab":"MA","county":"Essex","geo_location":{ "type": "Point", "coordinates": [-71.1095, 42.7792] }},
{"zip_code":"1845","country":"US","city":"North Andover","state":"Massachusetts","state_ab":"MA","county":"Essex","geo_location":{ "type": "Point", "coordinates": [-71.109, 42.6826] }},
{"zip_code":"1885","country":"US","city":"West Boxford","state":"Massachusetts","state_ab":"MA","county":"Essex","geo_location":{ "type": "Point", "coordinates": [-70.8791, 42.6354] }},
{"zip_code":"1908","country":"US","city":"Nahant","state":"Massachusetts","state_ab":"MA","county":"Essex","geo_location":{ "type": "Point", "coordinates": [-70.9277, 42.4261] }},
{"zip_code":"1922","country":"US","city":"Byfield","state":"Massachusetts","state_ab":"MA","county":"Essex","geo_location":{ "type": "Point", "coordinates": [-70.9351, 42.7568] }},
{"zip_code":"1072","country":"US","city":"Shutesbury","state":"Massachusetts","state_ab":"MA","county":"Franklin","geo_location":{ "type": "Point", "coordinates": [-72.4213, 42.482] }},
{"zip_code":"1302","country":"US","city":"Greenfield","state":"Massachusetts","state_ab":"MA","county":"Franklin","geo_location":{ "type": "Point", "coordinates": [-72.6242, 42.5222] }},
{"zip_code":"1342","country":"US","city":"Deerfield","state":"Massachusetts","state_ab":"MA","county":"Franklin","geo_location":{ "type": "Point", "coordinates": [-72.6072, 42.5406] }},
{"zip_code":"1355","country":"US","city":"New Salem","state":"Massachusetts","state_ab":"MA","county":"Franklin","geo_location":{ "type": "Point", "coordinates": [-72.3062, 42.5146] }},
{"zip_code":"1085","country":"US","city":"Westfield","state":"Massachusetts","state_ab":"MA","county":"Hampden","geo_location":{ "type": "Point", "coordinates": [-72.7698, 42.1537] }},
{"zip_code":"1108","country":"US","city":"Springfield","state":"Massachusetts","state_ab":"MA","county":"Hampden","geo_location":{ "type": "Point", "coordinates": [-72.5584, 42.0853] }},
{"zip_code":"1032","country":"US","city":"Goshen","state":"Massachusetts","state_ab":"MA","county":"Hampshire","geo_location":{ "type": "Point", "coordinates": [-72.8441, 42.4662] }},
{"zip_code":"1098","country":"US","city":"Worthington","state":"Massachusetts","state_ab":"MA","county":"Hampshire","geo_location":{ "type": "Point", "coordinates": [-72.9314, 42.3843] }},
{"zip_code":"1432","country":"US","city":"Ayer","state":"Massachusetts","state_ab":"MA","county":"Middlesex","geo_location":{ "type": "Point", "coordinates": [-71.5788, 42.5591] }},
{"zip_code":"1472","country":"US","city":"West Groton","state":"Massachusetts","state_ab":"MA","county":"Middlesex","geo_location":{ "type": "Point", "coordinates": [-71.4594, 42.4464] }},
{"zip_code":"1702","country":"US","city":"Framingham","state":"Massachusetts","state_ab":"MA","county":"Middlesex","geo_location":{ "type": "Point", "coordinates": [-71.4339, 42.2822] }},
{"zip_code":"1742","country":"US","city":"Concord","state":"Massachusetts","state_ab":"MA","county":"Middlesex","geo_location":{ "type": "Point", "coordinates": [-71.3747, 42.4567] }},
{"zip_code":"1805","country":"US","city":"Burlington","state":"Massachusetts","state_ab":"MA","county":"Middlesex","geo_location":{ "type": "Point", "coordinates": [-71.4594, 42.4464] }},
{"zip_code":"2138","country":"US","city":"Cambridge","state":"Massachusetts","state_ab":"MA","county":"Middlesex","geo_location":{ "type": "Point", "coordinates": [-71.1256, 42.377] }},
{"zip_code":"2165","country":"US","city":"Newton","state":"Massachusetts","state_ab":"MA","county":"Middlesex","geo_location":{ "type": "Point", "coordinates": [-71.4594, 42.4464] }},
{"zip_code":"2178","country":"US","city":"Belmont","state":"Massachusetts","state_ab":"MA","county":"Middlesex","geo_location":{ "type": "Point", "coordinates": [-71.4594, 42.4464] }},
{"zip_code":"2462","country":"US","city":"Newton Lower Falls","state":"Massachusetts","state_ab":"MA","county":"Middlesex","geo_location":{ "type": "Point", "coordinates": [-71.2562, 42.3299] }},
{"zip_code":"2475","country":"US","city":"Arlington Heights","state":"Massachusetts","state_ab":"MA","county":"Middlesex","geo_location":{ "type": "Point", "coordinates": [-71.4594, 42.4464] }},
{"zip_code":"2035","country":"US","city":"Foxboro","state":"Massachusetts","state_ab":"MA","county":"Norfolk","geo_location":{ "type": "Point", "coordinates": [-71.2441, 42.0649] }},
{"zip_code":"2062","country":"US","city":"Norwood","state":"Massachusetts","state_ab":"MA","county":"Norfolk","geo_location":{ "type": "Point", "coordinates": [-71.2033, 42.1868] }},
{"zip_code":"2192","country":"US","city":"Needham","state":"Massachusetts","state_ab":"MA","county":"Norfolk","geo_location":{ "type": "Point", "coordinates": [-71.0892, 42.18] }},
{"zip_code":"2305","country":"US","city":"Brockton","state":"Massachusetts","state_ab":"MA","county":"Plymouth","geo_location":{ "type": "Point", "coordinates": [-70.7014, 41.9705] }},
{"zip_code":"2332","country":"US","city":"Duxbury","state":"Massachusetts","state_ab":"MA","county":"Plymouth","geo_location":{ "type": "Point", "coordinates": [-70.7163, 42.0399] }},
{"zip_code":"2345","country":"US","city":"Manomet","state":"Massachusetts","state_ab":"MA","county":"Plymouth","geo_location":{ "type": "Point", "coordinates": [-70.581, 41.8882] }},
{"zip_code":"2358","country":"US","city":"North Pembroke","state":"Massachusetts","state_ab":"MA","county":"Plymouth","geo_location":{ "type": "Point", "coordinates": [-70.7131, 41.9535] }},
{"zip_code":"2538","country":"US","city":"East Wareham","state":"Massachusetts","state_ab":"MA","county":"Plymouth","geo_location":{ "type": "Point", "coordinates": [-70.6532, 41.7682] }},
{"zip_code":"2112","country":"US","city":"Boston","state":"Massachusetts","state_ab":"MA","county":"Suffolk","geo_location":{ "type": "Point", "coordinates": [-70.9196, 42.3389] }},
{"zip_code":"2125","country":"US","city":"Boston","state":"Massachusetts","state_ab":"MA","county":"Suffolk","geo_location":{ "type": "Point", "coordinates": [-71.0672, 42.3148] }},
{"zip_code":"2152","country":"US","city":"Winthrop","state":"Massachusetts","state_ab":"MA","county":"Suffolk","geo_location":{ "type": "Point", "coordinates": [-70.98, 42.3763] }},
{"zip_code":"2202","country":"US","city":"Boston","state":"Massachusetts","state_ab":"MA","county":"Suffolk","geo_location":{ "type": "Point", "coordinates": [-71.0618, 42.3611] }},
{"zip_code":"2215","country":"US","city":"Boston","state":"Massachusetts","state_ab":"MA","county":"Suffolk","geo_location":{ "type": "Point", "coordinates": [-71.1027, 42.3471] }},
{"zip_code":"2228","country":"US","city":"East Boston","state":"Massachusetts","state_ab":"MA","county":"Suffolk County","geo_location":{ "type": "Point", "coordinates": [-71.0886, 42.347] }},
{"zip_code":"2295","country":"US","city":"Boston","state":"Massachusetts","state_ab":"MA","county":"Suffolk","geo_location":{ "type": "Point", "coordinates": [-70.9196, 42.3389] }},
{"zip_code":"1005","country":"US","city":"Barre","state":"Massachusetts","state_ab":"MA","county":"Worcester","geo_location":{ "type": "Point", "coordinates": [-72.1084, 42.4097] }},
{"zip_code":"1368","country":"US","city":"Royalston","state":"Massachusetts","state_ab":"MA","county":"Worcester","geo_location":{ "type": "Point", "coordinates": [-72.1964, 42.6722] }},
{"zip_code":"1508","country":"US","city":"Charlton City","state":"Massachusetts","state_ab":"MA","county":"Worcester","geo_location":{ "type": "Point", "coordinates": [-72.0795, 42.1097] }},
{"zip_code":"1522","country":"US","city":"Jefferson","state":"Massachusetts","state_ab":"MA","county":"Worcester","geo_location":{ "type": "Point", "coordinates": [-71.8706, 42.3755] }},
{"zip_code":"1535","country":"US","city":"North Brookfield","state":"Massachusetts","state_ab":"MA","county":"Worcester","geo_location":{ "type": "Point", "coordinates": [-72.0821, 42.2665] }},
{"zip_code":"1562","country":"US","city":"Spencer","state":"Massachusetts","state_ab":"MA","county":"Worcester","geo_location":{ "type": "Point", "coordinates": [-71.9906, 42.2441] }},
{"zip_code":"1588","country":"US","city":"Whitinsville","state":"Massachusetts","state_ab":"MA","county":"Worcester","geo_location":{ "type": "Point", "coordinates": [-71.6644, 42.1153] }},
{"zip_code":"1612","country":"US","city":"Paxton","state":"Massachusetts","state_ab":"MA","county":"Worcester","geo_location":{ "type": "Point", "coordinates": [-71.9202, 42.3066] }},
{"zip_code":"21502","country":"US","city":"Cumberland","state":"Maryland","state_ab":"MD","county":"Allegany","geo_location":{ "type": "Point", "coordinates": [-78.8444, 39.5992] }},
{"zip_code":"21528","country":"US","city":"Eckhart Mines","state":"Maryland","state_ab":"MD","county":"Allegany","geo_location":{ "type": "Point", "coordinates": [-78.9014, 39.6528] }},
{"zip_code":"21542","country":"US","city":"Midland","state":"Maryland","state_ab":"MD","county":"Allegany","geo_location":{ "type": "Point", "coordinates": [-78.9431, 39.5951] }},
{"zip_code":"21555","country":"US","city":"Oldtown","state":"Maryland","state_ab":"MD","county":"Allegany","geo_location":{ "type": "Point", "coordinates": [-78.6044, 39.5846] }},
{"zip_code":"20758","country":"US","city":"Friendship","state":"Maryland","state_ab":"MD","county":"Anne Arundel","geo_location":{ "type": "Point", "coordinates": [-76.5835, 38.7361] }},
{"zip_code":"21012","country":"US","city":"Arnold","state":"Maryland","state_ab":"MD","county":"Anne Arundel","geo_location":{ "type": "Point", "coordinates": [-76.4941, 39.0476] }},
{"zip_code":"21412","country":"US","city":"Annapolis","state":"Maryland","state_ab":"MD","county":"Anne Arundel","geo_location":{ "type": "Point", "coordinates": [-76.5949, 38.9742] }},
{"zip_code":"21052","country":"US","city":"Fort Howard","state":"Maryland","state_ab":"MD","county":"Baltimore","geo_location":{ "type": "Point", "coordinates": [-76.4456, 39.207] }},
{"zip_code":"21065","country":"US","city":"Hunt Valley","state":"Maryland","state_ab":"MD","county":"Baltimore County","geo_location":{ "type": "Point", "coordinates": [-76.6538, 39.4883] }},
{"zip_code":"21092","country":"US","city":"Long Green","state":"Maryland","state_ab":"MD","county":"Baltimore","geo_location":{ "type": "Point", "coordinates": [-76.5921, 39.439] }},
{"zip_code":"21128","country":"US","city":"Perry Hall","state":"Maryland","state_ab":"MD","county":"Baltimore","geo_location":{ "type": "Point", "coordinates": [-76.451, 39.401] }},
{"zip_code":"21155","country":"US","city":"Upperco","state":"Maryland","state_ab":"MD","county":"Baltimore","geo_location":{ "type": "Point", "coordinates": [-76.7972, 39.5676] }},
{"zip_code":"21285","country":"US","city":"Baltimore","state":"Maryland","state_ab":"MD","county":"Baltimore","geo_location":{ "type": "Point", "coordinates": [-76.5921, 39.439] }},
{"zip_code":"20615","country":"US","city":"Broomes Island","state":"Maryland","state_ab":"MD","county":"Calvert","geo_location":{ "type": "Point", "coordinates": [-76.5478, 38.418] }},
{"zip_code":"20732","country":"US","city":"Chesapeake Beach","state":"Maryland","state_ab":"MD","county":"Calvert","geo_location":{ "type": "Point", "coordinates": [-76.5376, 38.6698] }},
{"zip_code":"21632","country":"US","city":"Federalsburg","state":"Maryland","state_ab":"MD","county":"Caroline","geo_location":{ "type": "Point", "coordinates": [-75.7754, 38.7147] }},
{"zip_code":"21685","country":"US","city":"Ridgely","state":"Maryland","state_ab":"MD","county":"Caroline","geo_location":{ "type": "Point", "coordinates": [-75.8612, 38.8893] }},
{"zip_code":"21102","country":"US","city":"Manchester","state":"Maryland","state_ab":"MD","county":"Carroll","geo_location":{ "type": "Point", "coordinates": [-76.8941, 39.6747] }},
{"zip_code":"21902","country":"US","city":"Perry Point","state":"Maryland","state_ab":"MD","county":"Cecil","geo_location":{ "type": "Point", "coordinates": [-76.0725, 39.553] }},
{"zip_code":"21915","country":"US","city":"Chesapeake City","state":"Maryland","state_ab":"MD","county":"Cecil","geo_location":{ "type": "Point", "coordinates": [-75.8406, 39.5133] }},
{"zip_code":"20602","country":"US","city":"Waldorf","state":"Maryland","state_ab":"MD","county":"Charles","geo_location":{ "type": "Point", "coordinates": [-76.8942, 38.584] }},
{"zip_code":"20682","country":"US","city":"Rock Point","state":"Maryland","state_ab":"MD","county":"Charles","geo_location":{ "type": "Point", "coordinates": [-76.8481, 38.2836] }},
{"zip_code":"20695","country":"US","city":"White Plains","state":"Maryland","state_ab":"MD","county":"Charles","geo_location":{ "type": "Point", "coordinates": [-76.9903, 38.5974] }},
{"zip_code":"21672","country":"US","city":"Toddville","state":"Maryland","state_ab":"MD","county":"Dorchester","geo_location":{ "type": "Point", "coordinates": [-76.0596, 38.2726] }},
{"zip_code":"21735","country":"US","city":"Burkittsville","state":"Maryland","state_ab":"MD","county":"Frederick County","geo_location":{ "type": "Point", "coordinates": [-77.6592, 39.3819] }},
{"zip_code":"21762","country":"US","city":"Libertytown","state":"Maryland","state_ab":"MD","county":"Frederick","geo_location":{ "type": "Point", "coordinates": [-77.2468, 39.4822] }},
{"zip_code":"21775","country":"US","city":"New Midway","state":"Maryland","state_ab":"MD","county":"Frederick","geo_location":{ "type": "Point", "coordinates": [-77.2947, 39.5645] }},
{"zip_code":"21788","country":"US","city":"Thurmont","state":"Maryland","state_ab":"MD","county":"Frederick","geo_location":{ "type": "Point", "coordinates": [-77.3989, 39.6109] }},
{"zip_code":"21078","country":"US","city":"Havre De Grace","state":"Maryland","state_ab":"MD","county":"Harford","geo_location":{ "type": "Point", "coordinates": [-76.1171, 39.5523] }},
{"zip_code":"21645","country":"US","city":"Kennedyville","state":"Maryland","state_ab":"MD","county":"Kent","geo_location":{ "type": "Point", "coordinates": [-75.9818, 39.2978] }},
{"zip_code":"20848","country":"US","city":"Rockville","state":"Maryland","state_ab":"MD","county":"Montgomery","geo_location":{ "type": "Point", "coordinates": [-77.2076, 39.144] }},
{"zip_code":"20862","country":"US","city":"Brinklow","state":"Maryland","state_ab":"MD","county":"Montgomery","geo_location":{ "type": "Point", "coordinates": [-77.0163, 39.1838] }},
{"zip_code":"20875","country":"US","city":"Germantown","state":"Maryland","state_ab":"MD","county":"Montgomery","geo_location":{ "type": "Point", "coordinates": [-77.2076, 39.144] }},
{"zip_code":"20912","country":"US","city":"Takoma Park","state":"Maryland","state_ab":"MD","county":"Montgomery","geo_location":{ "type": "Point", "coordinates": [-77.0007, 38.9832] }},
{"zip_code":"20705","country":"US","city":"Beltsville","state":"Maryland","state_ab":"MD","county":"Prince George's","geo_location":{ "type": "Point", "coordinates": [-76.9242, 39.0455] }},
{"zip_code":"20718","country":"US","city":"Bowie","state":"Maryland","state_ab":"MD","county":"Prince George's","geo_location":{ "type": "Point", "coordinates": [-76.8777, 38.8336] }},
{"zip_code":"20745","country":"US","city":"Oxon Hill","state":"Maryland","state_ab":"MD","county":"Prince George's","geo_location":{ "type": "Point", "coordinates": [-76.9898, 38.8108] }},
{"zip_code":"20772","country":"US","city":"Upper Marlboro","state":"Maryland","state_ab":"MD","county":"Prince George's","geo_location":{ "type": "Point", "coordinates": [-76.798, 38.8377] }},
{"zip_code":"20785","country":"US","city":"Hyattsville","state":"Maryland","state_ab":"MD","county":"Prince George's","geo_location":{ "type": "Point", "coordinates": [-76.8755, 38.9223] }},
{"zip_code":"21658","country":"US","city":"Queenstown","state":"Maryland","state_ab":"MD","county":"Queen Anne's","geo_location":{ "type": "Point", "coordinates": [-76.1424, 39.0025] }},
{"zip_code":"20628","country":"US","city":"Dameron","state":"Maryland","state_ab":"MD","county":"St. Mary's","geo_location":{ "type": "Point", "coordinates": [-76.3575, 38.1533] }},
{"zip_code":"21838","country":"US","city":"Marion Station","state":"Maryland","state_ab":"MD","county":"Somerset","geo_location":{ "type": "Point", "coordinates": [-75.7579, 38.0266] }},
{"zip_code":"21722","country":"US","city":"Clear Spring","state":"Maryland","state_ab":"MD","county":"Washington","geo_location":{ "type": "Point", "coordinates": [-77.9064, 39.6658] }},
{"zip_code":"21748","country":"US","city":"Hagerstown","state":"Maryland","state_ab":"MD","county":"Washington","geo_location":{ "type": "Point", "coordinates": [-77.9162, 39.5207] }},
{"zip_code":"21852","country":"US","city":"Powellville","state":"Maryland","state_ab":"MD","county":"Wicomico","geo_location":{ "type": "Point", "coordinates": [-75.6276, 38.3884] }},
{"zip_code":"21865","country":"US","city":"Tyaskin","state":"Maryland","state_ab":"MD","county":"Wicomico","geo_location":{ "type": "Point", "coordinates": [-75.8465, 38.2833] }},
{"zip_code":"21205","country":"US","city":"Baltimore","state":"Maryland","state_ab":"MD","county":"Baltimore (city)","geo_location":{ "type": "Point", "coordinates": [-76.5799, 39.3009] }},
{"zip_code":"21218","country":"US","city":"Baltimore","state":"Maryland","state_ab":"MD","county":"Baltimore (city)","geo_location":{ "type": "Point", "coordinates": [-76.6048, 39.3265] }},
{"zip_code":"21298","country":"US","city":"Baltimore","state":"Maryland","state_ab":"MD","county":"Baltimore (city)","geo_location":{ "type": "Point", "coordinates": [-76.6205, 39.2847] }},
{"zip_code":"4222","country":"US","city":"Durham","state":"Maine","state_ab":"ME","county":"Androscoggin","geo_location":{ "type": "Point", "coordinates": [-70.1846, 43.9684] }},
{"zip_code":"4288","country":"US","city":"West Minot","state":"Maine","state_ab":"ME","county":"Androscoggin","geo_location":{ "type": "Point", "coordinates": [-70.2395, 44.197] }},
{"zip_code":"4738","country":"US","city":"Crouseville","state":"Maine","state_ab":"ME","county":"Aroostook","geo_location":{ "type": "Point", "coordinates": [-68.8868, 46.5162] }},
{"zip_code":"4015","country":"US","city":"Casco","state":"Maine","state_ab":"ME","county":"Cumberland","geo_location":{ "type": "Point", "coordinates": [-70.526, 43.9596] }},
{"zip_code":"4055","country":"US","city":"Naples","state":"Maine","state_ab":"ME","county":"Cumberland","geo_location":{ "type": "Point", "coordinates": [-70.5988, 43.9681] }},
{"zip_code":"4082","country":"US","city":"South Windham","state":"Maine","state_ab":"ME","county":"Cumberland","geo_location":{ "type": "Point", "coordinates": [-70.4707, 44.4081] }},
{"zip_code":"4105","country":"US","city":"Falmouth","state":"Maine","state_ab":"ME","county":"Cumberland","geo_location":{ "type": "Point", "coordinates": [-70.2625, 43.734] }},
{"zip_code":"4235","country":"US","city":"Frye","state":"Maine","state_ab":"ME","county":"Franklin County","geo_location":{ "type": "Point", "coordinates": [-70.5653, 44.5995] }},
{"zip_code":"4262","country":"US","city":"North Jay","state":"Maine","state_ab":"ME","county":"Franklin","geo_location":{ "type": "Point", "coordinates": [-70.3816, 45.0634] }},
{"zip_code":"4608","country":"US","city":"Atlantic","state":"Maine","state_ab":"ME","county":"Hancock County","geo_location":{ "type": "Point", "coordinates": [-68.4245, 44.1716] }},
{"zip_code":"4635","country":"US","city":"Frenchboro","state":"Maine","state_ab":"ME","county":"Hancock","geo_location":{ "type": "Point", "coordinates": [-68.3915, 44.6419] }},
{"zip_code":"4662","country":"US","city":"Northeast Harbor","state":"Maine","state_ab":"ME","county":"Hancock","geo_location":{ "type": "Point", "coordinates": [-68.2849, 44.2941] }},
{"zip_code":"4675","country":"US","city":"Seal Harbor","state":"Maine","state_ab":"ME","county":"Hancock","geo_location":{ "type": "Point", "coordinates": [-68.2463, 44.299] }},
{"zip_code":"3298","country":"US","city":"Tilton","state":"New Hampshire","state_ab":"NH","county":"Belknap","geo_location":{ "type": "Point", "coordinates": [-71.4458, 43.5249] }},
{"zip_code":"3812","country":"US","city":"Bartlett","state":"New Hampshire","state_ab":"NH","county":"Carroll","geo_location":{ "type": "Point", "coordinates": [-71.292, 44.0802] }},
{"zip_code":"3838","country":"US","city":"Glen","state":"New Hampshire","state_ab":"NH","county":"Carroll","geo_location":{ "type": "Point", "coordinates": [-71.1925, 44.1018] }},
{"zip_code":"3452","country":"US","city":"Jaffrey","state":"New Hampshire","state_ab":"NH","county":"Cheshire","geo_location":{ "type": "Point", "coordinates": [-72.0275, 42.8178] }},
{"zip_code":"3465","country":"US","city":"Troy","state":"New Hampshire","state_ab":"NH","county":"Cheshire","geo_location":{ "type": "Point", "coordinates": [-72.1848, 42.827] }},
{"zip_code":"3582","country":"US","city":"Groveton","state":"New Hampshire","state_ab":"NH","county":"Coos","geo_location":{ "type": "Point", "coordinates": [-71.5064, 44.5984] }},
{"zip_code":"3595","country":"US","city":"Twin Mountain","state":"New Hampshire","state_ab":"NH","county":"Coos","geo_location":{ "type": "Point", "coordinates": [-71.5471, 44.2689] }},
{"zip_code":"3232","country":"US","city":"East Hebron","state":"New Hampshire","state_ab":"NH","county":"Grafton","geo_location":{ "type": "Point", "coordinates": [-71.8409, 43.9675] }},
{"zip_code":"3245","country":"US","city":"Holderness","state":"New Hampshire","state_ab":"NH","county":"Grafton","geo_location":{ "type": "Point", "coordinates": [-71.6044, 43.7378] }},
{"zip_code":"3258","country":"US","city":"Chichester","state":"New Hampshire","state_ab":"NH","county":"Grafton County","geo_location":{ "type": "Point", "coordinates": [-71.4105, 43.244] }},
{"zip_code":"3285","country":"US","city":"Thornton","state":"New Hampshire","state_ab":"NH","county":"Grafton County","geo_location":{ "type": "Point", "coordinates": [-71.647, 43.905] }},
{"zip_code":"3748","country":"US","city":"Enfield","state":"New Hampshire","state_ab":"NH","county":"Grafton","geo_location":{ "type": "Point", "coordinates": [-72.127, 43.6256] }},
{"zip_code":"3052","country":"US","city":"Litchfield","state":"New Hampshire","state_ab":"NH","county":"Hillsborough","geo_location":{ "type": "Point", "coordinates": [-71.455, 42.843] }},
{"zip_code":"3102","country":"US","city":"Manchester","state":"New Hampshire","state_ab":"NH","county":"Hillsborough","geo_location":{ "type": "Point", "coordinates": [-71.4884, 42.9944] }},
{"zip_code":"3272","country":"US","city":"South Newbury","state":"New Hampshire","state_ab":"NH","county":"Merrimack","geo_location":{ "type": "Point", "coordinates": [-71.6629, 43.3103] }},
{"zip_code":"3038","country":"US","city":"Derry","state":"New Hampshire","state_ab":"NH","county":"Rockingham","geo_location":{ "type": "Point", "coordinates": [-71.302, 42.8874] }},
{"zip_code":"3865","country":"US","city":"Plaistow","state":"New Hampshire","state_ab":"NH","county":"Rockingham","geo_location":{ "type": "Point", "coordinates": [-71.0934, 42.8356] }},
{"zip_code":"3825","country":"US","city":"Barrington","state":"New Hampshire","state_ab":"NH","county":"Strafford","geo_location":{ "type": "Point", "coordinates": [-71.0377, 43.2027] }},
{"zip_code":"3852","country":"US","city":"Milton Mills","state":"New Hampshire","state_ab":"NH","county":"Strafford","geo_location":{ "type": "Point", "coordinates": [-70.9697, 43.5025] }},
{"zip_code":"3878","country":"US","city":"Somersworth","state":"New Hampshire","state_ab":"NH","county":"Strafford","geo_location":{ "type": "Point", "coordinates": [-70.8756, 43.2525] }},
{"zip_code":"3605","country":"US","city":"Lempster","state":"New Hampshire","state_ab":"NH","county":"Sullivan","geo_location":{ "type": "Point", "coordinates": [-72.1968, 43.2136] }},
{"zip_code":"8222","country":"US","city":"Linwood","state":"New Jersey","state_ab":"NJ","county":"Atlantic County","geo_location":{ "type": "Point", "coordinates": [-74.5703, 39.3422] }},
{"zip_code":"8402","country":"US","city":"Margate City","state":"New Jersey","state_ab":"NJ","county":"Atlantic","geo_location":{ "type": "Point", "coordinates": [-74.509, 39.3286] }},
{"zip_code":"7452","country":"US","city":"Glen Rock","state":"New Jersey","state_ab":"NJ","county":"Bergen","geo_location":{ "type": "Point", "coordinates": [-74.1254, 40.9602] }},
{"zip_code":"7605","country":"US","city":"Leonia","state":"New Jersey","state_ab":"NJ","county":"Bergen","geo_location":{ "type": "Point", "coordinates": [-73.9879, 40.8629] }},
{"zip_code":"7632","country":"US","city":"Englewood Cliffs","state":"New Jersey","state_ab":"NJ","county":"Bergen","geo_location":{ "type": "Point", "coordinates": [-73.9544, 40.882] }},
{"zip_code":"7645","country":"US","city":"Montvale","state":"New Jersey","state_ab":"NJ","county":"Bergen","geo_location":{ "type": "Point", "coordinates": [-74.0384, 41.0495] }},
{"zip_code":"8015","country":"US","city":"Browns Mills","state":"New Jersey","state_ab":"NJ","county":"Burlington","geo_location":{ "type": "Point", "coordinates": [-74.5655, 39.9597] }},
{"zip_code":"8042","country":"US","city":"Juliustown","state":"New Jersey","state_ab":"NJ","county":"Burlington","geo_location":{ "type": "Point", "coordinates": [-74.6646, 40.0123] }},
{"zip_code":"8055","country":"US","city":"Medford","state":"New Jersey","state_ab":"NJ","county":"Burlington","geo_location":{ "type": "Point", "coordinates": [-74.8223, 39.8637] }},
{"zip_code":"8068","country":"US","city":"Pemberton","state":"New Jersey","state_ab":"NJ","county":"Burlington","geo_location":{ "type": "Point", "coordinates": [-74.6676, 39.9712] }},
{"zip_code":"8505","country":"US","city":"Bordentown","state":"New Jersey","state_ab":"NJ","county":"Burlington","geo_location":{ "type": "Point", "coordinates": [-74.7032, 40.1431] }},
{"zip_code":"8518","country":"US","city":"Florence","state":"New Jersey","state_ab":"NJ","county":"Burlington","geo_location":{ "type": "Point", "coordinates": [-74.8055, 40.118] }},
{"zip_code":"8002","country":"US","city":"Cherry Hill","state":"New Jersey","state_ab":"NJ","county":"Camden","geo_location":{ "type": "Point", "coordinates": [-75.0175, 39.9308] }},
{"zip_code":"8095","country":"US","city":"Winslow","state":"New Jersey","state_ab":"NJ","county":"Camden","geo_location":{ "type": "Point", "coordinates": [-74.8685, 39.6549] }},
{"zip_code":"8105","country":"US","city":"Camden","state":"New Jersey","state_ab":"NJ","county":"Camden","geo_location":{ "type": "Point", "coordinates": [-75.0864, 39.9484] }},
{"zip_code":"8248","country":"US","city":"Strathmere","state":"New Jersey","state_ab":"NJ","county":"Cape May","geo_location":{ "type": "Point", "coordinates": [-74.6554, 39.1992] }},
{"zip_code":"8352","country":"US","city":"Rosenhayn","state":"New Jersey","state_ab":"NJ","county":"Cumberland","geo_location":{ "type": "Point", "coordinates": [-75.1462, 39.4695] }},
{"zip_code":"7052","country":"US","city":"West Orange","state":"New Jersey","state_ab":"NJ","county":"Essex","geo_location":{ "type": "Point", "coordinates": [-74.2568, 40.7859] }},
{"zip_code":"7078","country":"US","city":"Short Hills","state":"New Jersey","state_ab":"NJ","county":"Essex","geo_location":{ "type": "Point", "coordinates": [-74.3271, 40.7368] }},
{"zip_code":"7102","country":"US","city":"Newark","state":"New Jersey","state_ab":"NJ","county":"Essex","geo_location":{ "type": "Point", "coordinates": [-74.1765, 40.732] }},
{"zip_code":"7182","country":"US","city":"Newark","state":"New Jersey","state_ab":"NJ","county":"Essex","geo_location":{ "type": "Point", "coordinates": [-74.2452, 40.7918] }},
{"zip_code":"7195","country":"US","city":"Newark","state":"New Jersey","state_ab":"NJ","county":"Essex","geo_location":{ "type": "Point", "coordinates": [-74.2452, 40.7918] }},
{"zip_code":"8028","country":"US","city":"Glassboro","state":"New Jersey","state_ab":"NJ","county":"Gloucester","geo_location":{ "type": "Point", "coordinates": [-75.1172, 39.7068] }},
{"zip_code":"8312","country":"US","city":"Clayton","state":"New Jersey","state_ab":"NJ","county":"Gloucester","geo_location":{ "type": "Point", "coordinates": [-75.0942, 39.659] }},
{"zip_code":"7308","country":"US","city":"Jersey City","state":"New Jersey","state_ab":"NJ","county":"Hudson","geo_location":{ "type": "Point", "coordinates": [-74.0755, 40.7328] }},
{"zip_code":"8868","country":"US","city":"Quakertown","state":"New Jersey","state_ab":"NJ","county":"Hunterdon","geo_location":{ "type": "Point", "coordinates": [-74.9389, 40.5655] }},
{"zip_code":"8608","country":"US","city":"Trenton","state":"New Jersey","state_ab":"NJ","county":"Mercer","geo_location":{ "type": "Point", "coordinates": [-74.7622, 40.2204] }},
{"zip_code":"8648","country":"US","city":"Trenton","state":"New Jersey","state_ab":"NJ","county":"Mercer","geo_location":{ "type": "Point", "coordinates": [-74.6912, 40.2795] }},
{"zip_code":"8828","country":"US","city":"Helmetta","state":"New Jersey","state_ab":"NJ","county":"Middlesex","geo_location":{ "type": "Point", "coordinates": [-74.4204, 40.3777] }},
{"zip_code":"8855","country":"US","city":"Piscataway","state":"New Jersey","state_ab":"NJ","county":"Middlesex","geo_location":{ "type": "Point", "coordinates": [-74.4173, 40.43] }},
{"zip_code":"8882","country":"US","city":"South River","state":"New Jersey","state_ab":"NJ","county":"Middlesex","geo_location":{ "type": "Point", "coordinates": [-74.3801, 40.4444] }},
{"zip_code":"8905","country":"US","city":"New Brunswick","state":"New Jersey","state_ab":"NJ","county":"Middlesex","geo_location":{ "type": "Point", "coordinates": [-74.4173, 40.43] }},
{"zip_code":"7722","country":"US","city":"Colts Neck","state":"New Jersey","state_ab":"NJ","county":"Monmouth","geo_location":{ "type": "Point", "coordinates": [-74.178, 40.3012] }},
{"zip_code":"7735","country":"US","city":"Keyport","state":"New Jersey","state_ab":"NJ","county":"Monmouth","geo_location":{ "type": "Point", "coordinates": [-74.1881, 40.4384] }},
{"zip_code":"7748","country":"US","city":"Middletown","state":"New Jersey","state_ab":"NJ","county":"Monmouth","geo_location":{ "type": "Point", "coordinates": [-74.1157, 40.3944] }},
{"zip_code":"7762","country":"US","city":"Spring Lake","state":"New Jersey","state_ab":"NJ","county":"Monmouth","geo_location":{ "type": "Point", "coordinates": [-74.0379, 40.1542] }},
{"zip_code":"7852","country":"US","city":"Ledgewood","state":"New Jersey","state_ab":"NJ","county":"Morris","geo_location":{ "type": "Point", "coordinates": [-74.6554, 40.878] }},
{"zip_code":"7878","country":"US","city":"Mount Tabor","state":"New Jersey","state_ab":"NJ","county":"Morris","geo_location":{ "type": "Point", "coordinates": [-74.4777, 40.8711] }},
{"zip_code":"7928","country":"US","city":"Chatham","state":"New Jersey","state_ab":"NJ","county":"Morris","geo_location":{ "type": "Point", "coordinates": [-74.4017, 40.7305] }},
{"zip_code":"8738","country":"US","city":"Mantoloking","state":"New Jersey","state_ab":"NJ","county":"Ocean","geo_location":{ "type": "Point", "coordinates": [-74.0562, 40.0261] }},
{"zip_code":"8752","country":"US","city":"Seaside Park","state":"New Jersey","state_ab":"NJ","county":"Ocean","geo_location":{ "type": "Point", "coordinates": [-74.0795, 39.9222] }},
{"zip_code":"7012","country":"US","city":"Clifton","state":"New Jersey","state_ab":"NJ","county":"Passaic","geo_location":{ "type": "Point", "coordinates": [-74.1612, 40.8488] }},
{"zip_code":"7438","country":"US","city":"Oak Ridge","state":"New Jersey","state_ab":"NJ","county":"Passaic","geo_location":{ "type": "Point", "coordinates": [-74.5198, 41.0302] }},
{"zip_code":"7465","country":"US","city":"Wanaque","state":"New Jersey","state_ab":"NJ","county":"Passaic","geo_location":{ "type": "Point", "coordinates": [-74.279, 41.0544] }},
{"zip_code":"7502","country":"US","city":"Paterson","state":"New Jersey","state_ab":"NJ","county":"Passaic","geo_location":{ "type": "Point", "coordinates": [-74.1932, 40.9199] }},
{"zip_code":"8558","country":"US","city":"Skillman","state":"New Jersey","state_ab":"NJ","county":"Somerset","geo_location":{ "type": "Point", "coordinates": [-74.6938, 40.4173] }},
{"zip_code":"7065","country":"US","city":"Rahway","state":"New Jersey","state_ab":"NJ","county":"Union","geo_location":{ "type": "Point", "coordinates": [-74.2819, 40.6087] }},
{"zip_code":"7092","country":"US","city":"Mountainside","state":"New Jersey","state_ab":"NJ","county":"Union","geo_location":{ "type": "Point", "coordinates": [-74.3588, 40.6785] }},
{"zip_code":"7205","country":"US","city":"Hillside","state":"New Jersey","state_ab":"NJ","county":"Union","geo_location":{ "type": "Point", "coordinates": [-74.2281, 40.6968] }},
{"zip_code":"7902","country":"US","city":"Summit","state":"New Jersey","state_ab":"NJ","county":"Union","geo_location":{ "type": "Point", "coordinates": [-74.2997, 40.6657] }},
{"zip_code":"7825","country":"US","city":"Blairstown","state":"New Jersey","state_ab":"NJ","county":"Warren","geo_location":{ "type": "Point", "coordinates": [-74.9651, 40.9674] }},
{"zip_code":"7838","country":"US","city":"Great Meadows","state":"New Jersey","state_ab":"NJ","county":"Warren","geo_location":{ "type": "Point", "coordinates": [-74.9418, 40.852] }},
{"zip_code":"7865","country":"US","city":"Port Murray","state":"New Jersey","state_ab":"NJ","county":"Warren","geo_location":{ "type": "Point", "coordinates": [-74.9167, 40.7906] }},
{"zip_code":"8802","country":"US","city":"Asbury","state":"New Jersey","state_ab":"NJ","county":"Warren","geo_location":{ "type": "Point", "coordinates": [-75.0281, 40.695] }},
{"zip_code":"87102","country":"US","city":"Albuquerque","state":"New Mexico","state_ab":"NM","county":"Bernalillo","geo_location":{ "type": "Point", "coordinates": [-106.6482, 35.0818] }},
{"zip_code":"87115","country":"US","city":"Albuquerque","state":"New Mexico","state_ab":"NM","county":"Bernalillo","geo_location":{ "type": "Point", "coordinates": [-106.5461, 35.0549] }},
{"zip_code":"87195","country":"US","city":"Albuquerque","state":"New Mexico","state_ab":"NM","county":"Bernalillo","geo_location":{ "type": "Point", "coordinates": [-106.6729, 35.0443] }},
{"zip_code":"87038","country":"US","city":"New Laguna","state":"New Mexico","state_ab":"NM","county":"Cibola","geo_location":{ "type": "Point", "coordinates": [-108.0565, 34.963] }},
{"zip_code":"88002","country":"US","city":"White Sands Missile Range","state":"New Mexico","state_ab":"NM","county":"Doa Ana","geo_location":{ "type": "Point", "coordinates": [-106.4937, 32.3839] }},
{"zip_code":"88028","country":"US","city":"Cliff","state":"New Mexico","state_ab":"NM","county":"Grant","geo_location":{ "type": "Point", "coordinates": [-108.3279, 32.5367] }},
{"zip_code":"88055","country":"US","city":"Redrock","state":"New Mexico","state_ab":"NM","county":"Grant","geo_location":{ "type": "Point", "coordinates": [-108.3279, 32.5367] }},
{"zip_code":"88262","country":"US","city":"Mc Donald","state":"New Mexico","state_ab":"NM","county":"Lea","geo_location":{ "type": "Point", "coordinates": [-103.4338, 32.7854] }},
{"zip_code":"88312","country":"US","city":"Alto","state":"New Mexico","state_ab":"NM","county":"Lincoln","geo_location":{ "type": "Point", "coordinates": [-105.6776, 33.4314] }},
{"zip_code":"88338","country":"US","city":"Lincoln","state":"New Mexico","state_ab":"NM","county":"Lincoln","geo_location":{ "type": "Point", "coordinates": [-105.382, 33.4869] }},
{"zip_code":"87322","country":"US","city":"Rehoboth","state":"New Mexico","state_ab":"NM","county":"McKinley","geo_location":{ "type": "Point", "coordinates": [-108.1767, 35.4809] }},
{"zip_code":"87375","country":"US","city":"Yatahey","state":"New Mexico","state_ab":"NM","county":"McKinley","geo_location":{ "type": "Point", "coordinates": [-108.1767, 35.4809] }},
{"zip_code":"87722","country":"US","city":"Guadalupita","state":"New Mexico","state_ab":"NM","county":"Mora","geo_location":{ "type": "Point", "coordinates": [-105.0239, 36.0083] }},
{"zip_code":"87735","country":"US","city":"Ojo Feliz","state":"New Mexico","state_ab":"NM","county":"Mora","geo_location":{ "type": "Point", "coordinates": [-105.0239, 36.0083] }},
{"zip_code":"88325","country":"US","city":"High Rolls Mountain Park","state":"New Mexico","state_ab":"NM","county":"Otero","geo_location":{ "type": "Point", "coordinates": [-105.8189, 32.9396] }},
{"zip_code":"88352","country":"US","city":"Tularosa","state":"New Mexico","state_ab":"NM","county":"Otero","geo_location":{ "type": "Point", "coordinates": [-106.0108, 33.065] }},
{"zip_code":"87012","country":"US","city":"Coyote","state":"New Mexico","state_ab":"NM","county":"Rio Arriba","geo_location":{ "type": "Point", "coordinates": [-106.6692, 36.1018] }},
{"zip_code":"87515","country":"US","city":"Canjilon","state":"New Mexico","state_ab":"NM","county":"Rio Arriba","geo_location":{ "type": "Point", "coordinates": [-106.5785, 36.4654] }},
{"zip_code":"87528","country":"US","city":"Dulce","state":"New Mexico","state_ab":"NM","county":"Rio Arriba","geo_location":{ "type": "Point", "coordinates": [-107.0602, 36.8598] }},
{"zip_code":"87582","country":"US","city":"Velarde","state":"New Mexico","state_ab":"NM","county":"Rio Arriba","geo_location":{ "type": "Point", "coordinates": [-106.0022, 36.1321] }},
{"zip_code":"88118","country":"US","city":"Floyd","state":"New Mexico","state_ab":"NM","county":"Roosevelt","geo_location":{ "type": "Point", "coordinates": [-103.5827, 34.252] }},
{"zip_code":"88132","country":"US","city":"Rogers","state":"New Mexico","state_ab":"NM","county":"Roosevelt","geo_location":{ "type": "Point", "coordinates": [-103.1898, 33.9216] }},
{"zip_code":"87025","country":"US","city":"Jemez Springs","state":"New Mexico","state_ab":"NM","county":"Sandoval","geo_location":{ "type": "Point", "coordinates": [-106.7714, 35.8927] }},
{"zip_code":"87052","country":"US","city":"Santo Domingo Pueblo","state":"New Mexico","state_ab":"NM","county":"Sandoval","geo_location":{ "type": "Point", "coordinates": [-106.3445, 35.5269] }}]}