{"value": [{"zip_code":"49727","country":"US","city":"East Jordan","state":"Michigan","state_ab":"MI","county":"Charlevoix","geo_location":{"type": "Point", "coordinates": [45.1539,-85.1387]}},
{"zip_code":"49701","country":"US","city":"Mackinaw City","state":"Michigan","state_ab":"MI","county":"Cheboygan","geo_location":{"type": "Point", "coordinates": [45.753,-84.6917]}},
{"zip_code":"48894","country":"US","city":"Westphalia","state":"Michigan","state_ab":"MI","county":"Clinton","geo_location":{"type": "Point", "coordinates": [42.9328,-84.8083]}},
{"zip_code":"49831","country":"US","city":"Felch","state":"Michigan","state_ab":"MI","county":"Dickinson","geo_location":{"type": "Point", "coordinates": [46.0226,-87.7939]}},
{"zip_code":"48827","country":"US","city":"Eaton Rapids","state":"Michigan","state_ab":"MI","county":"Eaton","geo_location":{"type": "Point", "coordinates": [42.5166,-84.6565]}},
{"zip_code":"48917","country":"US","city":"Lansing","state":"Michigan","state_ab":"MI","county":"Eaton","geo_location":{"type": "Point", "coordinates": [42.7376,-84.6244]}},
{"zip_code":"48504","country":"US","city":"Flint","state":"Michigan","state_ab":"MI","county":"Genesee","geo_location":{"type": "Point", "coordinates": [43.0573,-83.7498]}},
{"zip_code":"48531","country":"US","city":"Flint","state":"Michigan","state_ab":"MI","county":"Genesee","geo_location":{"type": "Point", "coordinates": [43.002,-83.6925]}},
{"zip_code":"48557","country":"US","city":"Flint","state":"Michigan","state_ab":"MI","county":"Genesee","geo_location":{"type": "Point", "coordinates": [43.0806,-83.7837]}},
{"zip_code":"49947","country":"US","city":"Marenisco","state":"Michigan","state_ab":"MI","county":"Gogebic","geo_location":{"type": "Point", "coordinates": [46.3551,-89.6774]}},
{"zip_code":"49637","country":"US","city":"Grawn","state":"Michigan","state_ab":"MI","county":"Grand Traverse","geo_location":{"type": "Point", "coordinates": [44.6428,-85.7113]}},
{"zip_code":"48801","country":"US","city":"Alma","state":"Michigan","state_ab":"MI","county":"Gratiot","geo_location":{"type": "Point", "coordinates": [43.3809,-84.6635]}},
{"zip_code":"49921","country":"US","city":"Dodgeville","state":"Michigan","state_ab":"MI","county":"Houghton","geo_location":{"type": "Point", "coordinates": [47.0914,-88.5809]}},
{"zip_code":"49934","country":"US","city":"Hubbell","state":"Michigan","state_ab":"MI","county":"Houghton","geo_location":{"type": "Point", "coordinates": [47.1671,-88.4668]}},
{"zip_code":"49961","country":"US","city":"Sidnaw","state":"Michigan","state_ab":"MI","county":"Houghton","geo_location":{"type": "Point", "coordinates": [46.5015,-88.7972]}},
{"zip_code":"48441","country":"US","city":"Harbor Beach","state":"Michigan","state_ab":"MI","county":"Huron","geo_location":{"type": "Point", "coordinates": [43.8312,-82.6886]}},
{"zip_code":"48467","country":"US","city":"Port Austin","state":"Michigan","state_ab":"MI","county":"Huron","geo_location":{"type": "Point", "coordinates": [44.0223,-82.9984]}},
{"zip_code":"48854","country":"US","city":"Mason","state":"Michigan","state_ab":"MI","county":"Ingham","geo_location":{"type": "Point", "coordinates": [42.5796,-84.4561]}},
{"zip_code":"49251","country":"US","city":"Leslie","state":"Michigan","state_ab":"MI","county":"Ingham","geo_location":{"type": "Point", "coordinates": [42.4603,-84.4207]}},
{"zip_code":"49264","country":"US","city":"Onondaga","state":"Michigan","state_ab":"MI","county":"Ingham","geo_location":{"type": "Point", "coordinates": [42.4487,-84.5535]}},
{"zip_code":"48881","country":"US","city":"Saranac","state":"Michigan","state_ab":"MI","county":"Ionia","geo_location":{"type": "Point", "coordinates": [42.9357,-85.203]}},
{"zip_code":"48764","country":"US","city":"Tawas City","state":"Michigan","state_ab":"MI","county":"Iosco","geo_location":{"type": "Point", "coordinates": [44.2665,-83.5192]}},
{"zip_code":"49237","country":"US","city":"Concord","state":"Michigan","state_ab":"MI","county":"Jackson","geo_location":{"type": "Point", "coordinates": [42.1875,-84.6529]}},
{"zip_code":"49277","country":"US","city":"Rives Junction","state":"Michigan","state_ab":"MI","county":"Jackson","geo_location":{"type": "Point", "coordinates": [42.3887,-84.4589]}},
{"zip_code":"49004","country":"US","city":"Kalamazoo","state":"Michigan","state_ab":"MI","county":"Kalamazoo","geo_location":{"type": "Point", "coordinates": [42.3518,-85.5621]}},
{"zip_code":"49097","country":"US","city":"Vicksburg","state":"Michigan","state_ab":"MI","county":"Kalamazoo","geo_location":{"type": "Point", "coordinates": [42.1209,-85.5024]}},
{"zip_code":"49301","country":"US","city":"Ada","state":"Michigan","state_ab":"MI","county":"Kent","geo_location":{"type": "Point", "coordinates": [42.9566,-85.481]}},
{"zip_code":"49341","country":"US","city":"Rockford","state":"Michigan","state_ab":"MI","county":"Kent","geo_location":{"type": "Point", "coordinates": [43.1152,-85.5136]}},
{"zip_code":"49507","country":"US","city":"Grand Rapids","state":"Michigan","state_ab":"MI","county":"Kent","geo_location":{"type": "Point", "coordinates": [42.9318,-85.6542]}},
{"zip_code":"49664","country":"US","city":"Maple City","state":"Michigan","state_ab":"MI","county":"Leelanau","geo_location":{"type": "Point", "coordinates": [44.859,-85.8814]}},
{"zip_code":"49781","country":"US","city":"Saint Ignace","state":"Michigan","state_ab":"MI","county":"Mackinac","geo_location":{"type": "Point", "coordinates": [45.9985,-84.6978]}},
{"zip_code":"48081","country":"US","city":"Saint Clair Shores","state":"Michigan","state_ab":"MI","county":"Macomb","geo_location":{"type": "Point", "coordinates": [42.4941,-82.899]}},
{"zip_code":"48094","country":"US","city":"Washington","state":"Michigan","state_ab":"MI","county":"Macomb","geo_location":{"type": "Point", "coordinates": [42.7262,-83.0268]}},
{"zip_code":"48311","country":"US","city":"Sterling Heights","state":"Michigan","state_ab":"MI","county":"Macomb","geo_location":{"type": "Point", "coordinates": [42.6723,-82.9031]}},
{"zip_code":"14844","country":"US","city":"Horseheads","state":"New York","state_ab":"NY","county":"Chemung","geo_location":{"type": "Point", "coordinates": [42.1607,-76.8785]}},
{"zip_code":"14871","country":"US","city":"Pine City","state":"New York","state_ab":"NY","county":"Chemung","geo_location":{"type": "Point", "coordinates": [42.0419,-76.8815]}},
{"zip_code":"13801","country":"US","city":"Mc Donough","state":"New York","state_ab":"NY","county":"Chenango","geo_location":{"type": "Point", "coordinates": [42.5068,-75.7623]}},
{"zip_code":"13814","country":"US","city":"North Norwich","state":"New York","state_ab":"NY","county":"Chenango","geo_location":{"type": "Point", "coordinates": [42.6036,-75.5282]}},
{"zip_code":"13841","country":"US","city":"Smithville Flats","state":"New York","state_ab":"NY","county":"Chenango","geo_location":{"type": "Point", "coordinates": [42.3989,-75.8237]}},
{"zip_code":"12901","country":"US","city":"Plattsburgh","state":"New York","state_ab":"NY","county":"Clinton","geo_location":{"type": "Point", "coordinates": [44.6927,-73.466]}},
{"zip_code":"12981","country":"US","city":"Saranac","state":"New York","state_ab":"NY","county":"Clinton","geo_location":{"type": "Point", "coordinates": [44.7032,-73.7481]}},
{"zip_code":"12037","country":"US","city":"Chatham","state":"New York","state_ab":"NY","county":"Columbia","geo_location":{"type": "Point", "coordinates": [42.3496,-73.5873]}},
{"zip_code":"12541","country":"US","city":"Livingston","state":"New York","state_ab":"NY","county":"Columbia","geo_location":{"type": "Point", "coordinates": [42.1421,-73.7574]}},
{"zip_code":"12167","country":"US","city":"Stamford","state":"New York","state_ab":"NY","county":"Delaware","geo_location":{"type": "Point", "coordinates": [42.4174,-74.6098]}},
{"zip_code":"13751","country":"US","city":"Davenport Center","state":"New York","state_ab":"NY","county":"Delaware","geo_location":{"type": "Point", "coordinates": [42.4508,-74.9013]}},
{"zip_code":"12501","country":"US","city":"Amenia","state":"New York","state_ab":"NY","county":"Dutchess","geo_location":{"type": "Point", "coordinates": [41.8447,-73.5542]}},
{"zip_code":"12514","country":"US","city":"Clinton Corners","state":"New York","state_ab":"NY","county":"Dutchess","geo_location":{"type": "Point", "coordinates": [41.8693,-73.7659]}},
{"zip_code":"12527","country":"US","city":"Glenham","state":"New York","state_ab":"NY","county":"Dutchess","geo_location":{"type": "Point", "coordinates": [41.5202,-73.9333]}},
{"zip_code":"12567","country":"US","city":"Pine Plains","state":"New York","state_ab":"NY","county":"Dutchess","geo_location":{"type": "Point", "coordinates": [41.9896,-73.6602]}},
{"zip_code":"12581","country":"US","city":"Stanfordville","state":"New York","state_ab":"NY","county":"Dutchess","geo_location":{"type": "Point", "coordinates": [41.8877,-73.6945]}},
{"zip_code":"12594","country":"US","city":"Wingdale","state":"New York","state_ab":"NY","county":"Dutchess","geo_location":{"type": "Point", "coordinates": [41.6538,-73.5556]}},
{"zip_code":"12604","country":"US","city":"Poughkeepsie","state":"New York","state_ab":"NY","county":"Dutchess","geo_location":{"type": "Point", "coordinates": [41.7599,-73.7437]}},
{"zip_code":"14004","country":"US","city":"Alden","state":"New York","state_ab":"NY","county":"Erie","geo_location":{"type": "Point", "coordinates": [42.8984,-78.5257]}},
{"zip_code":"14031","country":"US","city":"Clarence","state":"New York","state_ab":"NY","county":"Erie","geo_location":{"type": "Point", "coordinates": [42.981,-78.6162]}},
{"zip_code":"14057","country":"US","city":"Eden","state":"New York","state_ab":"NY","county":"Erie","geo_location":{"type": "Point", "coordinates": [42.6506,-78.8781]}},
{"zip_code":"14134","country":"US","city":"Sardinia","state":"New York","state_ab":"NY","county":"Erie","geo_location":{"type": "Point", "coordinates": [42.5323,-78.5172]}},
{"zip_code":"14211","country":"US","city":"Buffalo","state":"New York","state_ab":"NY","county":"Erie","geo_location":{"type": "Point", "coordinates": [42.9082,-78.8225]}},
{"zip_code":"14224","country":"US","city":"Buffalo","state":"New York","state_ab":"NY","county":"Erie","geo_location":{"type": "Point", "coordinates": [42.8371,-78.7484]}},
{"zip_code":"14264","country":"US","city":"Buffalo","state":"New York","state_ab":"NY","county":"Erie","geo_location":{"type": "Point", "coordinates": [42.8856,-78.8735]}},
{"zip_code":"12851","country":"US","city":"Minerva","state":"New York","state_ab":"NY","county":"Essex","geo_location":{"type": "Point", "coordinates": [43.7811,-73.9835]}},
{"zip_code":"12941","country":"US","city":"Jay","state":"New York","state_ab":"NY","county":"Essex","geo_location":{"type": "Point", "coordinates": [44.3734,-73.7247]}},
{"zip_code":"12994","country":"US","city":"Whallonsburg","state":"New York","state_ab":"NY","county":"Essex County","geo_location":{"type": "Point", "coordinates": [44.2942,-73.4338]}},
{"zip_code":"12914","country":"US","city":"Bombay","state":"New York","state_ab":"NY","county":"Franklin","geo_location":{"type": "Point", "coordinates": [44.9479,-74.5947]}},
{"zip_code":"12051","country":"US","city":"Coxsackie","state":"New York","state_ab":"NY","county":"Greene","geo_location":{"type": "Point", "coordinates": [42.3501,-73.8199]}},
{"zip_code":"12424","country":"US","city":"East Jewett","state":"New York","state_ab":"NY","county":"Greene","geo_location":{"type": "Point", "coordinates": [42.2469,-74.1353]}},
{"zip_code":"12451","country":"US","city":"Leeds","state":"New York","state_ab":"NY","county":"Greene","geo_location":{"type": "Point", "coordinates": [42.3045,-73.9457]}},
{"zip_code":"12864","country":"US","city":"Sabael","state":"New York","state_ab":"NY","county":"Hamilton","geo_location":{"type": "Point", "coordinates": [43.6676,-74.4569]}},
{"zip_code":"13324","country":"US","city":"Cold Brook","state":"New York","state_ab":"NY","county":"Herkimer","geo_location":{"type": "Point", "coordinates": [43.3024,-74.9977]}},
{"zip_code":"13454","country":"US","city":"Salisbury Center","state":"New York","state_ab":"NY","county":"Herkimer","geo_location":{"type": "Point", "coordinates": [43.1625,-74.7809]}},
{"zip_code":"13607","country":"US","city":"Alexandria Bay","state":"New York","state_ab":"NY","county":"Jefferson","geo_location":{"type": "Point", "coordinates": [44.0746,-75.8407]}},
{"zip_code":"13634","country":"US","city":"Dexter","state":"New York","state_ab":"NY","county":"Jefferson","geo_location":{"type": "Point", "coordinates": [44.0069,-76.065]}},
{"zip_code":"13661","country":"US","city":"Mannsville","state":"New York","state_ab":"NY","county":"Jefferson","geo_location":{"type": "Point", "coordinates": [43.7179,-76.082]}},
{"zip_code":"13674","country":"US","city":"Pierrepont Manor","state":"New York","state_ab":"NY","county":"Jefferson","geo_location":{"type": "Point", "coordinates": [43.7334,-76.0543]}},
{"zip_code":"11201","country":"US","city":"Brooklyn","state":"New York","state_ab":"NY","county":"Kings","geo_location":{"type": "Point", "coordinates": [40.694,-73.9903]}},
{"zip_code":"11214","country":"US","city":"Brooklyn","state":"New York","state_ab":"NY","county":"Kings","geo_location":{"type": "Point", "coordinates": [40.6016,-73.9968]}},
{"zip_code":"11241","country":"US","city":"Brooklyn","state":"New York","state_ab":"NY","county":"Kings","geo_location":{"type": "Point", "coordinates": [40.6451,-73.945]}},
{"zip_code":"11254","country":"US","city":"Brooklyn","state":"New York","state_ab":"NY","county":"Kings","geo_location":{"type": "Point", "coordinates": [40.6451,-73.945]}},
{"zip_code":"13364","country":"US","city":"Leonardsville","state":"New York","state_ab":"NY","county":"Madison","geo_location":{"type": "Point", "coordinates": [42.9545,-75.6168]}},
{"zip_code":"14534","country":"US","city":"Pittsford","state":"New York","state_ab":"NY","county":"Monroe","geo_location":{"type": "Point", "coordinates": [43.0695,-77.5141]}},
{"zip_code":"14611","country":"US","city":"Rochester","state":"New York","state_ab":"NY","county":"Monroe","geo_location":{"type": "Point", "coordinates": [43.1484,-77.6394]}},
{"zip_code":"14624","country":"US","city":"Rochester","state":"New York","state_ab":"NY","county":"Monroe","geo_location":{"type": "Point", "coordinates": [43.1216,-77.7311]}},
{"zip_code":"14651","country":"US","city":"Rochester","state":"New York","state_ab":"NY","county":"Monroe","geo_location":{"type": "Point", "coordinates": [43.286,-77.6843]}},
{"zip_code":"14664","country":"US","city":"Rochester","state":"New York","state_ab":"NY","county":"Monroe","geo_location":{"type": "Point", "coordinates": [43.286,-77.6843]}},
{"zip_code":"11021","country":"US","city":"Great Neck","state":"New York","state_ab":"NY","county":"Nassau","geo_location":{"type": "Point", "coordinates": [40.7867,-73.727]}},
{"zip_code":"11551","country":"US","city":"Hempstead","state":"New York","state_ab":"NY","county":"Nassau","geo_location":{"type": "Point", "coordinates": [40.7548,-73.6018]}},
{"zip_code":"11564","country":"US","city":"Lynbrook","state":"New York","state_ab":"NY","county":"Nassau","geo_location":{"type": "Point", "coordinates": [40.7548,-73.6018]}},
{"zip_code":"11577","country":"US","city":"Roslyn Heights","state":"New York","state_ab":"NY","county":"Nassau","geo_location":{"type": "Point", "coordinates": [40.7845,-73.6403]}},
{"zip_code":"11771","country":"US","city":"Oyster Bay","state":"New York","state_ab":"NY","county":"Nassau","geo_location":{"type": "Point", "coordinates": [40.866,-73.5272]}},
{"zip_code":"11797","country":"US","city":"Woodbury","state":"New York","state_ab":"NY","county":"Nassau","geo_location":{"type": "Point", "coordinates": [40.8154,-73.4716]}},
{"zip_code":"10004","country":"US","city":"New York City","state":"New York","state_ab":"NY","county":"New York","geo_location":{"type": "Point", "coordinates": [40.6964,-74.0253]}},
{"zip_code":"10017","country":"US","city":"New York City","state":"New York","state_ab":"NY","county":"New York","geo_location":{"type": "Point", "coordinates": [40.7517,-73.9707]}},
{"zip_code":"10031","country":"US","city":"New York City","state":"New York","state_ab":"NY","county":"New York","geo_location":{"type": "Point", "coordinates": [40.8246,-73.9507]}},
{"zip_code":"10044","country":"US","city":"New York City","state":"New York","state_ab":"NY","county":"New York","geo_location":{"type": "Point", "coordinates": [40.7618,-73.9505]}},
{"zip_code":"10107","country":"US","city":"New York City","state":"New York","state_ab":"NY","county":"New York","geo_location":{"type": "Point", "coordinates": [40.7664,-73.9827]}},
{"zip_code":"10121","country":"US","city":"New York City","state":"New York","state_ab":"NY","county":"New York","geo_location":{"type": "Point", "coordinates": [40.7496,-73.9919]}},
{"zip_code":"10161","country":"US","city":"New York City","state":"New York","state_ab":"NY","county":"New York","geo_location":{"type": "Point", "coordinates": [40.7808,-73.9772]}},
{"zip_code":"10174","country":"US","city":"New York City","state":"New York","state_ab":"NY","county":"New York","geo_location":{"type": "Point", "coordinates": [40.7517,-73.9752]}},
{"zip_code":"10211","country":"US","city":"New York City","state":"New York","state_ab":"NY","county":"New York","geo_location":{"type": "Point", "coordinates": [40.7808,-73.9772]}},
{"zip_code":"10277","country":"US","city":"New York City","state":"New York","state_ab":"NY","county":"New York","geo_location":{"type": "Point", "coordinates": [40.7808,-73.9772]}},
{"zip_code":"14107","country":"US","city":"Model City","state":"New York","state_ab":"NY","county":"Niagara","geo_location":{"type": "Point", "coordinates": [43.3268,-78.8307]}},
{"zip_code":"14174","country":"US","city":"Youngstown","state":"New York","state_ab":"NY","county":"Niagara","geo_location":{"type": "Point", "coordinates": [43.2461,-79.0245]}},
{"zip_code":"14301","country":"US","city":"Niagara Falls","state":"New York","state_ab":"NY","county":"Niagara","geo_location":{"type": "Point", "coordinates": [43.0955,-79.0414]}},
{"zip_code":"13054","country":"US","city":"Durhamville","state":"New York","state_ab":"NY","county":"Oneida","geo_location":{"type": "Point", "coordinates": [43.1579,-75.6714]}},
{"zip_code":"13157","country":"US","city":"Sylvan Beach","state":"New York","state_ab":"NY","county":"Oneida","geo_location":{"type": "Point", "coordinates": [43.2091,-75.7231]}},
{"zip_code":"13401","country":"US","city":"Mc Connellsville","state":"New York","state_ab":"NY","county":"Oneida","geo_location":{"type": "Point", "coordinates": [43.2672,-75.6882]}},
{"zip_code":"13441","country":"US","city":"Rome","state":"New York","state_ab":"NY","county":"Oneida","geo_location":{"type": "Point", "coordinates": [43.2264,-75.4083]}},
{"zip_code":"13494","country":"US","city":"Woodgate","state":"New York","state_ab":"NY","county":"Oneida","geo_location":{"type": "Point", "coordinates": [43.5249,-75.1428]}},
{"zip_code":"13504","country":"US","city":"Utica","state":"New York","state_ab":"NY","county":"Oneida","geo_location":{"type": "Point", "coordinates": [43.136,-75.4325]}},
{"zip_code":"13027","country":"US","city":"Baldwinsville","state":"New York","state_ab":"NY","county":"Onondaga","geo_location":{"type": "Point", "coordinates": [43.162,-76.3237]}},
{"zip_code":"13041","country":"US","city":"Clay","state":"New York","state_ab":"NY","county":"Onondaga","geo_location":{"type": "Point", "coordinates": [43.1737,-76.1707]}},
{"zip_code":"13104","country":"US","city":"Manlius","state":"New York","state_ab":"NY","county":"Onondaga","geo_location":{"type": "Point", "coordinates": [42.9904,-75.9703]}},
{"zip_code":"13207","country":"US","city":"Syracuse","state":"New York","state_ab":"NY","county":"Onondaga","geo_location":{"type": "Point", "coordinates": [43.0195,-76.165]}},
{"zip_code":"13221","country":"US","city":"Syracuse","state":"New York","state_ab":"NY","county":"Onondaga","geo_location":{"type": "Point", "coordinates": [43.0214,-76.1977]}},
{"zip_code":"13261","country":"US","city":"Syracuse","state":"New York","state_ab":"NY","county":"Onondaga","geo_location":{"type": "Point", "coordinates": [43.0214,-76.1977]}},
{"zip_code":"14471","country":"US","city":"Honeoye","state":"New York","state_ab":"NY","county":"Ontario","geo_location":{"type": "Point", "coordinates": [42.7686,-77.5054]}},
{"zip_code":"14547","country":"US","city":"Seneca Castle","state":"New York","state_ab":"NY","county":"Ontario","geo_location":{"type": "Point", "coordinates": [42.8081,-77.2876]}},
{"zip_code":"14561","country":"US","city":"Stanley","state":"New York","state_ab":"NY","county":"Ontario","geo_location":{"type": "Point", "coordinates": [42.8303,-77.1207]}},
{"zip_code":"10921","country":"US","city":"Florida","state":"New York","state_ab":"NY","county":"Orange","geo_location":{"type": "Point", "coordinates": [41.3295,-74.3528]}},
{"zip_code":"10987","country":"US","city":"Tuxedo Park","state":"New York","state_ab":"NY","county":"Orange","geo_location":{"type": "Point", "coordinates": [41.1925,-74.2159]}},
{"zip_code":"13094","country":"US","city":"Lysander","state":"New York","state_ab":"NY","county":"Oswego County","geo_location":{"type": "Point", "coordinates": [43.2063,-76.4593]}},
{"zip_code":"13131","country":"US","city":"Parish","state":"New York","state_ab":"NY","county":"Oswego","geo_location":{"type": "Point", "coordinates": [43.4153,-76.1]}},
{"zip_code":"13144","country":"US","city":"Richland","state":"New York","state_ab":"NY","county":"Oswego","geo_location":{"type": "Point", "coordinates": [43.5776,-76.0029]}},
{"zip_code":"12064","country":"US","city":"East Worcester","state":"New York","state_ab":"NY","county":"Otsego","geo_location":{"type": "Point", "coordinates": [42.6321,-74.6674]}},
{"zip_code":"13337","country":"US","city":"Fly Creek","state":"New York","state_ab":"NY","county":"Otsego","geo_location":{"type": "Point", "coordinates": [42.7252,-74.9869]}},
{"zip_code":"11357","country":"US","city":"Whitestone","state":"New York","state_ab":"NY","county":"Queens","geo_location":{"type": "Point", "coordinates": [40.7851,-73.8096]}},
{"zip_code":"11371","country":"US","city":"Flushing","state":"New York","state_ab":"NY","county":"Queens","geo_location":{"type": "Point", "coordinates": [40.7721,-73.8735]}},
{"zip_code":"11407","country":"US","city":"Jamaica","state":"New York","state_ab":"NY","county":"Queens County","geo_location":{"type": "Point", "coordinates": [40.6913,-73.8059]}},
{"zip_code":"11421","country":"US","city":"Woodhaven","state":"New York","state_ab":"NY","county":"Queens","geo_location":{"type": "Point", "coordinates": [40.6913,-73.8585]}},
{"zip_code":"11434","country":"US","city":"Jamaica","state":"New York","state_ab":"NY","county":"Queens","geo_location":{"type": "Point", "coordinates": [40.6775,-73.7758]}},
{"zip_code":"11447","country":"US","city":"Jamaica","state":"New York","state_ab":"NY","county":"Queens County","geo_location":{"type": "Point", "coordinates": [40.6914,-73.8061]}},
{"zip_code":"11474","country":"US","city":"Jamaica","state":"New York","state_ab":"NY","county":"Queens County","geo_location":{"type": "Point", "coordinates": [40.6914,-73.8061]}},
{"zip_code":"11694","country":"US","city":"Rockaway Park","state":"New York","state_ab":"NY","county":"Queens","geo_location":{"type": "Point", "coordinates": [40.5766,-73.8428]}},
{"zip_code":"12024","country":"US","city":"Brainard","state":"New York","state_ab":"NY","county":"Rensselaer","geo_location":{"type": "Point", "coordinates": [42.495,-73.5107]}},
{"zip_code":"12154","country":"US","city":"Schaghticoke","state":"New York","state_ab":"NY","county":"Rensselaer","geo_location":{"type": "Point", "coordinates": [42.9144,-73.6154]}},
{"zip_code":"12181","country":"US","city":"Troy","state":"New York","state_ab":"NY","county":"Rensselaer","geo_location":{"type": "Point", "coordinates": [42.7387,-73.6739]}},
{"zip_code":"10301","country":"US","city":"Staten Island","state":"New York","state_ab":"NY","county":"Richmond","geo_location":{"type": "Point", "coordinates": [40.6316,-74.0927]}},
{"zip_code":"10314","country":"US","city":"Staten Island","state":"New York","state_ab":"NY","county":"Richmond","geo_location":{"type": "Point", "coordinates": [40.6039,-74.1472]}},
{"zip_code":"10974","country":"US","city":"Sloatsburg","state":"New York","state_ab":"NY","county":"Rockland","geo_location":{"type": "Point", "coordinates": [41.1575,-74.2008]}},
{"zip_code":"12927","country":"US","city":"Cranberry Lake","state":"New York","state_ab":"NY","county":"St. Lawrence","geo_location":{"type": "Point", "coordinates": [44.229,-74.8581]}},
{"zip_code":"12967","country":"US","city":"North Lawrence","state":"New York","state_ab":"NY","county":"St. Lawrence","geo_location":{"type": "Point", "coordinates": [44.775,-74.6653]}},
{"zip_code":"13621","country":"US","city":"Chase Mills","state":"New York","state_ab":"NY","county":"St. Lawrence","geo_location":{"type": "Point", "coordinates": [44.8672,-75.073]}},
{"zip_code":"13647","country":"US","city":"Hannawa Falls","state":"New York","state_ab":"NY","county":"St. Lawrence","geo_location":{"type": "Point", "coordinates": [44.6087,-74.9732]}},
{"zip_code":"13687","country":"US","city":"South Colton","state":"New York","state_ab":"NY","county":"St. Lawrence","geo_location":{"type": "Point", "coordinates": [44.5041,-74.8607]}},
{"zip_code":"12141","country":"US","city":"Quaker Street","state":"New York","state_ab":"NY","county":"Schenectady","geo_location":{"type": "Point", "coordinates": [42.7318,-74.1854]}},
{"zip_code":"12307","country":"US","city":"Schenectady","state":"New York","state_ab":"NY","county":"Schenectady","geo_location":{"type": "Point", "coordinates": [42.8047,-73.9363]}},
{"zip_code":"12194","country":"US","city":"West Fulton","state":"New York","state_ab":"NY","county":"Schoharie","geo_location":{"type": "Point", "coordinates": [42.5506,-74.4631]}},
{"zip_code":"14521","country":"US","city":"Ovid","state":"New York","state_ab":"NY","county":"Seneca","geo_location":{"type": "Point", "coordinates": [42.6898,-76.7941]}},
{"zip_code":"14831","country":"US","city":"Corning","state":"New York","state_ab":"NY","county":"Steuben","geo_location":{"type": "Point", "coordinates": [42.1453,-77.5668]}},
{"zip_code":"11704","country":"US","city":"West Babylon","state":"New York","state_ab":"NY","county":"Suffolk","geo_location":{"type": "Point", "coordinates": [40.7135,-73.3546]}},
{"zip_code":"11717","country":"US","city":"Brentwood","state":"New York","state_ab":"NY","county":"Suffolk","geo_location":{"type": "Point", "coordinates": [40.7809,-73.2503]}},
{"zip_code":"11731","country":"US","city":"East Northport","state":"New York","state_ab":"NY","county":"Suffolk","geo_location":{"type": "Point", "coordinates": [40.857,-73.3146]}},
{"zip_code":"11757","country":"US","city":"Lindenhurst","state":"New York","state_ab":"NY","county":"Suffolk","geo_location":{"type": "Point", "coordinates": [40.6884,-73.3745]}},
{"zip_code":"11784","country":"US","city":"Selden","state":"New York","state_ab":"NY","county":"Suffolk","geo_location":{"type": "Point", "coordinates": [40.8699,-73.0448]}},
{"zip_code":"11937","country":"US","city":"East Hampton","state":"New York","state_ab":"NY","county":"Suffolk","geo_location":{"type": "Point", "coordinates": [40.993,-72.179]}},
{"zip_code":"11951","country":"US","city":"Mastic Beach","state":"New York","state_ab":"NY","county":"Suffolk","geo_location":{"type": "Point", "coordinates": [40.7657,-72.8537]}},
{"zip_code":"11964","country":"US","city":"Shelter Island","state":"New York","state_ab":"NY","county":"Suffolk","geo_location":{"type": "Point", "coordinates": [41.064,-72.3366]}},
{"zip_code":"11977","country":"US","city":"Westhampton","state":"New York","state_ab":"NY","county":"Suffolk","geo_location":{"type": "Point", "coordinates": [40.818,-72.6699]}},
{"zip_code":"12721","country":"US","city":"Bloomingburg","state":"New York","state_ab":"NY","county":"Sullivan","geo_location":{"type": "Point", "coordinates": [41.5644,-74.4304]}},
{"zip_code":"12734","country":"US","city":"Ferndale","state":"New York","state_ab":"NY","county":"Sullivan","geo_location":{"type": "Point", "coordinates": [41.7349,-74.7345]}},
{"zip_code":"12747","country":"US","city":"Hurleyville","state":"New York","state_ab":"NY","county":"Sullivan","geo_location":{"type": "Point", "coordinates": [41.7703,-74.7261]}},
{"zip_code":"12787","country":"US","city":"White Sulphur Springs","state":"New York","state_ab":"NY","county":"Sullivan","geo_location":{"type": "Point", "coordinates": [41.8002,-74.8286]}},
{"zip_code":"13827","country":"US","city":"Owego","state":"New York","state_ab":"NY","county":"Tioga","geo_location":{"type": "Point", "coordinates": [42.1138,-76.2528]}},
{"zip_code":"14817","country":"US","city":"Brooktondale","state":"New York","state_ab":"NY","county":"Tompkins","geo_location":{"type": "Point", "coordinates": [42.3765,-76.3668]}},
{"zip_code":"12411","country":"US","city":"Bloomington","state":"New York","state_ab":"NY","county":"Ulster","geo_location":{"type": "Point", "coordinates": [41.8752,-74.0436]}},
{"zip_code":"12464","country":"US","city":"Phoenicia","state":"New York","state_ab":"NY","county":"Ulster","geo_location":{"type": "Point", "coordinates": [42.0544,-74.3393]}},
{"zip_code":"12477","country":"US","city":"Saugerties","state":"New York","state_ab":"NY","county":"Ulster","geo_location":{"type": "Point", "coordinates": [42.0738,-73.9797]}},
{"zip_code":"12491","country":"US","city":"West Hurley","state":"New York","state_ab":"NY","county":"Ulster","geo_location":{"type": "Point", "coordinates": [41.9838,-74.1244]}},
{"zip_code":"12811","country":"US","city":"Bakers Mills","state":"New York","state_ab":"NY","county":"Warren","geo_location":{"type": "Point", "coordinates": [43.6242,-74.0612]}},
{"zip_code":"12824","country":"US","city":"Diamond Point","state":"New York","state_ab":"NY","county":"Warren","geo_location":{"type": "Point", "coordinates": [43.5156,-73.7001]}},
{"zip_code":"12837","country":"US","city":"Hampton","state":"New York","state_ab":"NY","county":"Washington","geo_location":{"type": "Point", "coordinates": [43.4621,-73.2731]}},
{"zip_code":"14444","country":"US","city":"East Palmyra","state":"New York","state_ab":"NY","county":"Wayne County","geo_location":{"type": "Point", "coordinates": [43.085,-77.1571]}},
{"zip_code":"10507","country":"US","city":"Bedford Hills","state":"New York","state_ab":"NY","county":"Westchester","geo_location":{"type": "Point", "coordinates": [41.2344,-73.6915]}},
{"zip_code":"10521","country":"US","city":"Croton On Hudson","state":"New York","state_ab":"NY","county":"Westchester","geo_location":{"type": "Point", "coordinates": [41.2343,-73.9262]}},
{"zip_code":"10547","country":"US","city":"Mohegan Lake","state":"New York","state_ab":"NY","county":"Westchester","geo_location":{"type": "Point", "coordinates": [41.3143,-73.8508]}},
{"zip_code":"10587","country":"US","city":"Shenorock","state":"New York","state_ab":"NY","county":"Westchester","geo_location":{"type": "Point", "coordinates": [41.3287,-73.7423]}},
{"zip_code":"10701","country":"US","city":"Yonkers","state":"New York","state_ab":"NY","county":"Westchester","geo_location":{"type": "Point", "coordinates": [40.9461,-73.8669]}},
{"zip_code":"7091","country":"US","city":"Westfield","state":"New Jersey","state_ab":"NJ","county":"Union","geo_location":{"type": "Point", "coordinates": [40.6657,-74.2997]}},
{"zip_code":"7204","country":"US","city":"Roselle Park","state":"New Jersey","state_ab":"NJ","county":"Union","geo_location":{"type": "Point", "coordinates": [40.6651,-74.267]}},
{"zip_code":"7901","country":"US","city":"Summit","state":"New Jersey","state_ab":"NJ","county":"Union","geo_location":{"type": "Point", "coordinates": [40.7149,-74.3642]}},
{"zip_code":"87101","country":"US","city":"Albuquerque","state":"New Mexico","state_ab":"NM","county":"Bernalillo","geo_location":{"type": "Point", "coordinates": [35.1996,-106.6448]}},
{"zip_code":"87114","country":"US","city":"Albuquerque","state":"New Mexico","state_ab":"NM","county":"Bernalillo","geo_location":{"type": "Point", "coordinates": [35.1868,-106.6652]}},
{"zip_code":"87154","country":"US","city":"Albuquerque","state":"New Mexico","state_ab":"NM","county":"Bernalillo","geo_location":{"type": "Point", "coordinates": [35.0443,-106.6729]}},
{"zip_code":"87181","country":"US","city":"Albuquerque","state":"New Mexico","state_ab":"NM","county":"Bernalillo","geo_location":{"type": "Point", "coordinates": [35.0443,-106.6729]}},
{"zip_code":"87194","country":"US","city":"Albuquerque","state":"New Mexico","state_ab":"NM","county":"Bernalillo","geo_location":{"type": "Point", "coordinates": [35.0443,-106.6729]}},
{"zip_code":"87824","country":"US","city":"Luna","state":"New Mexico","state_ab":"NM","county":"Catron","geo_location":{"type": "Point", "coordinates": [33.891,-108.3794]}},
{"zip_code":"87051","country":"US","city":"San Rafael","state":"New Mexico","state_ab":"NM","county":"Cibola","geo_location":{"type": "Point", "coordinates": [35.151,-107.877]}},
{"zip_code":"87747","country":"US","city":"Springer","state":"New Mexico","state_ab":"NM","county":"Colfax","geo_location":{"type": "Point", "coordinates": [36.3767,-104.5927]}},
{"zip_code":"87941","country":"US","city":"Salem","state":"New Mexico","state_ab":"NM","county":"Do単a Ana","geo_location":{"type": "Point", "coordinates": [32.7093,-107.2157]}},
{"zip_code":"88001","country":"US","city":"Las Cruces","state":"New Mexico","state_ab":"NM","county":"Do単a Ana","geo_location":{"type": "Point", "coordinates": [32.2901,-106.7539]}},
{"zip_code":"88027","country":"US","city":"Chamberino","state":"New Mexico","state_ab":"NM","county":"Do単a Ana","geo_location":{"type": "Point", "coordinates": [32.0174,-106.6673]}},
{"zip_code":"88054","country":"US","city":"Radium Springs","state":"New Mexico","state_ab":"NM","county":"Do単a Ana","geo_location":{"type": "Point", "coordinates": [32.4888,-106.9146]}},
{"zip_code":"88221","country":"US","city":"Carlsbad","state":"New Mexico","state_ab":"NM","county":"Eddy","geo_location":{"type": "Point", "coordinates": [32.342,-104.2937]}},
{"zip_code":"88041","country":"US","city":"Hanover","state":"New Mexico","state_ab":"NM","county":"Grant","geo_location":{"type": "Point", "coordinates": [32.8045,-107.9545]}},
{"zip_code":"88324","country":"US","city":"Glencoe","state":"New Mexico","state_ab":"NM","county":"Lincoln","geo_location":{"type": "Point", "coordinates": [33.3898,-105.4391]}},
{"zip_code":"88351","country":"US","city":"Tinnie","state":"New Mexico","state_ab":"NM","county":"Lincoln","geo_location":{"type": "Point", "coordinates": [33.7397,-105.6294]}},
{"zip_code":"87321","country":"US","city":"Ramah","state":"New Mexico","state_ab":"NM","county":"McKinley","geo_location":{"type": "Point", "coordinates": [35.1324,-108.492]}},
{"zip_code":"87347","country":"US","city":"Jamestown","state":"New Mexico","state_ab":"NM","county":"McKinley","geo_location":{"type": "Point", "coordinates": [35.4809,-108.1767]}},
{"zip_code":"87734","country":"US","city":"Ocate","state":"New Mexico","state_ab":"NM","county":"Mora","geo_location":{"type": "Point", "coordinates": [36.1037,-105.066]}},
{"zip_code":"88081","country":"US","city":"Chaparral","state":"New Mexico","state_ab":"NM","county":"Otero County","geo_location":{"type": "Point", "coordinates": [32.2239,-106.2631]}},
{"zip_code":"88311","country":"US","city":"Alamogordo","state":"New Mexico","state_ab":"NM","county":"Otero","geo_location":{"type": "Point", "coordinates": [32.6955,-105.6126]}},
{"zip_code":"88337","country":"US","city":"La Luz","state":"New Mexico","state_ab":"NM","county":"Otero","geo_location":{"type": "Point", "coordinates": [32.9774,-105.9534]}},
{"zip_code":"88401","country":"US","city":"Tucumcari","state":"New Mexico","state_ab":"NM","county":"Quay","geo_location":{"type": "Point", "coordinates": [35.168,-103.7179]}},
{"zip_code":"88427","country":"US","city":"Mc Alister","state":"New Mexico","state_ab":"NM","county":"Quay","geo_location":{"type": "Point", "coordinates": [34.7321,-103.654]}},
{"zip_code":"87064","country":"US","city":"Youngsville","state":"New Mexico","state_ab":"NM","county":"Rio Arriba","geo_location":{"type": "Point", "coordinates": [36.1819,-106.589]}},
{"zip_code":"87527","country":"US","city":"Dixon","state":"New Mexico","state_ab":"NM","county":"Rio Arriba","geo_location":{"type": "Point", "coordinates": [36.179,-105.8615]}},
{"zip_code":"87554","country":"US","city":"Petaca","state":"New Mexico","state_ab":"NM","county":"Rio Arriba","geo_location":{"type": "Point", "coordinates": [36.4654,-106.5785]}},
{"zip_code":"87581","country":"US","city":"Vallecitos","state":"New Mexico","state_ab":"NM","county":"Rio Arriba","geo_location":{"type": "Point", "coordinates": [36.5286,-106.1448]}},
{"zip_code":"87024","country":"US","city":"Jemez Pueblo","state":"New Mexico","state_ab":"NM","county":"Sandoval","geo_location":{"type": "Point", "coordinates": [35.6243,-106.7219]}},
{"zip_code":"87037","country":"US","city":"Nageezi","state":"New Mexico","state_ab":"NM","county":"San Juan","geo_location":{"type": "Point", "coordinates": [36.1598,-107.7664]}},
{"zip_code":"88441","country":"US","city":"Bell Ranch","state":"New Mexico","state_ab":"NM","county":"San Miguel","geo_location":{"type": "Point", "coordinates": [35.4563,-104.6796]}},
{"zip_code":"87501","country":"US","city":"Santa Fe","state":"New Mexico","state_ab":"NM","county":"Santa Fe","geo_location":{"type": "Point", "coordinates": [35.6975,-105.9821]}},
{"zip_code":"87567","country":"US","city":"Santa Cruz","state":"New Mexico","state_ab":"NM","county":"Santa Fe","geo_location":{"type": "Point", "coordinates": [35.986,-106.0318]}},
{"zip_code":"87594","country":"US","city":"Santa Fe","state":"New Mexico","state_ab":"NM","county":"Santa Fe","geo_location":{"type": "Point", "coordinates": [35.5212,-105.9818]}},
{"zip_code":"87901","country":"US","city":"Truth Or Consequences","state":"New Mexico","state_ab":"NM","county":"Sierra","geo_location":{"type": "Point", "coordinates": [33.1606,-107.2669]}},
{"zip_code":"87011","country":"US","city":"Claunch","state":"New Mexico","state_ab":"NM","county":"Socorro","geo_location":{"type": "Point", "coordinates": [34.0646,-105.9496]}},
{"zip_code":"87514","country":"US","city":"Arroyo Seco","state":"New Mexico","state_ab":"NM","county":"Taos","geo_location":{"type": "Point", "coordinates": [36.52,-105.534]}},
{"zip_code":"88414","country":"US","city":"Capulin","state":"New Mexico","state_ab":"NM","county":"Union","geo_location":{"type": "Point", "coordinates": [36.7785,-103.9986]}},
{"zip_code":"88904","country":"US","city":"Winchester","state":"Nevada","state_ab":"NV","county":"Clark County","geo_location":{"type": "Point", "coordinates": [36.1749,-115.1363]}},
{"zip_code":"89004","country":"US","city":"Blue Diamond","state":"Nevada","state_ab":"NV","county":"Clark","geo_location":{"type": "Point", "coordinates": [36.0854,-115.4707]}},
{"zip_code":"89031","country":"US","city":"North Las Vegas","state":"Nevada","state_ab":"NV","county":"Clark","geo_location":{"type": "Point", "coordinates": [36.2589,-115.1718]}},
{"zip_code":"89084","country":"US","city":"North Las Vegas","state":"Nevada","state_ab":"NV","county":"Clark","geo_location":{"type": "Point", "coordinates": [36.2815,-115.1482]}},
{"zip_code":"89107","country":"US","city":"Las Vegas","state":"Nevada","state_ab":"NV","county":"Clark","geo_location":{"type": "Point", "coordinates": [36.1705,-115.2176]}},
{"zip_code":"89121","country":"US","city":"Las Vegas","state":"Nevada","state_ab":"NV","county":"Clark","geo_location":{"type": "Point", "coordinates": [36.1232,-115.0902]}},
{"zip_code":"89134","country":"US","city":"Las Vegas","state":"Nevada","state_ab":"NV","county":"Clark","geo_location":{"type": "Point", "coordinates": [36.2092,-115.2941]}},
{"zip_code":"89147","country":"US","city":"Las Vegas","state":"Nevada","state_ab":"NV","county":"Clark","geo_location":{"type": "Point", "coordinates": [36.1128,-115.2801]}},
{"zip_code":"89161","country":"US","city":"Las Vegas","state":"Nevada","state_ab":"NV","county":"Clark County","geo_location":{"type": "Point", "coordinates": [36.0004,-115.3639]}},
{"zip_code":"89831","country":"US","city":"Mountain City","state":"Nevada","state_ab":"NV","county":"Elko","geo_location":{"type": "Point", "coordinates": [41.0594,-115.5296]}},
{"zip_code":"89404","country":"US","city":"Denio","state":"Nevada","state_ab":"NV","county":"Humboldt","geo_location":{"type": "Point", "coordinates": [41.7043,-118.732]}},
{"zip_code":"89017","country":"US","city":"Hiko","state":"Nevada","state_ab":"NV","county":"Lincoln","geo_location":{"type": "Point", "coordinates": [37.5926,-115.2262]}},
{"zip_code":"89044","country":"US","city":"Henderson","state":"Nevada","state_ab":"NV","county":"Lincoln County","geo_location":{"type": "Point", "coordinates": [35.9025,-115.1789]}},
{"zip_code":"89444","country":"US","city":"Wellington","state":"Nevada","state_ab":"NV","county":"Lyon","geo_location":{"type": "Point", "coordinates": [38.8447,-119.3523]}},
{"zip_code":"89431","country":"US","city":"Sparks","state":"Nevada","state_ab":"NV","county":"Washoe","geo_location":{"type": "Point", "coordinates": [39.5473,-119.7556]}},
{"zip_code":"89507","country":"US","city":"Reno","state":"Nevada","state_ab":"NV","county":"Washoe","geo_location":{"type": "Point", "coordinates": [39.5423,-119.8164]}},
{"zip_code":"89521","country":"US","city":"Reno","state":"Nevada","state_ab":"NV","county":"Washoe County","geo_location":{"type": "Point", "coordinates": [39.3809,-119.6859]}},
{"zip_code":"89301","country":"US","city":"Ely","state":"Nevada","state_ab":"NV","county":"White Pine","geo_location":{"type": "Point", "coordinates": [39.3094,-114.878]}},
{"zip_code":"89314","country":"US","city":"Duckwater","state":"Nevada","state_ab":"NV","county":"White Pine","geo_location":{"type": "Point", "coordinates": [39.4029,-114.977]}},
{"zip_code":"89701","country":"US","city":"Carson City","state":"Nevada","state_ab":"NV","county":"Carson City (city)","geo_location":{"type": "Point", "coordinates": [39.1507,-119.7459]}},
{"zip_code":"89714","country":"US","city":"Carson City","state":"Nevada","state_ab":"NV","county":"Carson City (city)","geo_location":{"type": "Point", "coordinates": [39.1678,-119.7764]}},
{"zip_code":"12077","country":"US","city":"Glenmont","state":"New York","state_ab":"NY","county":"Albany","geo_location":{"type": "Point", "coordinates": [42.5971,-73.7959]}},
{"zip_code":"12204","country":"US","city":"Albany","state":"New York","state_ab":"NY","county":"Albany","geo_location":{"type": "Point", "coordinates": [42.6847,-73.7354]}},
{"zip_code":"12231","country":"US","city":"Albany","state":"New York","state_ab":"NY","county":"Albany","geo_location":{"type": "Point", "coordinates": [42.6149,-73.9708]}},
{"zip_code":"12244","country":"US","city":"Albany","state":"New York","state_ab":"NY","county":"Albany","geo_location":{"type": "Point", "coordinates": [42.6149,-73.9708]}},
{"zip_code":"12257","country":"US","city":"Albany","state":"New York","state_ab":"NY","county":"Albany","geo_location":{"type": "Point", "coordinates": [42.6149,-73.9708]}},
{"zip_code":"14714","country":"US","city":"Black Creek","state":"New York","state_ab":"NY","county":"Allegany","geo_location":{"type": "Point", "coordinates": [42.2855,-78.2312]}},
{"zip_code":"14727","country":"US","city":"Cuba","state":"New York","state_ab":"NY","county":"Allegany","geo_location":{"type": "Point", "coordinates": [42.1882,-78.2751]}},
{"zip_code":"14754","country":"US","city":"Little Genesee","state":"New York","state_ab":"NY","county":"Allegany","geo_location":{"type": "Point", "coordinates": [42.0319,-78.2097]}},
{"zip_code":"14804","country":"US","city":"Almond","state":"New York","state_ab":"NY","county":"Allegany","geo_location":{"type": "Point", "coordinates": [42.316,-77.778]}},
{"zip_code":"14884","country":"US","city":"Swain","state":"New York","state_ab":"NY","county":"Allegany","geo_location":{"type": "Point", "coordinates": [42.4773,-77.889]}},
{"zip_code":"14897","country":"US","city":"Whitesville","state":"New York","state_ab":"NY","county":"Allegany","geo_location":{"type": "Point", "coordinates": [42.0456,-77.8106]}},
{"zip_code":"10457","country":"US","city":"Bronx","state":"New York","state_ab":"NY","county":"Bronx","geo_location":{"type": "Point", "coordinates": [40.8486,-73.8999]}},
{"zip_code":"10471","country":"US","city":"Bronx","state":"New York","state_ab":"NY","county":"Bronx","geo_location":{"type": "Point", "coordinates": [40.9011,-73.9053]}},
{"zip_code":"13737","country":"US","city":"Bible School Park","state":"New York","state_ab":"NY","county":"Broome","geo_location":{"type": "Point", "coordinates": [42.0805,-76.0973]}},
{"zip_code":"13777","country":"US","city":"Glen Aubrey","state":"New York","state_ab":"NY","county":"Broome","geo_location":{"type": "Point", "coordinates": [42.2573,-75.9805]}},
{"zip_code":"13904","country":"US","city":"Binghamton","state":"New York","state_ab":"NY","county":"Broome","geo_location":{"type": "Point", "coordinates": [42.1171,-75.8653]}},
{"zip_code":"14741","country":"US","city":"Great Valley","state":"New York","state_ab":"NY","county":"Cattaraugus","geo_location":{"type": "Point", "coordinates": [42.2083,-78.6208]}},
{"zip_code":"13081","country":"US","city":"King Ferry","state":"New York","state_ab":"NY","county":"Cayuga","geo_location":{"type": "Point", "coordinates": [42.6635,-76.6216]}},
{"zip_code":"13117","country":"US","city":"Montezuma","state":"New York","state_ab":"NY","county":"Cayuga","geo_location":{"type": "Point", "coordinates": [43.0023,-76.7047]}},
{"zip_code":"14701","country":"US","city":"Jamestown","state":"New York","state_ab":"NY","county":"Chautauqua","geo_location":{"type": "Point", "coordinates": [42.0928,-79.244]}},
{"zip_code":"14767","country":"US","city":"Panama","state":"New York","state_ab":"NY","county":"Chautauqua","geo_location":{"type": "Point", "coordinates": [42.057,-79.4815]}},
{"zip_code":"14781","country":"US","city":"Sherman","state":"New York","state_ab":"NY","county":"Chautauqua","geo_location":{"type": "Point", "coordinates": [42.1631,-79.5857]}},
{"zip_code":"56734","country":"US","city":"Lake Bronson","state":"Minnesota","state_ab":"MN","county":"Kittson","geo_location":{"type": "Point", "coordinates": [48.7787,-96.6431]}},
{"zip_code":"56257","country":"US","city":"Marietta","state":"Minnesota","state_ab":"MN","county":"Lac qui Parle","geo_location":{"type": "Point", "coordinates": [44.9636,-96.4094]}},
{"zip_code":"55601","country":"US","city":"Beaver Bay","state":"Minnesota","state_ab":"MN","county":"Lake","geo_location":{"type": "Point", "coordinates": [47.256,-91.3566]}},
{"zip_code":"55614","country":"US","city":"Silver Bay","state":"Minnesota","state_ab":"MN","county":"Lake","geo_location":{"type": "Point", "coordinates": [47.3585,-91.2205]}},
{"zip_code":"56127","country":"US","city":"Dunnell","state":"Minnesota","state_ab":"MN","county":"Martin","geo_location":{"type": "Point", "coordinates": [43.5531,-94.7876]}},
{"zip_code":"56181","country":"US","city":"Welcome","state":"Minnesota","state_ab":"MN","county":"Martin","geo_location":{"type": "Point", "coordinates": [43.6705,-94.5886]}},
{"zip_code":"55371","country":"US","city":"Princeton","state":"Minnesota","state_ab":"MN","county":"Mille Lacs","geo_location":{"type": "Point", "coordinates": [45.5851,-93.5961]}},
{"zip_code":"55951","country":"US","city":"Le Roy","state":"Minnesota","state_ab":"MN","county":"Mower","geo_location":{"type": "Point", "coordinates": [43.5315,-92.5065]}},
{"zip_code":"55977","country":"US","city":"Taopi","state":"Minnesota","state_ab":"MN","county":"Mower","geo_location":{"type": "Point", "coordinates": [43.5458,-92.6335]}},
{"zip_code":"56114","country":"US","city":"Avoca","state":"Minnesota","state_ab":"MN","county":"Murray","geo_location":{"type": "Point", "coordinates": [43.9706,-95.6002]}},
{"zip_code":"56141","country":"US","city":"Iona","state":"Minnesota","state_ab":"MN","county":"Murray","geo_location":{"type": "Point", "coordinates": [43.9026,-95.7718]}},
{"zip_code":"56167","country":"US","city":"Round Lake","state":"Minnesota","state_ab":"MN","county":"Nobles","geo_location":{"type": "Point", "coordinates": [43.562,-95.4502]}},
{"zip_code":"56541","country":"US","city":"Flom","state":"Minnesota","state_ab":"MN","county":"Norman","geo_location":{"type": "Point", "coordinates": [47.1588,-96.1309]}},
{"zip_code":"56581","country":"US","city":"Shelly","state":"Minnesota","state_ab":"MN","county":"Norman","geo_location":{"type": "Point", "coordinates": [47.4554,-96.7838]}},
{"zip_code":"56361","country":"US","city":"Parkers Prairie","state":"Minnesota","state_ab":"MN","county":"Otter Tail","geo_location":{"type": "Point", "coordinates": [46.1769,-95.3608]}},
{"zip_code":"56527","country":"US","city":"Deer Creek","state":"Minnesota","state_ab":"MN","county":"Otter Tail","geo_location":{"type": "Point", "coordinates": [46.4112,-95.2673]}},
{"zip_code":"56567","country":"US","city":"New York Mills","state":"Minnesota","state_ab":"MN","county":"Otter Tail","geo_location":{"type": "Point", "coordinates": [46.5559,-95.4047]}},
{"zip_code":"55007","country":"US","city":"Brook Park","state":"Minnesota","state_ab":"MN","county":"Pine","geo_location":{"type": "Point", "coordinates": [45.9474,-93.0736]}},
{"zip_code":"55704","country":"US","city":"Askov","state":"Minnesota","state_ab":"MN","county":"Pine","geo_location":{"type": "Point", "coordinates": [46.1964,-92.7528]}},
{"zip_code":"56684","country":"US","city":"Trail","state":"Minnesota","state_ab":"MN","county":"Polk","geo_location":{"type": "Point", "coordinates": [47.7478,-95.7607]}},
{"zip_code":"56721","country":"US","city":"East Grand Forks","state":"Minnesota","state_ab":"MN","county":"Polk","geo_location":{"type": "Point", "coordinates": [47.9318,-97.0213]}},
{"zip_code":"56334","country":"US","city":"Glenwood","state":"Minnesota","state_ab":"MN","county":"Pope","geo_location":{"type": "Point", "coordinates": [45.6429,-95.3868]}},
{"zip_code":"55164","country":"US","city":"Saint Paul","state":"Minnesota","state_ab":"MN","county":"Ramsey","geo_location":{"type": "Point", "coordinates": [44.9909,-93.1066]}},
{"zip_code":"55177","country":"US","city":"Saint Paul","state":"Minnesota","state_ab":"MN","county":"Ramsey","geo_location":{"type": "Point", "coordinates": [45.0059,-93.1059]}},
{"zip_code":"55191","country":"US","city":"Saint Paul","state":"Minnesota","state_ab":"MN","county":"Ramsey","geo_location":{"type": "Point", "coordinates": [45.0059,-93.1059]}},
{"zip_code":"56284","country":"US","city":"Renville","state":"Minnesota","state_ab":"MN","county":"Renville","geo_location":{"type": "Point", "coordinates": [44.7776,-95.1989]}},
{"zip_code":"55021","country":"US","city":"Faribault","state":"Minnesota","state_ab":"MN","county":"Rice","geo_location":{"type": "Point", "coordinates": [44.2945,-93.2818]}},
{"zip_code":"55087","country":"US","city":"Warsaw","state":"Minnesota","state_ab":"MN","county":"Rice","geo_location":{"type": "Point", "coordinates": [44.2485,-93.3949]}},
{"zip_code":"56761","country":"US","city":"Wannaska","state":"Minnesota","state_ab":"MN","county":"Roseau","geo_location":{"type": "Point", "coordinates": [48.6452,-95.7072]}},
{"zip_code":"55717","country":"US","city":"Canyon","state":"Minnesota","state_ab":"MN","county":"St. Louis","geo_location":{"type": "Point", "coordinates": [47.0785,-92.4594]}},
{"zip_code":"55731","country":"US","city":"Ely","state":"Minnesota","state_ab":"MN","county":"St. Louis","geo_location":{"type": "Point", "coordinates": [47.9034,-91.857]}},
{"zip_code":"55771","country":"US","city":"Orr","state":"Minnesota","state_ab":"MN","county":"St. Louis","geo_location":{"type": "Point", "coordinates": [48.1439,-92.8561]}},
{"zip_code":"55807","country":"US","city":"Duluth","state":"Minnesota","state_ab":"MN","county":"St. Louis","geo_location":{"type": "Point", "coordinates": [46.7408,-92.1698]}},
{"zip_code":"56011","country":"US","city":"Belle Plaine","state":"Minnesota","state_ab":"MN","county":"Scott","geo_location":{"type": "Point", "coordinates": [44.6139,-93.7604]}},
{"zip_code":"56307","country":"US","city":"Albany","state":"Minnesota","state_ab":"MN","county":"Stearns","geo_location":{"type": "Point", "coordinates": [45.6151,-94.574]}},
{"zip_code":"56321","country":"US","city":"Collegeville","state":"Minnesota","state_ab":"MN","county":"Stearns","geo_location":{"type": "Point", "coordinates": [45.5783,-94.4199]}},
{"zip_code":"56374","country":"US","city":"Saint Joseph","state":"Minnesota","state_ab":"MN","county":"Stearns","geo_location":{"type": "Point", "coordinates": [45.5651,-94.3367]}},
{"zip_code":"56387","country":"US","city":"Waite Park","state":"Minnesota","state_ab":"MN","county":"Stearns","geo_location":{"type": "Point", "coordinates": [45.5497,-94.2245]}},
{"zip_code":"56244","country":"US","city":"Hancock","state":"Minnesota","state_ab":"MN","county":"Stevens","geo_location":{"type": "Point", "coordinates": [45.4985,-95.8008]}},
{"zip_code":"56231","country":"US","city":"Danvers","state":"Minnesota","state_ab":"MN","county":"Swift","geo_location":{"type": "Point", "coordinates": [45.2818,-95.7219]}},
{"zip_code":"56271","country":"US","city":"Murdock","state":"Minnesota","state_ab":"MN","county":"Swift","geo_location":{"type": "Point", "coordinates": [45.2161,-95.4049]}},
{"zip_code":"56347","country":"US","city":"Long Prairie","state":"Minnesota","state_ab":"MN","county":"Todd","geo_location":{"type": "Point", "coordinates": [45.9041,-94.8151]}},
{"zip_code":"56437","country":"US","city":"Bertha","state":"Minnesota","state_ab":"MN","county":"Todd","geo_location":{"type": "Point", "coordinates": [46.2515,-95.0357]}},
{"zip_code":"55964","country":"US","city":"Plainview","state":"Minnesota","state_ab":"MN","county":"Wabasha","geo_location":{"type": "Point", "coordinates": [44.1637,-92.1621]}},
{"zip_code":"55991","country":"US","city":"Zumbro Falls","state":"Minnesota","state_ab":"MN","county":"Wabasha","geo_location":{"type": "Point", "coordinates": [44.2427,-92.4256]}},
{"zip_code":"56464","country":"US","city":"Menahga","state":"Minnesota","state_ab":"MN","county":"Wadena","geo_location":{"type": "Point", "coordinates": [46.7572,-95.0714]}},
{"zip_code":"56477","country":"US","city":"Sebeka","state":"Minnesota","state_ab":"MN","county":"Wadena","geo_location":{"type": "Point", "coordinates": [46.6306,-95.0681]}},
{"zip_code":"56077","country":"US","city":"Otisco","state":"Minnesota","state_ab":"MN","county":"Waseca County","geo_location":{"type": "Point", "coordinates": [43.9858,-93.4667]}},
{"zip_code":"56091","country":"US","city":"Waldorf","state":"Minnesota","state_ab":"MN","county":"Waseca","geo_location":{"type": "Point", "coordinates": [43.9399,-93.7043]}},
{"zip_code":"55047","country":"US","city":"Marine On Saint Croix","state":"Minnesota","state_ab":"MN","county":"Washington","geo_location":{"type": "Point", "coordinates": [45.1988,-92.8258]}},
{"zip_code":"56594","country":"US","city":"Wolverton","state":"Minnesota","state_ab":"MN","county":"Wilkin","geo_location":{"type": "Point", "coordinates": [46.555,-96.6149]}},
{"zip_code":"55591","country":"US","city":"Monticello","state":"Minnesota","state_ab":"MN","county":"Wright","geo_location":{"type": "Point", "coordinates": [45.2009,-93.8881]}},
{"zip_code":"56297","country":"US","city":"Wood Lake","state":"Minnesota","state_ab":"MN","county":"Yellow Medicine","geo_location":{"type": "Point", "coordinates": [44.6379,-95.5409]}},
{"zip_code":"64421","country":"US","city":"Amazonia","state":"Missouri","state_ab":"MO","county":"Andrew","geo_location":{"type": "Point", "coordinates": [39.9092,-94.9113]}},
{"zip_code":"64874","country":"US","city":"Wheaton","state":"Missouri","state_ab":"MO","county":"Barry","geo_location":{"type": "Point", "coordinates": [36.7651,-94.0492]}},
{"zip_code":"65734","country":"US","city":"Purdy","state":"Missouri","state_ab":"MO","county":"Barry","geo_location":{"type": "Point", "coordinates": [36.8069,-93.9164]}},
{"zip_code":"65747","country":"US","city":"Shell Knob","state":"Missouri","state_ab":"MO","county":"Barry","geo_location":{"type": "Point", "coordinates": [36.6167,-93.6249]}},
{"zip_code":"63781","country":"US","city":"Sedgewickville","state":"Missouri","state_ab":"MO","county":"Bollinger","geo_location":{"type": "Point", "coordinates": [37.537,-89.9272]}},
{"zip_code":"65217","country":"US","city":"Columbia","state":"Missouri","state_ab":"MO","county":"Boone","geo_location":{"type": "Point", "coordinates": [38.9033,-92.1022]}},
{"zip_code":"65284","country":"US","city":"Sturgeon","state":"Missouri","state_ab":"MO","county":"Boone","geo_location":{"type": "Point", "coordinates": [39.2057,-92.2953]}},
{"zip_code":"63961","country":"US","city":"Qulin","state":"Missouri","state_ab":"MO","county":"Butler","geo_location":{"type": "Point", "coordinates": [36.5818,-90.2617]}},
{"zip_code":"65077","country":"US","city":"Steedman","state":"Missouri","state_ab":"MO","county":"Callaway","geo_location":{"type": "Point", "coordinates": [38.7566,-91.7888]}},
{"zip_code":"65231","country":"US","city":"Auxvasse","state":"Missouri","state_ab":"MO","county":"Callaway","geo_location":{"type": "Point", "coordinates": [39.0122,-91.8858]}},
{"zip_code":"65567","country":"US","city":"Stoutland","state":"Missouri","state_ab":"MO","county":"Camden","geo_location":{"type": "Point", "coordinates": [37.8693,-92.5114]}},
{"zip_code":"65787","country":"US","city":"Roach","state":"Missouri","state_ab":"MO","county":"Camden","geo_location":{"type": "Point", "coordinates": [38.1025,-92.9148]}},
{"zip_code":"63701","country":"US","city":"Cape Girardeau","state":"Missouri","state_ab":"MO","county":"Cape Girardeau","geo_location":{"type": "Point", "coordinates": [37.3169,-89.5459]}},
{"zip_code":"64744","country":"US","city":"El Dorado Springs","state":"Missouri","state_ab":"MO","county":"Cedar","geo_location":{"type": "Point", "coordinates": [37.8652,-94.0124]}},
{"zip_code":"64681","country":"US","city":"Sumner","state":"Missouri","state_ab":"MO","county":"Chariton","geo_location":{"type": "Point", "coordinates": [39.655,-93.2241]}},
{"zip_code":"65631","country":"US","city":"Clever","state":"Missouri","state_ab":"MO","county":"Christian","geo_location":{"type": "Point", "coordinates": [37.0447,-93.4383]}},
{"zip_code":"65657","country":"US","city":"Garrison","state":"Missouri","state_ab":"MO","county":"Christian","geo_location":{"type": "Point", "coordinates": [36.863,-93.0]}},
{"zip_code":"65721","country":"US","city":"Ozark","state":"Missouri","state_ab":"MO","county":"Christian","geo_location":{"type": "Point", "coordinates": [37.0169,-93.2022]}},
{"zip_code":"64087","country":"US","city":"Liberty","state":"Missouri","state_ab":"MO","county":"Clay","geo_location":{"type": "Point", "coordinates": [39.2829,-94.409]}},
{"zip_code":"65101","country":"US","city":"Jefferson City","state":"Missouri","state_ab":"MO","county":"Cole","geo_location":{"type": "Point", "coordinates": [38.5462,-92.1525]}},
{"zip_code":"64654","country":"US","city":"Lock Springs","state":"Missouri","state_ab":"MO","county":"Daviess","geo_location":{"type": "Point", "coordinates": [39.9605,-93.9889]}},
{"zip_code":"64447","country":"US","city":"Fairport","state":"Missouri","state_ab":"MO","county":"DeKalb","geo_location":{"type": "Point", "coordinates": [39.8926,-94.4044]}},
{"zip_code":"64474","country":"US","city":"Osborn","state":"Missouri","state_ab":"MO","county":"DeKalb","geo_location":{"type": "Point", "coordinates": [39.7912,-94.3974]}},
{"zip_code":"65501","country":"US","city":"Jadwin","state":"Missouri","state_ab":"MO","county":"Dent","geo_location":{"type": "Point", "coordinates": [37.4736,-91.5159]}},
{"zip_code":"65541","country":"US","city":"Lenox","state":"Missouri","state_ab":"MO","county":"Dent","geo_location":{"type": "Point", "coordinates": [37.6033,-91.4812]}},
{"zip_code":"63857","country":"US","city":"Kennett","state":"Missouri","state_ab":"MO","county":"Dunklin","geo_location":{"type": "Point", "coordinates": [36.2407,-90.0491]}},
{"zip_code":"63084","country":"US","city":"Union","state":"Missouri","state_ab":"MO","county":"Franklin","geo_location":{"type": "Point", "coordinates": [38.4456,-91.0206]}},
{"zip_code":"65604","country":"US","city":"Ash Grove","state":"Missouri","state_ab":"MO","county":"Greene","geo_location":{"type": "Point", "coordinates": [37.316,-93.5781]}},
{"zip_code":"64641","country":"US","city":"Galt","state":"Missouri","state_ab":"MO","county":"Grundy","geo_location":{"type": "Point", "coordinates": [40.144,-93.3953]}},
{"zip_code":"49871","country":"US","city":"Palmer","state":"Michigan","state_ab":"MI","county":"Marquette","geo_location":{"type": "Point", "coordinates": [46.4416,-87.5764]}},
{"zip_code":"49431","country":"US","city":"Ludington","state":"Michigan","state_ab":"MI","county":"Mason","geo_location":{"type": "Point", "coordinates": [43.9688,-86.4403]}},
{"zip_code":"48674","country":"US","city":"Midland","state":"Michigan","state_ab":"MI","county":"Midland","geo_location":{"type": "Point", "coordinates": [43.6129,-84.1971]}},
{"zip_code":"49651","country":"US","city":"Lake City","state":"Michigan","state_ab":"MI","county":"Missaukee","geo_location":{"type": "Point", "coordinates": [44.3767,-85.0946]}},
{"zip_code":"48117","country":"US","city":"Carleton","state":"Michigan","state_ab":"MI","county":"Monroe","geo_location":{"type": "Point", "coordinates": [42.0529,-83.3755]}},
{"zip_code":"48131","country":"US","city":"Dundee","state":"Michigan","state_ab":"MI","county":"Monroe","geo_location":{"type": "Point", "coordinates": [41.9514,-83.6522]}},
{"zip_code":"48144","country":"US","city":"Lambertville","state":"Michigan","state_ab":"MI","county":"Monroe","geo_location":{"type": "Point", "coordinates": [41.7531,-83.6259]}},
{"zip_code":"48157","country":"US","city":"Luna Pier","state":"Michigan","state_ab":"MI","county":"Monroe","geo_location":{"type": "Point", "coordinates": [41.8146,-83.4382]}},
{"zip_code":"49444","country":"US","city":"Muskegon","state":"Michigan","state_ab":"MI","county":"Muskegon","geo_location":{"type": "Point", "coordinates": [43.1791,-86.1989]}},
{"zip_code":"49457","country":"US","city":"Twin Lake","state":"Michigan","state_ab":"MI","county":"Muskegon","geo_location":{"type": "Point", "coordinates": [43.3414,-86.1633]}},
{"zip_code":"49327","country":"US","city":"Grant","state":"Michigan","state_ab":"MI","county":"Newaygo","geo_location":{"type": "Point", "coordinates": [43.3392,-85.8368]}},
{"zip_code":"48067","country":"US","city":"Royal Oak","state":"Michigan","state_ab":"MI","county":"Oakland","geo_location":{"type": "Point", "coordinates": [42.4906,-83.1366]}},
{"zip_code":"48324","country":"US","city":"West Bloomfield","state":"Michigan","state_ab":"MI","county":"Oakland","geo_location":{"type": "Point", "coordinates": [42.5961,-83.3819]}},
{"zip_code":"48377","country":"US","city":"Novi","state":"Michigan","state_ab":"MI","county":"Oakland","geo_location":{"type": "Point", "coordinates": [42.4992,-83.4773]}},
{"zip_code":"48391","country":"US","city":"Walled Lake","state":"Michigan","state_ab":"MI","county":"Oakland","geo_location":{"type": "Point", "coordinates": [42.6601,-83.3863]}},
{"zip_code":"48661","country":"US","city":"West Branch","state":"Michigan","state_ab":"MI","county":"Ogemaw","geo_location":{"type": "Point", "coordinates": [44.279,-84.2286]}},
{"zip_code":"49677","country":"US","city":"Reed City","state":"Michigan","state_ab":"MI","county":"Osceola","geo_location":{"type": "Point", "coordinates": [43.8868,-85.513]}},
{"zip_code":"48621","country":"US","city":"Fairview","state":"Michigan","state_ab":"MI","county":"Oscoda","geo_location":{"type": "Point", "coordinates": [44.7205,-84.0525]}},
{"zip_code":"48647","country":"US","city":"Mio","state":"Michigan","state_ab":"MI","county":"Oscoda","geo_location":{"type": "Point", "coordinates": [44.6665,-84.1353]}},
{"zip_code":"49404","country":"US","city":"Coopersville","state":"Michigan","state_ab":"MI","county":"Ottawa","geo_location":{"type": "Point", "coordinates": [43.0601,-85.9517]}},
{"zip_code":"49417","country":"US","city":"Grand Haven","state":"Michigan","state_ab":"MI","county":"Ottawa","geo_location":{"type": "Point", "coordinates": [43.0378,-86.1912]}},
{"zip_code":"49534","country":"US","city":"Grand Rapids","state":"Michigan","state_ab":"MI","county":"Ottawa County","geo_location":{"type": "Point", "coordinates": [43.0141,-85.7543]}},
{"zip_code":"48607","country":"US","city":"Saginaw","state":"Michigan","state_ab":"MI","county":"Saginaw","geo_location":{"type": "Point", "coordinates": [43.4301,-83.9319]}},
{"zip_code":"48724","country":"US","city":"Carrollton","state":"Michigan","state_ab":"MI","county":"Saginaw","geo_location":{"type": "Point", "coordinates": [43.465,-83.9255]}},
{"zip_code":"48001","country":"US","city":"Algonac","state":"Michigan","state_ab":"MI","county":"St. Clair","geo_location":{"type": "Point", "coordinates": [42.6367,-82.5866]}},
{"zip_code":"48014","country":"US","city":"Capac","state":"Michigan","state_ab":"MI","county":"St. Clair","geo_location":{"type": "Point", "coordinates": [43.0263,-82.9298]}},
{"zip_code":"48027","country":"US","city":"Goodells","state":"Michigan","state_ab":"MI","county":"St. Clair","geo_location":{"type": "Point", "coordinates": [42.9443,-82.6916]}},
{"zip_code":"48041","country":"US","city":"Memphis","state":"Michigan","state_ab":"MI","county":"St. Clair","geo_location":{"type": "Point", "coordinates": [42.941,-82.8046]}},
{"zip_code":"48054","country":"US","city":"East China","state":"Michigan","state_ab":"MI","county":"St. Clair","geo_location":{"type": "Point", "coordinates": [42.7769,-82.5437]}},
{"zip_code":"48401","country":"US","city":"Applegate","state":"Michigan","state_ab":"MI","county":"Sanilac","geo_location":{"type": "Point", "coordinates": [43.3619,-82.6479]}},
{"zip_code":"48427","country":"US","city":"Deckerville","state":"Michigan","state_ab":"MI","county":"Sanilac","geo_location":{"type": "Point", "coordinates": [43.5151,-82.7191]}},
{"zip_code":"48454","country":"US","city":"Melvin","state":"Michigan","state_ab":"MI","county":"Sanilac","geo_location":{"type": "Point", "coordinates": [43.193,-82.8393]}},
{"zip_code":"49817","country":"US","city":"Cooks","state":"Michigan","state_ab":"MI","county":"Schoolcraft","geo_location":{"type": "Point", "coordinates": [45.8997,-86.5307]}},
{"zip_code":"48414","country":"US","city":"Bancroft","state":"Michigan","state_ab":"MI","county":"Shiawassee","geo_location":{"type": "Point", "coordinates": [42.882,-84.1207]}},
{"zip_code":"48841","country":"US","city":"Henderson","state":"Michigan","state_ab":"MI","county":"Shiawassee","geo_location":{"type": "Point", "coordinates": [43.1143,-84.2369]}},
{"zip_code":"48867","country":"US","city":"Owosso","state":"Michigan","state_ab":"MI","county":"Shiawassee","geo_location":{"type": "Point", "coordinates": [42.9934,-84.1595]}},
{"zip_code":"49057","country":"US","city":"Hartford","state":"Michigan","state_ab":"MI","county":"Van Buren","geo_location":{"type": "Point", "coordinates": [42.2088,-86.1687]}},
{"zip_code":"49071","country":"US","city":"Mattawan","state":"Michigan","state_ab":"MI","county":"Van Buren","geo_location":{"type": "Point", "coordinates": [42.2451,-85.7943]}},
{"zip_code":"48104","country":"US","city":"Ann Arbor","state":"Michigan","state_ab":"MI","county":"Washtenaw","geo_location":{"type": "Point", "coordinates": [42.2694,-83.7282]}},
{"zip_code":"48197","country":"US","city":"Ypsilanti","state":"Michigan","state_ab":"MI","county":"Washtenaw","geo_location":{"type": "Point", "coordinates": [42.2325,-83.6336]}},
{"zip_code":"48184","country":"US","city":"Wayne","state":"Michigan","state_ab":"MI","county":"Wayne","geo_location":{"type": "Point", "coordinates": [42.2768,-83.3758]}},
{"zip_code":"48207","country":"US","city":"Detroit","state":"Michigan","state_ab":"MI","county":"Wayne","geo_location":{"type": "Point", "coordinates": [42.3524,-83.0271]}},
{"zip_code":"48221","country":"US","city":"Detroit","state":"Michigan","state_ab":"MI","county":"Wayne","geo_location":{"type": "Point", "coordinates": [42.426,-83.15]}},
{"zip_code":"48234","country":"US","city":"Detroit","state":"Michigan","state_ab":"MI","county":"Wayne","geo_location":{"type": "Point", "coordinates": [42.4337,-83.0434]}},
{"zip_code":"48274","country":"US","city":"Detroit","state":"Michigan","state_ab":"MI","county":"Wayne","geo_location":{"type": "Point", "coordinates": [42.2399,-83.1508]}},
{"zip_code":"55304","country":"US","city":"Andover","state":"Minnesota","state_ab":"MN","county":"Anoka","geo_location":{"type": "Point", "coordinates": [45.2377,-93.2724]}},
{"zip_code":"55421","country":"US","city":"Minneapolis","state":"Minnesota","state_ab":"MN","county":"Anoka","geo_location":{"type": "Point", "coordinates": [45.0523,-93.2541]}},
{"zip_code":"55434","country":"US","city":"Minneapolis","state":"Minnesota","state_ab":"MN","county":"Anoka","geo_location":{"type": "Point", "coordinates": [45.1681,-93.2504]}},
{"zip_code":"56501","country":"US","city":"Detroit Lakes","state":"Minnesota","state_ab":"MN","county":"Becker","geo_location":{"type": "Point", "coordinates": [46.8349,-95.8006]}},
{"zip_code":"56554","country":"US","city":"Lake Park","state":"Minnesota","state_ab":"MN","county":"Becker","geo_location":{"type": "Point", "coordinates": [46.8176,-96.067]}},
{"zip_code":"56671","country":"US","city":"Redlake","state":"Minnesota","state_ab":"MN","county":"Beltrami","geo_location":{"type": "Point", "coordinates": [47.8654,-95.0643]}},
{"zip_code":"56024","country":"US","city":"Eagle Lake","state":"Minnesota","state_ab":"MN","county":"Blue Earth","geo_location":{"type": "Point", "coordinates": [44.1546,-93.8719]}},
{"zip_code":"56037","country":"US","city":"Good Thunder","state":"Minnesota","state_ab":"MN","county":"Blue Earth","geo_location":{"type": "Point", "coordinates": [43.9952,-94.0677]}},
{"zip_code":"55757","country":"US","city":"Kettle River","state":"Minnesota","state_ab":"MN","county":"Carlton","geo_location":{"type": "Point", "coordinates": [46.5029,-92.9047]}},
{"zip_code":"55797","country":"US","city":"Wrenshall","state":"Minnesota","state_ab":"MN","county":"Carlton","geo_location":{"type": "Point", "coordinates": [46.5921,-92.3718]}},
{"zip_code":"55317","country":"US","city":"Chanhassen","state":"Minnesota","state_ab":"MN","county":"Carver","geo_location":{"type": "Point", "coordinates": [44.8679,-93.5359]}},
{"zip_code":"55397","country":"US","city":"Young America","state":"Minnesota","state_ab":"MN","county":"Carver","geo_location":{"type": "Point", "coordinates": [44.7929,-93.918]}},
{"zip_code":"55551","country":"US","city":"Young America","state":"Minnesota","state_ab":"MN","county":"Carver","geo_location":{"type": "Point", "coordinates": [44.8055,-93.7665]}},
{"zip_code":"55564","country":"US","city":"Young America","state":"Minnesota","state_ab":"MN","county":"Carver","geo_location":{"type": "Point", "coordinates": [44.8055,-93.7665]}},
{"zip_code":"55074","country":"US","city":"Shafer","state":"Minnesota","state_ab":"MN","county":"Chisago","geo_location":{"type": "Point", "coordinates": [45.3576,-92.7609]}},
{"zip_code":"56514","country":"US","city":"Barnesville","state":"Minnesota","state_ab":"MN","county":"Clay","geo_location":{"type": "Point", "coordinates": [46.6495,-96.3916]}},
{"zip_code":"56644","country":"US","city":"Gonvick","state":"Minnesota","state_ab":"MN","county":"Clearwater","geo_location":{"type": "Point", "coordinates": [47.749,-95.499]}},
{"zip_code":"56101","country":"US","city":"Windom","state":"Minnesota","state_ab":"MN","county":"Cottonwood","geo_location":{"type": "Point", "coordinates": [43.8831,-95.1373]}},
{"zip_code":"55124","country":"US","city":"Saint Paul","state":"Minnesota","state_ab":"MN","county":"Dakota","geo_location":{"type": "Point", "coordinates": [44.7497,-93.2029]}},
{"zip_code":"55924","country":"US","city":"Claremont","state":"Minnesota","state_ab":"MN","county":"Dodge","geo_location":{"type": "Point", "coordinates": [44.0522,-92.9888]}},
{"zip_code":"56051","country":"US","city":"Kiester","state":"Minnesota","state_ab":"MN","county":"Faribault","geo_location":{"type": "Point", "coordinates": [43.5414,-93.7102]}},
{"zip_code":"55937","country":"US","city":"Granger","state":"Minnesota","state_ab":"MN","county":"Fillmore County","geo_location":{"type": "Point", "coordinates": [43.5449,-92.1561]}},
{"zip_code":"56064","country":"US","city":"Manchester","state":"Minnesota","state_ab":"MN","county":"Freeborn","geo_location":{"type": "Point", "coordinates": [43.7638,-93.469]}},
{"zip_code":"55111","country":"US","city":"Saint Paul","state":"Minnesota","state_ab":"MN","county":"Hennepin","geo_location":{"type": "Point", "coordinates": [44.8828,-93.2007]}},
{"zip_code":"55331","country":"US","city":"Excelsior","state":"Minnesota","state_ab":"MN","county":"Hennepin","geo_location":{"type": "Point", "coordinates": [44.9007,-93.5791]}},
{"zip_code":"55344","country":"US","city":"Eden Prairie","state":"Minnesota","state_ab":"MN","county":"Hennepin","geo_location":{"type": "Point", "coordinates": [44.8574,-93.4376]}},
{"zip_code":"55357","country":"US","city":"Loretto","state":"Minnesota","state_ab":"MN","county":"Hennepin","geo_location":{"type": "Point", "coordinates": [45.1061,-93.6692]}},
{"zip_code":"55384","country":"US","city":"Spring Park","state":"Minnesota","state_ab":"MN","county":"Hennepin","geo_location":{"type": "Point", "coordinates": [44.9356,-93.6341]}},
{"zip_code":"55407","country":"US","city":"Minneapolis","state":"Minnesota","state_ab":"MN","county":"Hennepin","geo_location":{"type": "Point", "coordinates": [44.9378,-93.2545]}},
{"zip_code":"55447","country":"US","city":"Minneapolis","state":"Minnesota","state_ab":"MN","county":"Hennepin","geo_location":{"type": "Point", "coordinates": [45.0033,-93.4875]}},
{"zip_code":"55474","country":"US","city":"Minneapolis","state":"Minnesota","state_ab":"MN","county":"Hennepin","geo_location":{"type": "Point", "coordinates": [45.0159,-93.4719]}},
{"zip_code":"55487","country":"US","city":"Minneapolis","state":"Minnesota","state_ab":"MN","county":"Hennepin","geo_location":{"type": "Point", "coordinates": [45.0159,-93.4719]}},
{"zip_code":"55577","country":"US","city":"Maple Plain","state":"Minnesota","state_ab":"MN","county":"Hennepin","geo_location":{"type": "Point", "coordinates": [45.0159,-93.4719]}},
{"zip_code":"55744","country":"US","city":"Grand Rapids","state":"Minnesota","state_ab":"MN","county":"Itasca","geo_location":{"type": "Point", "coordinates": [47.2348,-93.5115]}},
{"zip_code":"55784","country":"US","city":"Swan River","state":"Minnesota","state_ab":"MN","county":"Itasca","geo_location":{"type": "Point", "coordinates": [47.0739,-93.1964]}},
{"zip_code":"56631","country":"US","city":"Bowstring","state":"Minnesota","state_ab":"MN","county":"Itasca","geo_location":{"type": "Point", "coordinates": [47.0878,-93.9214]}},
{"zip_code":"56657","country":"US","city":"Marcell","state":"Minnesota","state_ab":"MN","county":"Itasca","geo_location":{"type": "Point", "coordinates": [47.5485,-93.6236]}},
{"zip_code":"28151","country":"US","city":"Shelby","state":"North Carolina","state_ab":"NC","county":"Cleveland","geo_location":{"type": "Point", "coordinates": [35.2331,-81.5747]}},
{"zip_code":"28564","country":"US","city":"New Bern","state":"North Carolina","state_ab":"NC","county":"Craven","geo_location":{"type": "Point", "coordinates": [35.1109,-77.0634]}},
{"zip_code":"28304","country":"US","city":"Fayetteville","state":"North Carolina","state_ab":"NC","county":"Cumberland","geo_location":{"type": "Point", "coordinates": [35.0257,-78.9705]}},
{"zip_code":"28331","country":"US","city":"Cumberland","state":"North Carolina","state_ab":"NC","county":"Cumberland","geo_location":{"type": "Point", "coordinates": [35.1509,-78.9158]}},
{"zip_code":"28344","country":"US","city":"Godwin","state":"North Carolina","state_ab":"NC","county":"Cumberland","geo_location":{"type": "Point", "coordinates": [35.1969,-78.6625]}},
{"zip_code":"27947","country":"US","city":"Jarvisburg","state":"North Carolina","state_ab":"NC","county":"Currituck","geo_location":{"type": "Point", "coordinates": [36.1714,-75.8621]}},
{"zip_code":"27701","country":"US","city":"Durham","state":"North Carolina","state_ab":"NC","county":"Durham","geo_location":{"type": "Point", "coordinates": [35.9967,-78.8966]}},
{"zip_code":"27107","country":"US","city":"Winston Salem","state":"North Carolina","state_ab":"NC","county":"Forsyth","geo_location":{"type": "Point", "coordinates": [36.0403,-80.1933]}},
{"zip_code":"28021","country":"US","city":"Cherryville","state":"North Carolina","state_ab":"NC","county":"Gaston","geo_location":{"type": "Point", "coordinates": [35.3747,-81.3509]}},
{"zip_code":"28034","country":"US","city":"Dallas","state":"North Carolina","state_ab":"NC","county":"Gaston","geo_location":{"type": "Point", "coordinates": [35.3349,-81.1862]}},
{"zip_code":"28164","country":"US","city":"Stanley","state":"North Carolina","state_ab":"NC","county":"Gaston","geo_location":{"type": "Point", "coordinates": [35.3516,-81.0959]}},
{"zip_code":"28771","country":"US","city":"Robbinsville","state":"North Carolina","state_ab":"NC","county":"Graham","geo_location":{"type": "Point", "coordinates": [35.3259,-83.7888]}},
{"zip_code":"27507","country":"US","city":"Bullock","state":"North Carolina","state_ab":"NC","county":"Granville","geo_location":{"type": "Point", "coordinates": [36.5076,-78.5646]}},
{"zip_code":"27574","country":"US","city":"Roxboro","state":"North Carolina","state_ab":"NC","county":"Granville County","geo_location":{"type": "Point", "coordinates": [36.3942,-78.9863]}},
{"zip_code":"27264","country":"US","city":"High Point","state":"North Carolina","state_ab":"NC","county":"Guilford","geo_location":{"type": "Point", "coordinates": [36.0807,-80.0244]}},
{"zip_code":"27301","country":"US","city":"Mc Leansville","state":"North Carolina","state_ab":"NC","county":"Guilford","geo_location":{"type": "Point", "coordinates": [36.1163,-79.6684]}},
{"zip_code":"27404","country":"US","city":"Greensboro","state":"North Carolina","state_ab":"NC","county":"Guilford","geo_location":{"type": "Point", "coordinates": [36.0807,-80.0244]}},
{"zip_code":"27417","country":"US","city":"Greensboro","state":"North Carolina","state_ab":"NC","county":"Guilford","geo_location":{"type": "Point", "coordinates": [36.0807,-80.0244]}},
{"zip_code":"27497","country":"US","city":"Greensboro","state":"North Carolina","state_ab":"NC","county":"Guilford County","geo_location":{"type": "Point", "coordinates": [36.0798,-79.8282]}},
{"zip_code":"27844","country":"US","city":"Hollister","state":"North Carolina","state_ab":"NC","county":"Halifax","geo_location":{"type": "Point", "coordinates": [36.259,-77.9319]}},
{"zip_code":"27521","country":"US","city":"Coats","state":"North Carolina","state_ab":"NC","county":"Harnett","geo_location":{"type": "Point", "coordinates": [35.4082,-78.6627]}},
{"zip_code":"28731","country":"US","city":"Flat Rock","state":"North Carolina","state_ab":"NC","county":"Henderson","geo_location":{"type": "Point", "coordinates": [35.289,-82.3916]}},
{"zip_code":"28784","country":"US","city":"Tuxedo","state":"North Carolina","state_ab":"NC","county":"Henderson","geo_location":{"type": "Point", "coordinates": [35.2174,-82.4178]}},
{"zip_code":"28717","country":"US","city":"Cashiers","state":"North Carolina","state_ab":"NC","county":"Jackson","geo_location":{"type": "Point", "coordinates": [35.0971,-83.0871]}},
{"zip_code":"27237","country":"US","city":"Cumnock","state":"North Carolina","state_ab":"NC","county":"Lee","geo_location":{"type": "Point", "coordinates": [35.4676,-79.1653]}},
{"zip_code":"28551","country":"US","city":"La Grange","state":"North Carolina","state_ab":"NC","county":"Lenoir","geo_location":{"type": "Point", "coordinates": [35.3054,-77.7686]}},
{"zip_code":"28744","country":"US","city":"Franklin","state":"North Carolina","state_ab":"NC","county":"Macon","geo_location":{"type": "Point", "coordinates": [35.1173,-83.2952]}},
{"zip_code":"27857","country":"US","city":"Oak City","state":"North Carolina","state_ab":"NC","county":"Martin","geo_location":{"type": "Point", "coordinates": [35.9597,-77.3004]}},
{"zip_code":"27871","country":"US","city":"Robersonville","state":"North Carolina","state_ab":"NC","county":"Martin","geo_location":{"type": "Point", "coordinates": [35.8218,-77.26]}},
{"zip_code":"28201","country":"US","city":"Charlotte","state":"North Carolina","state_ab":"NC","county":"Mecklenburg","geo_location":{"type": "Point", "coordinates": [35.26,-80.8042]}},
{"zip_code":"28214","country":"US","city":"Charlotte","state":"North Carolina","state_ab":"NC","county":"Mecklenburg","geo_location":{"type": "Point", "coordinates": [35.2731,-80.9571]}},
{"zip_code":"28227","country":"US","city":"Charlotte","state":"North Carolina","state_ab":"NC","county":"Mecklenburg","geo_location":{"type": "Point", "coordinates": [35.1936,-80.6846]}},
{"zip_code":"28241","country":"US","city":"Charlotte","state":"North Carolina","state_ab":"NC","county":"Mecklenburg","geo_location":{"type": "Point", "coordinates": [35.26,-80.8042]}},
{"zip_code":"28254","country":"US","city":"Charlotte","state":"North Carolina","state_ab":"NC","county":"Mecklenburg","geo_location":{"type": "Point", "coordinates": [35.26,-80.8042]}},
{"zip_code":"28281","country":"US","city":"Charlotte","state":"North Carolina","state_ab":"NC","county":"Mecklenburg","geo_location":{"type": "Point", "coordinates": [35.26,-80.8042]}},
{"zip_code":"28294","country":"US","city":"Charlotte","state":"North Carolina","state_ab":"NC","county":"Mecklenburg County","geo_location":{"type": "Point", "coordinates": [35.1975,-80.8345]}},
{"zip_code":"27251","country":"US","city":"Glendon","state":"North Carolina","state_ab":"NC","county":"Moore County","geo_location":{"type": "Point", "coordinates": [35.4821,-79.4171]}},
{"zip_code":"27804","country":"US","city":"Rocky Mount","state":"North Carolina","state_ab":"NC","county":"Nash","geo_location":{"type": "Point", "coordinates": [35.9904,-77.8468]}},
{"zip_code":"28407","country":"US","city":"Wilmington","state":"North Carolina","state_ab":"NC","county":"New Hanover","geo_location":{"type": "Point", "coordinates": [34.0881,-77.8526]}},
{"zip_code":"27831","country":"US","city":"Garysburg","state":"North Carolina","state_ab":"NC","county":"Northampton","geo_location":{"type": "Point", "coordinates": [36.4761,-77.5719]}},
{"zip_code":"27897","country":"US","city":"Woodland","state":"North Carolina","state_ab":"NC","county":"Northampton","geo_location":{"type": "Point", "coordinates": [36.325,-77.2107]}},
{"zip_code":"28537","country":"US","city":"Hobucken","state":"North Carolina","state_ab":"NC","county":"Pamlico","geo_location":{"type": "Point", "coordinates": [35.2518,-76.5696]}},
{"zip_code":"27907","country":"US","city":"Elizabeth City","state":"North Carolina","state_ab":"NC","county":"Pasquotank","geo_location":{"type": "Point", "coordinates": [36.285,-76.2553]}},
{"zip_code":"28421","country":"US","city":"Atkinson","state":"North Carolina","state_ab":"NC","county":"Pender","geo_location":{"type": "Point", "coordinates": [34.5304,-78.1671]}},
{"zip_code":"27884","country":"US","city":"Stokes","state":"North Carolina","state_ab":"NC","county":"Pitt","geo_location":{"type": "Point", "coordinates": [35.7104,-77.2722]}},
{"zip_code":"27341","country":"US","city":"Seagrove","state":"North Carolina","state_ab":"NC","county":"Randolph","geo_location":{"type": "Point", "coordinates": [35.5283,-79.6979]}},
{"zip_code":"28397","country":"US","city":"Wakulla","state":"North Carolina","state_ab":"NC","county":"Richmond County","geo_location":{"type": "Point", "coordinates": [34.7925,-79.2553]}},
{"zip_code":"28357","country":"US","city":"Lumber Bridge","state":"North Carolina","state_ab":"NC","county":"Robeson","geo_location":{"type": "Point", "coordinates": [34.8762,-79.0664]}},
{"zip_code":"28371","country":"US","city":"Parkton","state":"North Carolina","state_ab":"NC","county":"Robeson","geo_location":{"type": "Point", "coordinates": [34.9006,-78.9969]}},
{"zip_code":"28384","country":"US","city":"Saint Pauls","state":"North Carolina","state_ab":"NC","county":"Robeson","geo_location":{"type": "Point", "coordinates": [34.801,-78.9731]}},
{"zip_code":"28074","country":"US","city":"Harris","state":"North Carolina","state_ab":"NC","county":"Rutherford","geo_location":{"type": "Point", "coordinates": [35.2247,-81.8851]}},
{"zip_code":"28447","country":"US","city":"Ivanhoe","state":"North Carolina","state_ab":"NC","county":"Sampson","geo_location":{"type": "Point", "coordinates": [34.6233,-78.2342]}},
{"zip_code":"28137","country":"US","city":"Richfield","state":"North Carolina","state_ab":"NC","county":"Stanly","geo_location":{"type": "Point", "coordinates": [35.4541,-80.2838]}},
{"zip_code":"27017","country":"US","city":"Dobson","state":"North Carolina","state_ab":"NC","county":"Surry","geo_location":{"type": "Point", "coordinates": [36.3698,-80.7101]}},
{"zip_code":"27031","country":"US","city":"White Plains","state":"North Carolina","state_ab":"NC","county":"Surry","geo_location":{"type": "Point", "coordinates": [36.3994,-80.7081]}},
{"zip_code":"28111","country":"US","city":"Monroe","state":"North Carolina","state_ab":"NC","county":"Union","geo_location":{"type": "Point", "coordinates": [35.0112,-80.5587]}},
{"zip_code":"27587","country":"US","city":"Wake Forest","state":"North Carolina","state_ab":"NC","county":"Wake","geo_location":{"type": "Point", "coordinates": [35.9815,-78.5392]}},
{"zip_code":"27611","country":"US","city":"Raleigh","state":"North Carolina","state_ab":"NC","county":"Wake","geo_location":{"type": "Point", "coordinates": [35.7977,-78.6253]}},
{"zip_code":"27624","country":"US","city":"Raleigh","state":"North Carolina","state_ab":"NC","county":"Wake","geo_location":{"type": "Point", "coordinates": [35.7977,-78.6253]}},
{"zip_code":"27534","country":"US","city":"Goldsboro","state":"North Carolina","state_ab":"NC","county":"Wayne","geo_location":{"type": "Point", "coordinates": [35.3664,-77.9221]}},
{"zip_code":"28654","country":"US","city":"Moravian Falls","state":"North Carolina","state_ab":"NC","county":"Wilkes","geo_location":{"type": "Point", "coordinates": [36.0788,-81.1781]}},
{"zip_code":"58031","country":"US","city":"Fingal","state":"North Dakota","state_ab":"ND","county":"Barnes","geo_location":{"type": "Point", "coordinates": [46.7728,-97.7812]}},
{"zip_code":"58381","country":"US","city":"Warwick","state":"North Dakota","state_ab":"ND","county":"Benson","geo_location":{"type": "Point", "coordinates": [47.8913,-98.681]}},
{"zip_code":"58651","country":"US","city":"Rhame","state":"North Dakota","state_ab":"ND","county":"Bowman","geo_location":{"type": "Point", "coordinates": [46.1664,-103.7079]}},
{"zip_code":"58727","country":"US","city":"Columbus","state":"North Dakota","state_ab":"ND","county":"Burke","geo_location":{"type": "Point", "coordinates": [48.8434,-102.798]}},
{"zip_code":"58507","country":"US","city":"Bismarck","state":"North Dakota","state_ab":"ND","county":"Burleigh","geo_location":{"type": "Point", "coordinates": [46.9805,-100.5201]}},
{"zip_code":"58521","country":"US","city":"Baldwin","state":"North Dakota","state_ab":"ND","county":"Burleigh","geo_location":{"type": "Point", "coordinates": [46.9543,-100.7615]}},
{"zip_code":"58004","country":"US","city":"Amenia","state":"North Dakota","state_ab":"ND","county":"Cass","geo_location":{"type": "Point", "coordinates": [47.0194,-97.2048]}},
{"zip_code":"22827","country":"US","city":"Elkton","state":"Virginia","state_ab":"VA","county":"Rockingham","geo_location":{"type": "Point", "coordinates": [38.4025,-78.6321]}},
{"zip_code":"22841","country":"US","city":"Mount Crawford","state":"Virginia","state_ab":"VA","county":"Rockingham","geo_location":{"type": "Point", "coordinates": [38.3457,-78.8957]}},
{"zip_code":"23844","country":"US","city":"Drewryville","state":"Virginia","state_ab":"VA","county":"Southampton","geo_location":{"type": "Point", "coordinates": [36.6854,-77.3591]}},
{"zip_code":"23884","country":"US","city":"Sussex","state":"Virginia","state_ab":"VA","county":"Sussex","geo_location":{"type": "Point", "coordinates": [36.9457,-77.2539]}},
{"zip_code":"23897","country":"US","city":"Yale","state":"Virginia","state_ab":"VA","county":"Sussex","geo_location":{"type": "Point", "coordinates": [36.8373,-77.287]}},
{"zip_code":"24601","country":"US","city":"Amonate","state":"Virginia","state_ab":"VA","county":"Tazewell","geo_location":{"type": "Point", "coordinates": [37.1355,-81.5634]}},
{"zip_code":"24641","country":"US","city":"Richlands","state":"Virginia","state_ab":"VA","county":"Tazewell","geo_location":{"type": "Point", "coordinates": [37.0941,-81.8123]}},
{"zip_code":"23691","country":"US","city":"Yorktown","state":"Virginia","state_ab":"VA","county":"York","geo_location":{"type": "Point", "coordinates": [37.2517,-76.552]}}]}