{"value": [{"zip_code":"85372","country":"US","city":"Sun City","state":"Arizona","state_ab":"AZ","county":"Maricopa","geo_location":{"type": "Point", "coordinates": [33.2765,-112.1872]}},
{"zip_code":"85385","country":"US","city":"Peoria","state":"Arizona","state_ab":"AZ","county":"Maricopa","geo_location":{"type": "Point", "coordinates": [33.2765,-112.1872]}},
{"zip_code":"86412","country":"US","city":"Hualapai","state":"Arizona","state_ab":"AZ","county":"Mohave","geo_location":{"type": "Point", "coordinates": [35.3972,-113.8432]}},
{"zip_code":"86438","country":"US","city":"Yucca","state":"Arizona","state_ab":"AZ","county":"Mohave","geo_location":{"type": "Point", "coordinates": [35.6053,-113.6427]}},
{"zip_code":"85912","country":"US","city":"White Mountain Lake","state":"Arizona","state_ab":"AZ","county":"Navajo","geo_location":{"type": "Point", "coordinates": [34.2666,-110.2031]}},
{"zip_code":"86025","country":"US","city":"Holbrook","state":"Arizona","state_ab":"AZ","county":"Navajo","geo_location":{"type": "Point", "coordinates": [34.9085,-110.1434]}},
{"zip_code":"85705","country":"US","city":"Tucson","state":"Arizona","state_ab":"AZ","county":"Pima","geo_location":{"type": "Point", "coordinates": [32.2691,-110.9845]}},
{"zip_code":"85718","country":"US","city":"Tucson","state":"Arizona","state_ab":"AZ","county":"Pima","geo_location":{"type": "Point", "coordinates": [32.3112,-110.9179]}},
{"zip_code":"85732","country":"US","city":"Tucson","state":"Arizona","state_ab":"AZ","county":"Pima","geo_location":{"type": "Point", "coordinates": [32.0848,-110.7122]}},
{"zip_code":"85745","country":"US","city":"Tucson","state":"Arizona","state_ab":"AZ","county":"Pima","geo_location":{"type": "Point", "coordinates": [32.2434,-111.0179]}},
{"zip_code":"85138","country":"US","city":"Maricopa","state":"Arizona","state_ab":"AZ","county":"Pinal County","geo_location":{"type": "Point", "coordinates": [33.0073,-111.9324]}},
{"zip_code":"85628","country":"US","city":"Nogales","state":"Arizona","state_ab":"AZ","county":"Santa Cruz","geo_location":{"type": "Point", "coordinates": [31.532,-110.9093]}},
{"zip_code":"85332","country":"US","city":"Congress","state":"Arizona","state_ab":"AZ","county":"Yavapai","geo_location":{"type": "Point", "coordinates": [34.1764,-112.768]}},
{"zip_code":"86322","country":"US","city":"Camp Verde","state":"Arizona","state_ab":"AZ","county":"Yavapai","geo_location":{"type": "Point", "coordinates": [34.5697,-111.8551]}},
{"zip_code":"86335","country":"US","city":"Rimrock","state":"Arizona","state_ab":"AZ","county":"Yavapai","geo_location":{"type": "Point", "coordinates": [34.638,-111.7842]}},
{"zip_code":"94538","country":"US","city":"Fremont","state":"California","state_ab":"CA","county":"Alameda","geo_location":{"type": "Point", "coordinates": [37.5308,-121.9712]}},
{"zip_code":"94552","country":"US","city":"Castro Valley","state":"California","state_ab":"CA","county":"Alameda","geo_location":{"type": "Point", "coordinates": [37.7131,-122.0381]}},
{"zip_code":"94578","country":"US","city":"San Leandro","state":"California","state_ab":"CA","county":"Alameda","geo_location":{"type": "Point", "coordinates": [37.7024,-122.124]}},
{"zip_code":"94602","country":"US","city":"Oakland","state":"California","state_ab":"CA","county":"Alameda","geo_location":{"type": "Point", "coordinates": [37.8011,-122.2104]}},
{"zip_code":"94615","country":"US","city":"Oakland","state":"California","state_ab":"CA","county":"Alameda","geo_location":{"type": "Point", "coordinates": [37.8067,-122.3004]}},
{"zip_code":"94705","country":"US","city":"Berkeley","state":"California","state_ab":"CA","county":"Alameda","geo_location":{"type": "Point", "coordinates": [37.8571,-122.25]}},
{"zip_code":"95685","country":"US","city":"Sutter Creek","state":"California","state_ab":"CA","county":"Amador","geo_location":{"type": "Point", "coordinates": [38.4175,-120.7951]}},
{"zip_code":"95928","country":"US","city":"Chico","state":"California","state_ab":"CA","county":"Butte","geo_location":{"type": "Point", "coordinates": [39.7224,-121.8113]}},
{"zip_code":"95942","country":"US","city":"Forest Ranch","state":"California","state_ab":"CA","county":"Butte","geo_location":{"type": "Point", "coordinates": [39.9917,-121.5827]}},
{"zip_code":"95968","country":"US","city":"Palermo","state":"California","state_ab":"CA","county":"Butte","geo_location":{"type": "Point", "coordinates": [39.4361,-121.5454]}},
{"zip_code":"95232","country":"US","city":"Glencoe","state":"California","state_ab":"CA","county":"Calaveras","geo_location":{"type": "Point", "coordinates": [38.3554,-120.5778]}},
{"zip_code":"95245","country":"US","city":"Mokelumne Hill","state":"California","state_ab":"CA","county":"Calaveras","geo_location":{"type": "Point", "coordinates": [38.3152,-120.5591]}},
{"zip_code":"95955","country":"US","city":"Maxwell","state":"California","state_ab":"CA","county":"Colusa","geo_location":{"type": "Point", "coordinates": [39.3163,-122.1849]}},
{"zip_code":"94525","country":"US","city":"Crockett","state":"California","state_ab":"CA","county":"Contra Costa","geo_location":{"type": "Point", "coordinates": [38.0519,-122.2177]}},
{"zip_code":"94565","country":"US","city":"Pittsburg","state":"California","state_ab":"CA","county":"Contra Costa","geo_location":{"type": "Point", "coordinates": [38.0031,-121.9172]}},
{"zip_code":"94808","country":"US","city":"Richmond","state":"California","state_ab":"CA","county":"Contra Costa","geo_location":{"type": "Point", "coordinates": [37.7772,-121.9554]}},
{"zip_code":"94875","country":"US","city":"Richmond","state":"California","state_ab":"CA","county":"Contra Costa County","geo_location":{"type": "Point", "coordinates": [37.9359,-122.3469]}},
{"zip_code":"95672","country":"US","city":"Rescue","state":"California","state_ab":"CA","county":"El Dorado","geo_location":{"type": "Point", "coordinates": [38.7194,-120.9945]}},
{"zip_code":"95735","country":"US","city":"Twin Bridges","state":"California","state_ab":"CA","county":"El Dorado","geo_location":{"type": "Point", "coordinates": [38.8092,-120.1242]}},
{"zip_code":"95762","country":"US","city":"El Dorado Hills","state":"California","state_ab":"CA","county":"El Dorado","geo_location":{"type": "Point", "coordinates": [38.685,-121.068]}},
{"zip_code":"96158","country":"US","city":"South Lake Tahoe","state":"California","state_ab":"CA","county":"El Dorado","geo_location":{"type": "Point", "coordinates": [38.8981,-119.9984]}},
{"zip_code":"93612","country":"US","city":"Clovis","state":"California","state_ab":"CA","county":"Fresno","geo_location":{"type": "Point", "coordinates": [36.8149,-119.7106]}},
{"zip_code":"93625","country":"US","city":"Fowler","state":"California","state_ab":"CA","county":"Fresno","geo_location":{"type": "Point", "coordinates": [36.6282,-119.671]}},
{"zip_code":"93652","country":"US","city":"Raisin","state":"California","state_ab":"CA","county":"Fresno","geo_location":{"type": "Point", "coordinates": [36.5989,-119.9032]}},
{"zip_code":"93702","country":"US","city":"Fresno","state":"California","state_ab":"CA","county":"Fresno","geo_location":{"type": "Point", "coordinates": [36.74,-119.7532]}},
{"zip_code":"93715","country":"US","city":"Fresno","state":"California","state_ab":"CA","county":"Fresno","geo_location":{"type": "Point", "coordinates": [36.7464,-119.6397]}},
{"zip_code":"93728","country":"US","city":"Fresno","state":"California","state_ab":"CA","county":"Fresno","geo_location":{"type": "Point", "coordinates": [36.7581,-119.8113]}},
{"zip_code":"93755","country":"US","city":"Fresno","state":"California","state_ab":"CA","county":"Fresno","geo_location":{"type": "Point", "coordinates": [36.7464,-119.6397]}},
{"zip_code":"93782","country":"US","city":"Fresno","state":"California","state_ab":"CA","county":"Fresno","geo_location":{"type": "Point", "coordinates": [36.7464,-119.6397]}},
{"zip_code":"95502","country":"US","city":"Eureka","state":"California","state_ab":"CA","county":"Humboldt","geo_location":{"type": "Point", "coordinates": [40.7965,-124.1737]}},
{"zip_code":"95528","country":"US","city":"Carlotta","state":"California","state_ab":"CA","county":"Humboldt","geo_location":{"type": "Point", "coordinates": [40.507,-123.9743]}},
{"zip_code":"95542","country":"US","city":"Garberville","state":"California","state_ab":"CA","county":"Humboldt","geo_location":{"type": "Point", "coordinates": [40.0864,-123.7991]}},
{"zip_code":"95555","country":"US","city":"Orick","state":"California","state_ab":"CA","county":"Humboldt","geo_location":{"type": "Point", "coordinates": [41.3596,-124.0317]}},
{"zip_code":"92222","country":"US","city":"Bard","state":"California","state_ab":"CA","county":"Imperial","geo_location":{"type": "Point", "coordinates": [32.7822,-114.5619]}},
{"zip_code":"92275","country":"US","city":"Salton City","state":"California","state_ab":"CA","county":"Imperial","geo_location":{"type": "Point", "coordinates": [33.3092,-115.9578]}},
{"zip_code":"93522","country":"US","city":"Darwin","state":"California","state_ab":"CA","county":"Inyo","geo_location":{"type": "Point", "coordinates": [36.2948,-117.5957]}},
{"zip_code":"93225","country":"US","city":"Frazier Park","state":"California","state_ab":"CA","county":"Kern","geo_location":{"type": "Point", "coordinates": [34.8265,-119.0355]}},
{"zip_code":"93238","country":"US","city":"Kernville","state":"California","state_ab":"CA","county":"Kern","geo_location":{"type": "Point", "coordinates": [35.755,-118.4047]}},
{"zip_code":"93252","country":"US","city":"Maricopa","state":"California","state_ab":"CA","county":"Kern","geo_location":{"type": "Point", "coordinates": [35.0384,-119.4077]}},
{"zip_code":"93302","country":"US","city":"Bakersfield","state":"California","state_ab":"CA","county":"Kern","geo_location":{"type": "Point", "coordinates": [35.2944,-118.9052]}},
{"zip_code":"93382","country":"US","city":"Bakersfield","state":"California","state_ab":"CA","county":"Kern","geo_location":{"type": "Point", "coordinates": [35.2944,-118.9052]}},
{"zip_code":"93212","country":"US","city":"Corcoran","state":"California","state_ab":"CA","county":"Kings","geo_location":{"type": "Point", "coordinates": [36.0865,-119.5607]}},
{"zip_code":"96068","country":"US","city":"Nubieber","state":"California","state_ab":"CA","county":"Lassen","geo_location":{"type": "Point", "coordinates": [41.13,-121.1342]}},
{"zip_code":"96132","country":"US","city":"Termo","state":"California","state_ab":"CA","county":"Lassen","geo_location":{"type": "Point", "coordinates": [40.9509,-120.613]}},
{"zip_code":"90008","country":"US","city":"Los Angeles","state":"California","state_ab":"CA","county":"Los Angeles","geo_location":{"type": "Point", "coordinates": [34.0116,-118.3411]}},
{"zip_code":"90022","country":"US","city":"Los Angeles","state":"California","state_ab":"CA","county":"Los Angeles","geo_location":{"type": "Point", "coordinates": [34.0245,-118.1561]}},
{"zip_code":"50628","country":"US","city":"Elma","state":"Iowa","state_ab":"IA","county":"Howard","geo_location":{"type": "Point", "coordinates": [43.2786,-92.3981]}},
{"zip_code":"51025","country":"US","city":"Holstein","state":"Iowa","state_ab":"IA","county":"Ida","geo_location":{"type": "Point", "coordinates": [42.4948,-95.565]}},
{"zip_code":"52325","country":"US","city":"Parnell","state":"Iowa","state_ab":"IA","county":"Iowa","geo_location":{"type": "Point", "coordinates": [41.5702,-92.0052]}},
{"zip_code":"50228","country":"US","city":"Prairie City","state":"Iowa","state_ab":"IA","county":"Jasper","geo_location":{"type": "Point", "coordinates": [41.5854,-93.241]}},
{"zip_code":"52635","country":"US","city":"Lockridge","state":"Iowa","state_ab":"IA","county":"Jefferson","geo_location":{"type": "Point", "coordinates": [41.0119,-91.7645]}},
{"zip_code":"52235","country":"US","city":"Hills","state":"Iowa","state_ab":"IA","county":"Johnson","geo_location":{"type": "Point", "coordinates": [41.5557,-91.5308]}},
{"zip_code":"52338","country":"US","city":"Swisher","state":"Iowa","state_ab":"IA","county":"Johnson","geo_location":{"type": "Point", "coordinates": [41.8268,-91.6739]}},
{"zip_code":"52312","country":"US","city":"Morley","state":"Iowa","state_ab":"IA","county":"Jones","geo_location":{"type": "Point", "coordinates": [42.006,-91.2459]}},
{"zip_code":"50255","country":"US","city":"Thornburg","state":"Iowa","state_ab":"IA","county":"Keokuk","geo_location":{"type": "Point", "coordinates": [41.3363,-92.1784]}},
{"zip_code":"50268","country":"US","city":"What Cheer","state":"Iowa","state_ab":"IA","county":"Keokuk","geo_location":{"type": "Point", "coordinates": [41.3953,-92.3548]}},
{"zip_code":"52248","country":"US","city":"Keota","state":"Iowa","state_ab":"IA","county":"Keokuk","geo_location":{"type": "Point", "coordinates": [41.3504,-91.9641]}},
{"zip_code":"52585","country":"US","city":"Richland","state":"Iowa","state_ab":"IA","county":"Keokuk","geo_location":{"type": "Point", "coordinates": [41.1939,-91.9739]}},
{"zip_code":"52648","country":"US","city":"Pilot Grove","state":"Iowa","state_ab":"IA","county":"Lee","geo_location":{"type": "Point", "coordinates": [40.5947,-91.4156]}},
{"zip_code":"52352","country":"US","city":"Walker","state":"Iowa","state_ab":"IA","county":"Linn","geo_location":{"type": "Point", "coordinates": [42.272,-91.7302]}},
{"zip_code":"52402","country":"US","city":"Cedar Rapids","state":"Iowa","state_ab":"IA","county":"Linn","geo_location":{"type": "Point", "coordinates": [42.0188,-91.6612]}},
{"zip_code":"52738","country":"US","city":"Columbus Junction","state":"Iowa","state_ab":"IA","county":"Louisa","geo_location":{"type": "Point", "coordinates": [41.2926,-91.3006]}},
{"zip_code":"52752","country":"US","city":"Grandview","state":"Iowa","state_ab":"IA","county":"Louisa","geo_location":{"type": "Point", "coordinates": [41.2567,-91.1967]}},
{"zip_code":"50062","country":"US","city":"Dallas","state":"Iowa","state_ab":"IA","county":"Marion","geo_location":{"type": "Point", "coordinates": [41.2213,-93.2535]}},
{"zip_code":"50138","country":"US","city":"Knoxville","state":"Iowa","state_ab":"IA","county":"Marion","geo_location":{"type": "Point", "coordinates": [41.3164,-93.0954]}},
{"zip_code":"52778","country":"US","city":"Wilton","state":"Iowa","state_ab":"IA","county":"Muscatine","geo_location":{"type": "Point", "coordinates": [41.5858,-91.01]}},
{"zip_code":"51245","country":"US","city":"Primghar","state":"Iowa","state_ab":"IA","county":"O'Brien","geo_location":{"type": "Point", "coordinates": [43.0759,-95.6533]}},
{"zip_code":"51232","country":"US","city":"Ashton","state":"Iowa","state_ab":"IA","county":"Osceola","geo_location":{"type": "Point", "coordinates": [43.3053,-95.7655]}},
{"zip_code":"51632","country":"US","city":"Clarinda","state":"Iowa","state_ab":"IA","county":"Page","geo_location":{"type": "Point", "coordinates": [40.7491,-95.038]}},
{"zip_code":"51038","country":"US","city":"Merrill","state":"Iowa","state_ab":"IA","county":"Plymouth","geo_location":{"type": "Point", "coordinates": [42.7047,-96.2283]}},
{"zip_code":"50035","country":"US","city":"Bondurant","state":"Iowa","state_ab":"IA","county":"Polk","geo_location":{"type": "Point", "coordinates": [41.7017,-93.4527]}},
{"zip_code":"50305","country":"US","city":"Des Moines","state":"Iowa","state_ab":"IA","county":"Polk","geo_location":{"type": "Point", "coordinates": [41.6727,-93.5722]}},
{"zip_code":"50318","country":"US","city":"Des Moines","state":"Iowa","state_ab":"IA","county":"Polk","geo_location":{"type": "Point", "coordinates": [41.6727,-93.5722]}},
{"zip_code":"50332","country":"US","city":"Des Moines","state":"Iowa","state_ab":"IA","county":"Polk","geo_location":{"type": "Point", "coordinates": [41.6727,-93.5722]}},
{"zip_code":"50398","country":"US","city":"West Des Moines","state":"Iowa","state_ab":"IA","county":"Polk","geo_location":{"type": "Point", "coordinates": [41.5945,-93.7855]}},
{"zip_code":"51502","country":"US","city":"Council Bluffs","state":"Iowa","state_ab":"IA","county":"Pottawattamie","geo_location":{"type": "Point", "coordinates": [41.3329,-95.5872]}},
{"zip_code":"51542","country":"US","city":"Honey Creek","state":"Iowa","state_ab":"IA","county":"Pottawattamie","geo_location":{"type": "Point", "coordinates": [41.463,-95.8802]}},
{"zip_code":"50112","country":"US","city":"Grinnell","state":"Iowa","state_ab":"IA","county":"Poweshiek","geo_location":{"type": "Point", "coordinates": [41.7421,-92.7344]}},
{"zip_code":"50242","country":"US","city":"Searsboro","state":"Iowa","state_ab":"IA","county":"Poweshiek","geo_location":{"type": "Point", "coordinates": [41.5656,-92.6987]}},
{"zip_code":"52222","country":"US","city":"Deep River","state":"Iowa","state_ab":"IA","county":"Poweshiek","geo_location":{"type": "Point", "coordinates": [41.5717,-92.3645]}},
{"zip_code":"50835","country":"US","city":"Benton","state":"Iowa","state_ab":"IA","county":"Ringgold","geo_location":{"type": "Point", "coordinates": [40.7082,-94.3689]}},
{"zip_code":"52725","country":"US","city":"Big Rock","state":"Iowa","state_ab":"IA","county":"Scott County","geo_location":{"type": "Point", "coordinates": [41.7703,-90.8261]}},
{"zip_code":"52765","country":"US","city":"New Liberty","state":"Iowa","state_ab":"IA","county":"Scott","geo_location":{"type": "Point", "coordinates": [41.7132,-90.8599]}},
{"zip_code":"52802","country":"US","city":"Davenport","state":"Iowa","state_ab":"IA","county":"Scott","geo_location":{"type": "Point", "coordinates": [41.5164,-90.6141]}},
{"zip_code":"50848","country":"US","city":"Gravity","state":"Iowa","state_ab":"IA","county":"Taylor","geo_location":{"type": "Point", "coordinates": [40.7909,-94.7506]}},
{"zip_code":"50862","country":"US","city":"Sharpsburg","state":"Iowa","state_ab":"IA","county":"Taylor","geo_location":{"type": "Point", "coordinates": [40.795,-94.6416]}},
{"zip_code":"50125","country":"US","city":"Indianola","state":"Iowa","state_ab":"IA","county":"Warren","geo_location":{"type": "Point", "coordinates": [41.3143,-93.588]}},
{"zip_code":"50008","country":"US","city":"Allerton","state":"Iowa","state_ab":"IA","county":"Wayne","geo_location":{"type": "Point", "coordinates": [40.7023,-93.3724]}},
{"zip_code":"50165","country":"US","city":"Millerton","state":"Iowa","state_ab":"IA","county":"Wayne","geo_location":{"type": "Point", "coordinates": [40.8437,-93.3622]}},
{"zip_code":"52132","country":"US","city":"Calmar","state":"Iowa","state_ab":"IA","county":"Winneshiek","geo_location":{"type": "Point", "coordinates": [43.1974,-91.9126]}},
{"zip_code":"51052","country":"US","city":"Salix","state":"Iowa","state_ab":"IA","county":"Woodbury","geo_location":{"type": "Point", "coordinates": [42.3306,-96.2879]}},
{"zip_code":"51102","country":"US","city":"Sioux City","state":"Iowa","state_ab":"IA","county":"Woodbury","geo_location":{"type": "Point", "coordinates": [42.3684,-96.318]}},
{"zip_code":"50448","country":"US","city":"Kensett","state":"Iowa","state_ab":"IA","county":"Worth","geo_location":{"type": "Point", "coordinates": [43.3739,-93.1728]}},
{"zip_code":"50525","country":"US","city":"Clarion","state":"Iowa","state_ab":"IA","county":"Wright","geo_location":{"type": "Point", "coordinates": [42.7271,-93.7277]}},
{"zip_code":"83712","country":"US","city":"Boise","state":"Idaho","state_ab":"ID","county":"Ada","geo_location":{"type": "Point", "coordinates": [43.6023,-116.1649]}},
{"zip_code":"83725","country":"US","city":"Boise","state":"Idaho","state_ab":"ID","county":"Ada","geo_location":{"type": "Point", "coordinates": [43.4599,-116.244]}},
{"zip_code":"83262","country":"US","city":"Pingree","state":"Idaho","state_ab":"ID","county":"Bingham","geo_location":{"type": "Point", "coordinates": [43.1336,-112.6295]}},
{"zip_code":"83622","country":"US","city":"Garden Valley","state":"Idaho","state_ab":"ID","county":"Boise","geo_location":{"type": "Point", "coordinates": [44.0909,-115.8243]}},
{"zip_code":"83402","country":"US","city":"Idaho Falls","state":"Idaho","state_ab":"ID","county":"Bonneville","geo_location":{"type": "Point", "coordinates": [43.4934,-112.0578]}},
{"zip_code":"83415","country":"US","city":"Idaho Falls","state":"Idaho","state_ab":"ID","county":"Bonneville","geo_location":{"type": "Point", "coordinates": [43.3233,-111.7822]}},
{"zip_code":"83428","country":"US","city":"Irwin","state":"Idaho","state_ab":"ID","county":"Bonneville","geo_location":{"type": "Point", "coordinates": [43.3861,-111.2527]}},
{"zip_code":"83312","country":"US","city":"Almo","state":"Idaho","state_ab":"ID","county":"Cassia","geo_location":{"type": "Point", "coordinates": [42.0846,-113.6283]}},
{"zip_code":"83235","country":"US","city":"Ellis","state":"Idaho","state_ab":"ID","county":"Custer","geo_location":{"type": "Point", "coordinates": [44.224,-114.3127]}},
{"zip_code":"83648","country":"US","city":"Mountain Home A F B","state":"Idaho","state_ab":"ID","county":"Elmore","geo_location":{"type": "Point", "coordinates": [43.0496,-115.8656]}},
{"zip_code":"83442","country":"US","city":"Rigby","state":"Idaho","state_ab":"ID","county":"Jefferson","geo_location":{"type": "Point", "coordinates": [43.6715,-111.9005]}},
{"zip_code":"83325","country":"US","city":"Eden","state":"Idaho","state_ab":"ID","county":"Jerome","geo_location":{"type": "Point", "coordinates": [42.5868,-114.2467]}},
{"zip_code":"83338","country":"US","city":"Jerome","state":"Idaho","state_ab":"ID","county":"Jerome","geo_location":{"type": "Point", "coordinates": [42.7178,-114.5012]}},
{"zip_code":"83815","country":"US","city":"Coeur D Alene","state":"Idaho","state_ab":"ID","county":"Kootenai","geo_location":{"type": "Point", "coordinates": [47.7248,-116.789]}},
{"zip_code":"83842","country":"US","city":"Medimont","state":"Idaho","state_ab":"ID","county":"Kootenai","geo_location":{"type": "Point", "coordinates": [47.4625,-116.5683]}},
{"zip_code":"83855","country":"US","city":"Potlatch","state":"Idaho","state_ab":"ID","county":"Latah","geo_location":{"type": "Point", "coordinates": [46.9448,-116.9141]}},
{"zip_code":"83468","country":"US","city":"Tendoy","state":"Idaho","state_ab":"ID","county":"Lemhi","geo_location":{"type": "Point", "coordinates": [44.9681,-113.8167]}},
{"zip_code":"83352","country":"US","city":"Shoshone","state":"Idaho","state_ab":"ID","county":"Lincoln","geo_location":{"type": "Point", "coordinates": [42.9474,-114.3822]}},
{"zip_code":"83545","country":"US","city":"Peck","state":"Idaho","state_ab":"ID","county":"Nez Perce","geo_location":{"type": "Point", "coordinates": [46.4807,-116.4114]}},
{"zip_code":"83802","country":"US","city":"Avery","state":"Idaho","state_ab":"ID","county":"Shoshone","geo_location":{"type": "Point", "coordinates": [47.2714,-115.866]}},
{"zip_code":"46168","country":"US","city":"Plainfield","state":"Indiana","state_ab":"IN","county":"Hendricks","geo_location":{"type": "Point", "coordinates": [39.6893,-86.3919]}},
{"zip_code":"47352","country":"US","city":"Lewisville","state":"Indiana","state_ab":"IN","county":"Henry","geo_location":{"type": "Point", "coordinates": [39.8283,-85.3621]}},
{"zip_code":"46902","country":"US","city":"Kokomo","state":"Indiana","state_ab":"IN","county":"Howard","geo_location":{"type": "Point", "coordinates": [40.4509,-86.1352]}},
{"zip_code":"46995","country":"US","city":"West Middleton","state":"Indiana","state_ab":"IN","county":"Howard","geo_location":{"type": "Point", "coordinates": [40.4421,-86.2155]}},
{"zip_code":"47235","country":"US","city":"Freetown","state":"Indiana","state_ab":"IN","county":"Jackson","geo_location":{"type": "Point", "coordinates": [38.9957,-86.1241]}},
{"zip_code":"47262","country":"US","city":"Nebraska","state":"Indiana","state_ab":"IN","county":"Jennings","geo_location":{"type": "Point", "coordinates": [39.0013,-85.6199]}},
{"zip_code":"46142","country":"US","city":"Greenwood","state":"Indiana","state_ab":"IN","county":"Johnson","geo_location":{"type": "Point", "coordinates": [39.6224,-86.149]}},
{"zip_code":"46502","country":"US","city":"Atwood","state":"Indiana","state_ab":"IN","county":"Kosciusko","geo_location":{"type": "Point", "coordinates": [41.254,-85.9697]}},
{"zip_code":"46542","country":"US","city":"Milford","state":"Indiana","state_ab":"IN","county":"Kosciusko","geo_location":{"type": "Point", "coordinates": [41.4011,-85.8554]}},
{"zip_code":"46555","country":"US","city":"North Webster","state":"Indiana","state_ab":"IN","county":"Kosciusko","geo_location":{"type": "Point", "coordinates": [41.3326,-85.7103]}},
{"zip_code":"46582","country":"US","city":"Warsaw","state":"Indiana","state_ab":"IN","county":"Kosciusko","geo_location":{"type": "Point", "coordinates": [41.2842,-85.8547]}},
{"zip_code":"46982","country":"US","city":"Silver Lake","state":"Indiana","state_ab":"IN","county":"Kosciusko","geo_location":{"type": "Point", "coordinates": [41.0743,-85.8792]}},
{"zip_code":"46308","country":"US","city":"Crown Point","state":"Indiana","state_ab":"IN","county":"Lake","geo_location":{"type": "Point", "coordinates": [41.4615,-87.3728]}},
{"zip_code":"46322","country":"US","city":"Highland","state":"Indiana","state_ab":"IN","county":"Lake","geo_location":{"type": "Point", "coordinates": [41.55,-87.4569]}},
{"zip_code":"46375","country":"US","city":"Schererville","state":"Indiana","state_ab":"IN","county":"Lake","geo_location":{"type": "Point", "coordinates": [41.4922,-87.4605]}},
{"zip_code":"46348","country":"US","city":"La Crosse","state":"Indiana","state_ab":"IN","county":"LaPorte","geo_location":{"type": "Point", "coordinates": [41.3157,-86.8682]}},
{"zip_code":"46012","country":"US","city":"Anderson","state":"Indiana","state_ab":"IN","county":"Madison","geo_location":{"type": "Point", "coordinates": [40.1309,-85.6536]}},
{"zip_code":"46205","country":"US","city":"Indianapolis","state":"Indiana","state_ab":"IN","county":"Marion","geo_location":{"type": "Point", "coordinates": [39.8268,-86.1386]}},
{"zip_code":"46218","country":"US","city":"Indianapolis","state":"Indiana","state_ab":"IN","county":"Marion","geo_location":{"type": "Point", "coordinates": [39.8082,-86.1014]}},
{"zip_code":"46285","country":"US","city":"Indianapolis","state":"Indiana","state_ab":"IN","county":"Marion","geo_location":{"type": "Point", "coordinates": [39.7795,-86.1328]}},
{"zip_code":"46298","country":"US","city":"Indianapolis","state":"Indiana","state_ab":"IN","county":"Marion","geo_location":{"type": "Point", "coordinates": [39.7795,-86.1328]}},
{"zip_code":"47402","country":"US","city":"Bloomington","state":"Indiana","state_ab":"IN","county":"Monroe","geo_location":{"type": "Point", "coordinates": [39.1732,-86.5015]}},
{"zip_code":"47468","country":"US","city":"Unionville","state":"Indiana","state_ab":"IN","county":"Monroe","geo_location":{"type": "Point", "coordinates": [39.2514,-86.4189]}},
{"zip_code":"47455","country":"US","city":"Patricksburg","state":"Indiana","state_ab":"IN","county":"Owen","geo_location":{"type": "Point", "coordinates": [39.3165,-86.9562]}},
{"zip_code":"47585","country":"US","city":"Stendal","state":"Indiana","state_ab":"IN","county":"Pike","geo_location":{"type": "Point", "coordinates": [38.2835,-87.1205]}},
{"zip_code":"47598","country":"US","city":"Winslow","state":"Indiana","state_ab":"IN","county":"Pike","geo_location":{"type": "Point", "coordinates": [38.364,-87.2223]}},
{"zip_code":"46128","country":"US","city":"Fillmore","state":"Indiana","state_ab":"IN","county":"Putnam","geo_location":{"type": "Point", "coordinates": [39.6475,-86.7469]}},
{"zip_code":"47042","country":"US","city":"Versailles","state":"Indiana","state_ab":"IN","county":"Ripley","geo_location":{"type": "Point", "coordinates": [39.0511,-85.2235]}},
{"zip_code":"46115","country":"US","city":"Carthage","state":"Indiana","state_ab":"IN","county":"Rush","geo_location":{"type": "Point", "coordinates": [39.7466,-85.5754]}},
{"zip_code":"46155","country":"US","city":"Mays","state":"Indiana","state_ab":"IN","county":"Rush","geo_location":{"type": "Point", "coordinates": [39.7438,-85.4312]}},
{"zip_code":"46595","country":"US","city":"Wyatt","state":"Indiana","state_ab":"IN","county":"St. Joseph","geo_location":{"type": "Point", "coordinates": [41.5181,-86.1652]}},
{"zip_code":"46182","country":"US","city":"Waldron","state":"Indiana","state_ab":"IN","county":"Shelby","geo_location":{"type": "Point", "coordinates": [39.4688,-85.6644]}},
{"zip_code":"47635","country":"US","city":"Rockport","state":"Indiana","state_ab":"IN","county":"Spencer","geo_location":{"type": "Point", "coordinates": [37.8858,-87.077]}},
{"zip_code":"46968","country":"US","city":"Ora","state":"Indiana","state_ab":"IN","county":"Starke","geo_location":{"type": "Point", "coordinates": [41.1756,-86.5543]}},
{"zip_code":"47855","country":"US","city":"Hymera","state":"Indiana","state_ab":"IN","county":"Sullivan","geo_location":{"type": "Point", "coordinates": [39.1833,-87.2994]}},
{"zip_code":"47882","country":"US","city":"Sullivan","state":"Indiana","state_ab":"IN","county":"Sullivan","geo_location":{"type": "Point", "coordinates": [39.101,-87.4102]}},
{"zip_code":"47905","country":"US","city":"Lafayette","state":"Indiana","state_ab":"IN","county":"Tippecanoe","geo_location":{"type": "Point", "coordinates": [40.4001,-86.8602]}},
{"zip_code":"47325","country":"US","city":"Brownsville","state":"Indiana","state_ab":"IN","county":"Union","geo_location":{"type": "Point", "coordinates": [39.6845,-84.9881]}},
{"zip_code":"47712","country":"US","city":"Evansville","state":"Indiana","state_ab":"IN","county":"Vanderburgh","geo_location":{"type": "Point", "coordinates": [37.929,-87.6604]}},
{"zip_code":"47725","country":"US","city":"Evansville","state":"Indiana","state_ab":"IN","county":"Vanderburgh","geo_location":{"type": "Point", "coordinates": [38.1071,-87.5256]}},
{"zip_code":"47842","country":"US","city":"Clinton","state":"Indiana","state_ab":"IN","county":"Vermillion","geo_location":{"type": "Point", "coordinates": [39.6591,-87.4208]}},
{"zip_code":"47802","country":"US","city":"Terre Haute","state":"Indiana","state_ab":"IN","county":"Vigo","geo_location":{"type": "Point", "coordinates": [39.407,-87.402]}},
{"zip_code":"47392","country":"US","city":"Webster","state":"Indiana","state_ab":"IN","county":"Wayne","geo_location":{"type": "Point", "coordinates": [39.9119,-84.9351]}},
{"zip_code":"66742","country":"US","city":"Gas","state":"Kansas","state_ab":"KS","county":"Allen","geo_location":{"type": "Point", "coordinates": [37.9232,-95.3467]}},
{"zip_code":"66755","country":"US","city":"Moran","state":"Kansas","state_ab":"KS","county":"Allen","geo_location":{"type": "Point", "coordinates": [37.9342,-95.1647]}},
{"zip_code":"66032","country":"US","city":"Garnett","state":"Kansas","state_ab":"KS","county":"Anderson","geo_location":{"type": "Point", "coordinates": [38.2859,-95.2594]}},
{"zip_code":"66058","country":"US","city":"Muscotah","state":"Kansas","state_ab":"KS","county":"Atchison","geo_location":{"type": "Point", "coordinates": [39.5388,-95.5175]}},
{"zip_code":"67138","country":"US","city":"Sharon","state":"Kansas","state_ab":"KS","county":"Barber","geo_location":{"type": "Point", "coordinates": [37.2492,-98.4142]}},
{"zip_code":"67525","country":"US","city":"Claflin","state":"Kansas","state_ab":"KS","county":"Barton","geo_location":{"type": "Point", "coordinates": [38.5409,-98.5372]}},
{"zip_code":"66845","country":"US","city":"Cottonwood Falls","state":"Kansas","state_ab":"KS","county":"Chase","geo_location":{"type": "Point", "coordinates": [38.3565,-96.5418]}},
{"zip_code":"66728","country":"US","city":"Crestline","state":"Kansas","state_ab":"KS","county":"Cherokee","geo_location":{"type": "Point", "coordinates": [37.1694,-94.7041]}},
{"zip_code":"66782","country":"US","city":"West Mineral","state":"Kansas","state_ab":"KS","county":"Cherokee","geo_location":{"type": "Point", "coordinates": [37.2851,-94.9261]}},
{"zip_code":"66948","country":"US","city":"Jamestown","state":"Kansas","state_ab":"KS","county":"Cloud","geo_location":{"type": "Point", "coordinates": [39.6021,-97.8631]}},
{"zip_code":"67008","country":"US","city":"Atlanta","state":"Kansas","state_ab":"KS","county":"Cowley","geo_location":{"type": "Point", "coordinates": [37.4343,-96.7661]}},
{"zip_code":"66045","country":"US","city":"Lawrence","state":"Kansas","state_ab":"KS","county":"Douglas","geo_location":{"type": "Point", "coordinates": [38.959,-95.2499]}},
{"zip_code":"67552","country":"US","city":"Lewis","state":"Kansas","state_ab":"KS","county":"Edwards","geo_location":{"type": "Point", "coordinates": [37.9062,-99.248]}},
{"zip_code":"67345","country":"US","city":"Elk Falls","state":"Kansas","state_ab":"KS","county":"Elk","geo_location":{"type": "Point", "coordinates": [37.3745,-96.1959]}},
{"zip_code":"67642","country":"US","city":"Hill City","state":"Kansas","state_ab":"KS","county":"Graham","geo_location":{"type": "Point", "coordinates": [39.3566,-99.8429]}},
{"zip_code":"67835","country":"US","city":"Cimarron","state":"Kansas","state_ab":"KS","county":"Gray","geo_location":{"type": "Point", "coordinates": [37.8127,-100.3438]}},
{"zip_code":"67062","country":"US","city":"Hesston","state":"Kansas","state_ab":"KS","county":"Harvey","geo_location":{"type": "Point", "coordinates": [38.136,-97.4495]}},
{"zip_code":"66418","country":"US","city":"Delia","state":"Kansas","state_ab":"KS","county":"Jackson","geo_location":{"type": "Point", "coordinates": [39.2655,-95.9608]}},
{"zip_code":"66018","country":"US","city":"De Soto","state":"Kansas","state_ab":"KS","county":"Johnson","geo_location":{"type": "Point", "coordinates": [38.9462,-94.9714]}},
{"zip_code":"66085","country":"US","city":"Stilwell","state":"Kansas","state_ab":"KS","county":"Johnson","geo_location":{"type": "Point", "coordinates": [38.7902,-94.6643]}},
{"zip_code":"66212","country":"US","city":"Shawnee Mission","state":"Kansas","state_ab":"KS","county":"Johnson","geo_location":{"type": "Point", "coordinates": [38.9568,-94.6832]}},
{"zip_code":"66225","country":"US","city":"Shawnee Mission","state":"Kansas","state_ab":"KS","county":"Johnson","geo_location":{"type": "Point", "coordinates": [38.8999,-94.832]}},
{"zip_code":"34428","country":"US","city":"Crystal River","state":"Florida","state_ab":"FL","county":"Citrus","geo_location":{"type": "Point", "coordinates": [28.9584,-82.5993]}},
{"zip_code":"34442","country":"US","city":"Hernando","state":"Florida","state_ab":"FL","county":"Citrus","geo_location":{"type": "Point", "coordinates": [28.9223,-82.39]}},
{"zip_code":"33942","country":"US","city":"Naples","state":"Florida","state_ab":"FL","county":"Collier County","geo_location":{"type": "Point", "coordinates": [26.1988,-81.7655]}},
{"zip_code":"34105","country":"US","city":"Naples","state":"Florida","state_ab":"FL","county":"Collier","geo_location":{"type": "Point", "coordinates": [26.1938,-81.7636]}},
{"zip_code":"34145","country":"US","city":"Marco Island","state":"Florida","state_ab":"FL","county":"Collier","geo_location":{"type": "Point", "coordinates": [25.9388,-81.6968]}},
{"zip_code":"32628","country":"US","city":"Cross City","state":"Florida","state_ab":"FL","county":"Dixie","geo_location":{"type": "Point", "coordinates": [29.6372,-83.2032]}},
{"zip_code":"32202","country":"US","city":"Jacksonville","state":"Florida","state_ab":"FL","county":"Duval","geo_location":{"type": "Point", "coordinates": [30.3299,-81.6517]}},
{"zip_code":"32215","country":"US","city":"Jacksonville","state":"Florida","state_ab":"FL","county":"Duval","geo_location":{"type": "Point", "coordinates": [30.2407,-81.893]}},
{"zip_code":"32228","country":"US","city":"Jacksonville","state":"Florida","state_ab":"FL","county":"Duval","geo_location":{"type": "Point", "coordinates": [30.3824,-81.4369]}},
{"zip_code":"32255","country":"US","city":"Jacksonville","state":"Florida","state_ab":"FL","county":"Duval","geo_location":{"type": "Point", "coordinates": [30.287,-81.3893]}},
{"zip_code":"32512","country":"US","city":"Pensacola","state":"Florida","state_ab":"FL","county":"Escambia","geo_location":{"type": "Point", "coordinates": [30.3943,-87.2991]}},
{"zip_code":"32592","country":"US","city":"Pensacola","state":"Florida","state_ab":"FL","county":"Escambia","geo_location":{"type": "Point", "coordinates": [30.6143,-87.2758]}},
{"zip_code":"32318","country":"US","city":"Tallahassee","state":"Florida","state_ab":"FL","county":"Franklin County","geo_location":{"type": "Point", "coordinates": [30.3953,-84.265]}},
{"zip_code":"32332","country":"US","city":"Gretna","state":"Florida","state_ab":"FL","county":"Gadsden","geo_location":{"type": "Point", "coordinates": [30.6099,-84.6688]}},
{"zip_code":"33865","country":"US","city":"Ona","state":"Florida","state_ab":"FL","county":"Hardee","geo_location":{"type": "Point", "coordinates": [27.4127,-81.928]}},
{"zip_code":"34608","country":"US","city":"Spring Hill","state":"Florida","state_ab":"FL","county":"Hernando","geo_location":{"type": "Point", "coordinates": [28.4797,-82.5562]}},
{"zip_code":"33825","country":"US","city":"Avon Park","state":"Florida","state_ab":"FL","county":"Highlands","geo_location":{"type": "Point", "coordinates": [27.6001,-81.5015]}},
{"zip_code":"33852","country":"US","city":"Lake Placid","state":"Florida","state_ab":"FL","county":"Highlands","geo_location":{"type": "Point", "coordinates": [27.2945,-81.3649]}},
{"zip_code":"33568","country":"US","city":"Riverview","state":"Florida","state_ab":"FL","county":"Hillsborough","geo_location":{"type": "Point", "coordinates": [27.872,-82.4388]}},
{"zip_code":"33595","country":"US","city":"Valrico","state":"Florida","state_ab":"FL","county":"Hillsborough","geo_location":{"type": "Point", "coordinates": [27.872,-82.4388]}},
{"zip_code":"33605","country":"US","city":"Tampa","state":"Florida","state_ab":"FL","county":"Hillsborough","geo_location":{"type": "Point", "coordinates": [27.9671,-82.4334]}},
{"zip_code":"33618","country":"US","city":"Tampa","state":"Florida","state_ab":"FL","county":"Hillsborough","geo_location":{"type": "Point", "coordinates": [28.0763,-82.4852]}},
{"zip_code":"33672","country":"US","city":"Tampa","state":"Florida","state_ab":"FL","county":"Hillsborough","geo_location":{"type": "Point", "coordinates": [27.872,-82.4388]}},
{"zip_code":"33685","country":"US","city":"Tampa","state":"Florida","state_ab":"FL","county":"Hillsborough","geo_location":{"type": "Point", "coordinates": [27.872,-82.4388]}},
{"zip_code":"32965","country":"US","city":"Vero Beach","state":"Florida","state_ab":"FL","county":"Indian River","geo_location":{"type": "Point", "coordinates": [27.709,-80.5726]}},
{"zip_code":"32978","country":"US","city":"Sebastian","state":"Florida","state_ab":"FL","county":"Indian River","geo_location":{"type": "Point", "coordinates": [27.709,-80.5726]}},
{"zip_code":"32448","country":"US","city":"Marianna","state":"Florida","state_ab":"FL","county":"Jackson","geo_location":{"type": "Point", "coordinates": [30.6749,-85.2122]}},
{"zip_code":"32345","country":"US","city":"Monticello","state":"Florida","state_ab":"FL","county":"Jefferson","geo_location":{"type": "Point", "coordinates": [30.3422,-83.8402]}},
{"zip_code":"34712","country":"US","city":"Clermont","state":"Florida","state_ab":"FL","county":"Lake","geo_location":{"type": "Point", "coordinates": [28.8111,-81.6536]}},
{"zip_code":"33902","country":"US","city":"Fort Myers","state":"Florida","state_ab":"FL","county":"Lee","geo_location":{"type": "Point", "coordinates": [26.6239,-81.8836]}},
{"zip_code":"33915","country":"US","city":"Cape Coral","state":"Florida","state_ab":"FL","county":"Lee","geo_location":{"type": "Point", "coordinates": [26.6599,-81.8934]}},
{"zip_code":"33928","country":"US","city":"Estero","state":"Florida","state_ab":"FL","county":"Lee","geo_location":{"type": "Point", "coordinates": [26.4351,-81.8102]}},
{"zip_code":"32668","country":"US","city":"Morriston","state":"Florida","state_ab":"FL","county":"Levy","geo_location":{"type": "Point", "coordinates": [29.2813,-82.4917]}},
{"zip_code":"34208","country":"US","city":"Bradenton","state":"Florida","state_ab":"FL","county":"Manatee","geo_location":{"type": "Point", "coordinates": [27.4678,-82.512]}},
{"zip_code":"34222","country":"US","city":"Ellenton","state":"Florida","state_ab":"FL","county":"Manatee","geo_location":{"type": "Point", "coordinates": [27.5382,-82.5006]}},
{"zip_code":"32192","country":"US","city":"Sparr","state":"Florida","state_ab":"FL","county":"Marion","geo_location":{"type": "Point", "coordinates": [29.3268,-82.1046]}},
{"zip_code":"34482","country":"US","city":"Ocala","state":"Florida","state_ab":"FL","county":"Marion","geo_location":{"type": "Point", "coordinates": [29.2611,-82.2195]}},
{"zip_code":"34958","country":"US","city":"Jensen Beach","state":"Florida","state_ab":"FL","county":"Martin","geo_location":{"type": "Point", "coordinates": [27.2424,-80.2246]}},
{"zip_code":"33012","country":"US","city":"Hialeah","state":"Florida","state_ab":"FL","county":"Miami-Dade","geo_location":{"type": "Point", "coordinates": [25.8654,-80.3059]}},
{"zip_code":"33092","country":"US","city":"Homestead","state":"Florida","state_ab":"FL","county":"Miami-Dade","geo_location":{"type": "Point", "coordinates": [25.5584,-80.4582]}},
{"zip_code":"33102","country":"US","city":"Miami","state":"Florida","state_ab":"FL","county":"Miami-Dade","geo_location":{"type": "Point", "coordinates": [25.5584,-80.4582]}},
{"zip_code":"33128","country":"US","city":"Miami","state":"Florida","state_ab":"FL","county":"Miami-Dade","geo_location":{"type": "Point", "coordinates": [25.7756,-80.2089]}},
{"zip_code":"33142","country":"US","city":"Miami","state":"Florida","state_ab":"FL","county":"Miami-Dade","geo_location":{"type": "Point", "coordinates": [25.813,-80.232]}},
{"zip_code":"33155","country":"US","city":"Miami","state":"Florida","state_ab":"FL","county":"Miami-Dade","geo_location":{"type": "Point", "coordinates": [25.7392,-80.3103]}},
{"zip_code":"33168","country":"US","city":"Miami","state":"Florida","state_ab":"FL","county":"Miami-Dade","geo_location":{"type": "Point", "coordinates": [25.8902,-80.2101]}},
{"zip_code":"33182","country":"US","city":"Miami","state":"Florida","state_ab":"FL","county":"Miami-Dade","geo_location":{"type": "Point", "coordinates": [25.7877,-80.4166]}},
{"zip_code":"33195","country":"US","city":"Miami","state":"Florida","state_ab":"FL","county":"Miami-Dade","geo_location":{"type": "Point", "coordinates": [25.7729,-80.187]}},
{"zip_code":"33245","country":"US","city":"Miami","state":"Florida","state_ab":"FL","county":"Miami-Dade","geo_location":{"type": "Point", "coordinates": [25.5584,-80.4582]}},
{"zip_code":"33052","country":"US","city":"Marathon Shores","state":"Florida","state_ab":"FL","county":"Monroe","geo_location":{"type": "Point", "coordinates": [24.7233,-81.0632]}},
{"zip_code":"32035","country":"US","city":"Fernandina Beach","state":"Florida","state_ab":"FL","county":"Nassau","geo_location":{"type": "Point", "coordinates": [30.5516,-81.6984]}},
{"zip_code":"32578","country":"US","city":"Niceville","state":"Florida","state_ab":"FL","county":"Okaloosa","geo_location":{"type": "Point", "coordinates": [30.4958,-86.4145]}},
{"zip_code":"34972","country":"US","city":"Okeechobee","state":"Florida","state_ab":"FL","county":"Okeechobee","geo_location":{"type": "Point", "coordinates": [27.4203,-80.9454]}},
{"zip_code":"32798","country":"US","city":"Zellwood","state":"Florida","state_ab":"FL","county":"Orange","geo_location":{"type": "Point", "coordinates": [28.7194,-81.5762]}},
{"zip_code":"32808","country":"US","city":"Orlando","state":"Florida","state_ab":"FL","county":"Orange","geo_location":{"type": "Point", "coordinates": [28.5803,-81.4396]}},
{"zip_code":"32822","country":"US","city":"Orlando","state":"Florida","state_ab":"FL","county":"Orange","geo_location":{"type": "Point", "coordinates": [28.4944,-81.2902]}},
{"zip_code":"32835","country":"US","city":"Orlando","state":"Florida","state_ab":"FL","county":"Orange","geo_location":{"type": "Point", "coordinates": [28.5289,-81.4787]}},
{"zip_code":"32862","country":"US","city":"Orlando","state":"Florida","state_ab":"FL","county":"Orange","geo_location":{"type": "Point", "coordinates": [28.4174,-81.3328]}},
{"zip_code":"34778","country":"US","city":"Winter Garden","state":"Florida","state_ab":"FL","county":"Orange","geo_location":{"type": "Point", "coordinates": [28.5663,-81.2608]}},
{"zip_code":"33412","country":"US","city":"West Palm Beach","state":"Florida","state_ab":"FL","county":"Palm Beach","geo_location":{"type": "Point", "coordinates": [26.8055,-80.2482]}},
{"zip_code":"33425","country":"US","city":"Boynton Beach","state":"Florida","state_ab":"FL","county":"Palm Beach","geo_location":{"type": "Point", "coordinates": [26.6459,-80.4303]}},
{"zip_code":"33438","country":"US","city":"Canal Point","state":"Florida","state_ab":"FL","county":"Palm Beach","geo_location":{"type": "Point", "coordinates": [26.8593,-80.6299]}},
{"zip_code":"33465","country":"US","city":"Lake Worth","state":"Florida","state_ab":"FL","county":"Palm Beach","geo_location":{"type": "Point", "coordinates": [26.6283,-80.1326]}},
{"zip_code":"33478","country":"US","city":"Jupiter","state":"Florida","state_ab":"FL","county":"Palm Beach","geo_location":{"type": "Point", "coordinates": [26.9212,-80.2144]}},
{"zip_code":"33542","country":"US","city":"Zephyrhills","state":"Florida","state_ab":"FL","county":"Pasco County","geo_location":{"type": "Point", "coordinates": [28.2303,-82.1779]}},
{"zip_code":"33708","country":"US","city":"Saint Petersburg","state":"Florida","state_ab":"FL","county":"Pinellas","geo_location":{"type": "Point", "coordinates": [27.8116,-82.8014]}},
{"zip_code":"7208","country":"US","city":"Elizabeth","state":"New Jersey","state_ab":"NJ","county":"Union","geo_location":{"type": "Point", "coordinates": [40.6747,-74.2239]}},
{"zip_code":"7882","country":"US","city":"Washington","state":"New Jersey","state_ab":"NJ","county":"Warren","geo_location":{"type": "Point", "coordinates": [40.7582,-74.9914]}},
{"zip_code":"87105","country":"US","city":"Albuquerque","state":"New Mexico","state_ab":"NM","county":"Bernalillo","geo_location":{"type": "Point", "coordinates": [35.0448,-106.6893]}},
{"zip_code":"87118","country":"US","city":"Albuquerque","state":"New Mexico","state_ab":"NM","county":"Bernalillo","geo_location":{"type": "Point", "coordinates": [35.0554,-106.5958]}},
{"zip_code":"87158","country":"US","city":"Albuquerque","state":"New Mexico","state_ab":"NM","county":"Bernalillo","geo_location":{"type": "Point", "coordinates": [35.0443,-106.6729]}},
{"zip_code":"87185","country":"US","city":"Albuquerque","state":"New Mexico","state_ab":"NM","county":"Bernalillo","geo_location":{"type": "Point", "coordinates": [35.0443,-106.6729]}},
{"zip_code":"87198","country":"US","city":"Albuquerque","state":"New Mexico","state_ab":"NM","county":"Bernalillo","geo_location":{"type": "Point", "coordinates": [35.0443,-106.6729]}},
{"zip_code":"88135","country":"US","city":"Texico","state":"New Mexico","state_ab":"NM","county":"Curry","geo_location":{"type": "Point", "coordinates": [34.3958,-103.0615]}},
{"zip_code":"88005","country":"US","city":"Las Cruces","state":"New Mexico","state_ab":"NM","county":"Do単a Ana","geo_location":{"type": "Point", "coordinates": [32.3161,-106.7991]}},
{"zip_code":"88032","country":"US","city":"Dona Ana","state":"New Mexico","state_ab":"NM","county":"Do単a Ana","geo_location":{"type": "Point", "coordinates": [32.3939,-106.801]}},
{"zip_code":"88058","country":"US","city":"San Miguel","state":"New Mexico","state_ab":"NM","county":"Do単a Ana","geo_location":{"type": "Point", "coordinates": [32.4181,-106.8201]}},
{"zip_code":"88072","country":"US","city":"Vado","state":"New Mexico","state_ab":"NM","county":"Do単a Ana","geo_location":{"type": "Point", "coordinates": [32.1187,-106.649]}},
{"zip_code":"88045","country":"US","city":"Lordsburg","state":"New Mexico","state_ab":"NM","county":"Hidalgo","geo_location":{"type": "Point", "coordinates": [32.316,-108.723]}},
{"zip_code":"88252","country":"US","city":"Jal","state":"New Mexico","state_ab":"NM","county":"Lea","geo_location":{"type": "Point", "coordinates": [32.1128,-103.1997]}},
{"zip_code":"88265","country":"US","city":"Monument","state":"New Mexico","state_ab":"NM","county":"Lea","geo_location":{"type": "Point", "coordinates": [32.5874,-103.2703]}},
{"zip_code":"88355","country":"US","city":"Ruidoso","state":"New Mexico","state_ab":"NM","county":"Lincoln","geo_location":{"type": "Point", "coordinates": [33.3305,-105.6933]}},
{"zip_code":"87545","country":"US","city":"Los Alamos","state":"New Mexico","state_ab":"NM","county":"Los Alamos","geo_location":{"type": "Point", "coordinates": [35.8639,-106.2953]}},
{"zip_code":"87312","country":"US","city":"Continental Divide","state":"New Mexico","state_ab":"NM","county":"McKinley","geo_location":{"type": "Point", "coordinates": [35.4226,-108.323]}},
{"zip_code":"87325","country":"US","city":"Tohatchi","state":"New Mexico","state_ab":"NM","county":"McKinley","geo_location":{"type": "Point", "coordinates": [36.0021,-108.6229]}},
{"zip_code":"87365","country":"US","city":"Smith Lake","state":"New Mexico","state_ab":"NM","county":"McKinley","geo_location":{"type": "Point", "coordinates": [35.4809,-108.1767]}},
{"zip_code":"87712","country":"US","city":"Buena Vista","state":"New Mexico","state_ab":"NM","county":"Mora","geo_location":{"type": "Point", "coordinates": [36.0083,-105.0239]}},
{"zip_code":"87752","country":"US","city":"Wagon Mound","state":"New Mexico","state_ab":"NM","county":"Mora","geo_location":{"type": "Point", "coordinates": [35.9814,-104.691]}},
{"zip_code":"88342","country":"US","city":"Orogrande","state":"New Mexico","state_ab":"NM","county":"Otero","geo_location":{"type": "Point", "coordinates": [32.4051,-106.0797]}},
{"zip_code":"87518","country":"US","city":"Cebolla","state":"New Mexico","state_ab":"NM","county":"Rio Arriba","geo_location":{"type": "Point", "coordinates": [36.4654,-106.5785]}},
{"zip_code":"87532","country":"US","city":"Espanola","state":"New Mexico","state_ab":"NM","county":"Rio Arriba","geo_location":{"type": "Point", "coordinates": [35.9872,-106.0717]}},
{"zip_code":"88122","country":"US","city":"Kenna","state":"New Mexico","state_ab":"NM","county":"Roosevelt","geo_location":{"type": "Point", "coordinates": [33.8832,-103.7095]}},
{"zip_code":"87402","country":"US","city":"Farmington","state":"New Mexico","state_ab":"NM","county":"San Juan","geo_location":{"type": "Point", "coordinates": [36.7685,-108.1478]}},
{"zip_code":"87415","country":"US","city":"Flora Vista","state":"New Mexico","state_ab":"NM","county":"San Juan","geo_location":{"type": "Point", "coordinates": [36.8028,-108.0827]}},
{"zip_code":"87455","country":"US","city":"Newcomb","state":"New Mexico","state_ab":"NM","county":"San Juan","geo_location":{"type": "Point", "coordinates": [36.5002,-108.2335]}},
{"zip_code":"87015","country":"US","city":"Edgewood","state":"New Mexico","state_ab":"NM","county":"Santa Fe","geo_location":{"type": "Point", "coordinates": [35.0776,-106.1872]}},
{"zip_code":"87505","country":"US","city":"Santa Fe","state":"New Mexico","state_ab":"NM","county":"Santa Fe","geo_location":{"type": "Point", "coordinates": [35.6219,-105.8688]}},
{"zip_code":"87028","country":"US","city":"La Joya","state":"New Mexico","state_ab":"NM","county":"Socorro","geo_location":{"type": "Point", "coordinates": [34.3813,-106.815]}},
{"zip_code":"87828","country":"US","city":"Polvadera","state":"New Mexico","state_ab":"NM","county":"Socorro","geo_location":{"type": "Point", "coordinates": [34.2059,-106.9167]}},
{"zip_code":"87558","country":"US","city":"Red River","state":"New Mexico","state_ab":"NM","county":"Taos","geo_location":{"type": "Point", "coordinates": [36.6659,-105.4694]}},
{"zip_code":"88418","country":"US","city":"Des Moines","state":"New Mexico","state_ab":"NM","county":"Union","geo_location":{"type": "Point", "coordinates": [36.7291,-103.8739]}},
{"zip_code":"87002","country":"US","city":"Belen","state":"New Mexico","state_ab":"NM","county":"Valencia","geo_location":{"type": "Point", "coordinates": [34.6511,-106.6952]}},
{"zip_code":"87042","country":"US","city":"Peralta","state":"New Mexico","state_ab":"NM","county":"Valencia","geo_location":{"type": "Point", "coordinates": [34.8332,-106.6872]}},
{"zip_code":"87068","country":"US","city":"Bosque Farms","state":"New Mexico","state_ab":"NM","county":"Valencia","geo_location":{"type": "Point", "coordinates": [34.8764,-106.6975]}},
{"zip_code":"89112","country":"US","city":"Las Vegas","state":"Nevada","state_ab":"NV","county":"Clark","geo_location":{"type": "Point", "coordinates": [36.1578,-115.0256]}},
{"zip_code":"89125","country":"US","city":"Las Vegas","state":"Nevada","state_ab":"NV","county":"Clark","geo_location":{"type": "Point", "coordinates": [36.2235,-115.2655]}},
{"zip_code":"89138","country":"US","city":"Las Vegas","state":"Nevada","state_ab":"NV","county":"Clark","geo_location":{"type": "Point", "coordinates": [36.1666,-115.3613]}},
{"zip_code":"89152","country":"US","city":"Las Vegas","state":"Nevada","state_ab":"NV","county":"Clark","geo_location":{"type": "Point", "coordinates": [35.9279,-114.9721]}},
{"zip_code":"89165","country":"US","city":"Las Vegas","state":"Nevada","state_ab":"NV","county":"Clark County","geo_location":{"type": "Point", "coordinates": [36.3302,-115.3257]}},
{"zip_code":"89178","country":"US","city":"Las Vegas","state":"Nevada","state_ab":"NV","county":"Clark County","geo_location":{"type": "Point", "coordinates": [35.9977,-115.2861]}},
{"zip_code":"89448","country":"US","city":"Zephyr Cove","state":"Nevada","state_ab":"NV","county":"Douglas","geo_location":{"type": "Point", "coordinates": [39.0204,-119.9114]}},
{"zip_code":"89705","country":"US","city":"Carson City","state":"Nevada","state_ab":"NV","county":"Douglas","geo_location":{"type": "Point", "coordinates": [39.0554,-119.8059]}},
{"zip_code":"89822","country":"US","city":"Carlin","state":"Nevada","state_ab":"NV","county":"Elko","geo_location":{"type": "Point", "coordinates": [40.7172,-116.1082]}},
{"zip_code":"89835","country":"US","city":"Wells","state":"Nevada","state_ab":"NV","county":"Elko","geo_location":{"type": "Point", "coordinates": [41.5439,-114.8218]}},
{"zip_code":"89008","country":"US","city":"Caliente","state":"Nevada","state_ab":"NV","county":"Lincoln","geo_location":{"type": "Point", "coordinates": [37.6128,-114.5097]}},
{"zip_code":"89408","country":"US","city":"Fernley","state":"Nevada","state_ab":"NV","county":"Lyon","geo_location":{"type": "Point", "coordinates": [39.6019,-119.235]}},
{"zip_code":"89422","country":"US","city":"Mina","state":"Nevada","state_ab":"NV","county":"Mineral","geo_location":{"type": "Point", "coordinates": [38.387,-118.1096]}},
{"zip_code":"89022","country":"US","city":"Manhattan","state":"Nevada","state_ab":"NV","county":"Nye","geo_location":{"type": "Point", "coordinates": [38.7023,-116.31]}},
{"zip_code":"89048","country":"US","city":"Pahrump","state":"Nevada","state_ab":"NV","county":"Nye","geo_location":{"type": "Point", "coordinates": [36.1661,-116.0038]}},
{"zip_code":"89435","country":"US","city":"Sparks","state":"Nevada","state_ab":"NV","county":"Washoe","geo_location":{"type": "Point", "coordinates": [40.5412,-119.5869]}},
{"zip_code":"89512","country":"US","city":"Reno","state":"Nevada","state_ab":"NV","county":"Washoe","geo_location":{"type": "Point", "coordinates": [39.5483,-119.7957]}},
{"zip_code":"89318","country":"US","city":"Mc Gill","state":"Nevada","state_ab":"NV","county":"White Pine","geo_location":{"type": "Point", "coordinates": [39.4034,-114.7791]}},
{"zip_code":"12055","country":"US","city":"Dormansville","state":"New York","state_ab":"NY","county":"Albany","geo_location":{"type": "Point", "coordinates": [42.6149,-73.9708]}},
{"zip_code":"12158","country":"US","city":"Selkirk","state":"New York","state_ab":"NY","county":"Albany","geo_location":{"type": "Point", "coordinates": [42.5486,-73.8129]}},
{"zip_code":"12208","country":"US","city":"Albany","state":"New York","state_ab":"NY","county":"Albany","geo_location":{"type": "Point", "coordinates": [42.656,-73.7964]}},
{"zip_code":"12222","country":"US","city":"Albany","state":"New York","state_ab":"NY","county":"Albany","geo_location":{"type": "Point", "coordinates": [42.6853,-73.8253]}},
{"zip_code":"12235","country":"US","city":"Albany","state":"New York","state_ab":"NY","county":"Albany","geo_location":{"type": "Point", "coordinates": [42.6149,-73.9708]}},
{"zip_code":"12248","country":"US","city":"Albany","state":"New York","state_ab":"NY","county":"Albany","geo_location":{"type": "Point", "coordinates": [42.6149,-73.9708]}},
{"zip_code":"12262","country":"US","city":"Albany","state":"New York","state_ab":"NY","county":"Albany","geo_location":{"type": "Point", "coordinates": [42.6149,-73.9708]}},
{"zip_code":"12288","country":"US","city":"Albany","state":"New York","state_ab":"NY","county":"Albany","geo_location":{"type": "Point", "coordinates": [42.6149,-73.9708]}},
{"zip_code":"14745","country":"US","city":"Hume","state":"New York","state_ab":"NY","county":"Allegany","geo_location":{"type": "Point", "coordinates": [42.4777,-78.1403]}},
{"zip_code":"14822","country":"US","city":"Canaseraga","state":"New York","state_ab":"NY","county":"Allegany","geo_location":{"type": "Point", "coordinates": [42.4585,-77.7954]}},
{"zip_code":"10462","country":"US","city":"Bronx","state":"New York","state_ab":"NY","county":"Bronx","geo_location":{"type": "Point", "coordinates": [40.8434,-73.8602]}},
{"zip_code":"10475","country":"US","city":"Bronx","state":"New York","state_ab":"NY","county":"Bronx","geo_location":{"type": "Point", "coordinates": [40.8729,-73.8278]}},
{"zip_code":"13795","country":"US","city":"Kirkwood","state":"New York","state_ab":"NY","county":"Broome","geo_location":{"type": "Point", "coordinates": [42.0695,-75.7967]}},
{"zip_code":"14138","country":"US","city":"South Dayton","state":"New York","state_ab":"NY","county":"Cattaraugus","geo_location":{"type": "Point", "coordinates": [42.3718,-79.0501]}},
{"zip_code":"14772","country":"US","city":"Randolph","state":"New York","state_ab":"NY","county":"Cattaraugus","geo_location":{"type": "Point", "coordinates": [42.1631,-78.96]}},
{"zip_code":"14048","country":"US","city":"Dunkirk","state":"New York","state_ab":"NY","county":"Chautauqua","geo_location":{"type": "Point", "coordinates": [42.4877,-79.3283]}},
{"zip_code":"14062","country":"US","city":"Forestville","state":"New York","state_ab":"NY","county":"Chautauqua","geo_location":{"type": "Point", "coordinates": [42.4482,-79.1607]}},
{"zip_code":"14718","country":"US","city":"Cassadaga","state":"New York","state_ab":"NY","county":"Chautauqua","geo_location":{"type": "Point", "coordinates": [42.3504,-79.2993]}},
{"zip_code":"14732","country":"US","city":"Ellington","state":"New York","state_ab":"NY","county":"Chautauqua","geo_location":{"type": "Point", "coordinates": [42.2291,-79.1135]}},
{"zip_code":"14758","country":"US","city":"Niobe","state":"New York","state_ab":"NY","county":"Chautauqua","geo_location":{"type": "Point", "coordinates": [42.3425,-79.4109]}},
{"zip_code":"14785","country":"US","city":"Stow","state":"New York","state_ab":"NY","county":"Chautauqua","geo_location":{"type": "Point", "coordinates": [42.1557,-79.4122]}},
{"zip_code":"14925","country":"US","city":"Elmira","state":"New York","state_ab":"NY","county":"Chemung","geo_location":{"type": "Point", "coordinates": [42.1473,-76.7509]}},
{"zip_code":"13832","country":"US","city":"Plymouth","state":"New York","state_ab":"NY","county":"Chenango","geo_location":{"type": "Point", "coordinates": [42.6336,-75.6172]}},
{"zip_code":"12918","country":"US","city":"Cadyville","state":"New York","state_ab":"NY","county":"Clinton","geo_location":{"type": "Point", "coordinates": [44.6862,-73.6702]}},
{"zip_code":"12958","country":"US","city":"Mooers","state":"New York","state_ab":"NY","county":"Clinton","geo_location":{"type": "Point", "coordinates": [44.9592,-73.5834]}},
{"zip_code":"12972","country":"US","city":"Peru","state":"New York","state_ab":"NY","county":"Clinton","geo_location":{"type": "Point", "coordinates": [44.5851,-73.5293]}},
{"zip_code":"12985","country":"US","city":"Schuyler Falls","state":"New York","state_ab":"NY","county":"Clinton","geo_location":{"type": "Point", "coordinates": [44.5882,-73.6895]}},
{"zip_code":"12132","country":"US","city":"North Chatham","state":"New York","state_ab":"NY","county":"Columbia","geo_location":{"type": "Point", "coordinates": [42.4705,-73.63]}},
{"zip_code":"12172","country":"US","city":"Stottville","state":"New York","state_ab":"NY","county":"Columbia","geo_location":{"type": "Point", "coordinates": [42.2857,-73.7335]}},
{"zip_code":"13045","country":"US","city":"Cortland","state":"New York","state_ab":"NY","county":"Cortland","geo_location":{"type": "Point", "coordinates": [42.5952,-76.1857]}},
{"zip_code":"12455","country":"US","city":"Margaretville","state":"New York","state_ab":"NY","county":"Delaware","geo_location":{"type": "Point", "coordinates": [42.1852,-74.6178]}},
{"zip_code":"13755","country":"US","city":"Downsville","state":"New York","state_ab":"NY","county":"Delaware","geo_location":{"type": "Point", "coordinates": [42.0716,-75.0152]}},
{"zip_code":"13782","country":"US","city":"Hamden","state":"New York","state_ab":"NY","county":"Delaware","geo_location":{"type": "Point", "coordinates": [42.1787,-74.9984]}},
{"zip_code":"12545","country":"US","city":"Millbrook","state":"New York","state_ab":"NY","county":"Dutchess","geo_location":{"type": "Point", "coordinates": [41.7803,-73.6885]}},
{"zip_code":"12572","country":"US","city":"Rhinebeck","state":"New York","state_ab":"NY","county":"Dutchess","geo_location":{"type": "Point", "coordinates": [41.9272,-73.8888]}},
{"zip_code":"12585","country":"US","city":"Verbank","state":"New York","state_ab":"NY","county":"Dutchess","geo_location":{"type": "Point", "coordinates": [41.7227,-73.7184]}},
{"zip_code":"14035","country":"US","city":"Collins Center","state":"New York","state_ab":"NY","county":"Erie","geo_location":{"type": "Point", "coordinates": [42.4906,-78.8499]}},
{"zip_code":"14075","country":"US","city":"Hamburg","state":"New York","state_ab":"NY","county":"Erie","geo_location":{"type": "Point", "coordinates": [42.7334,-78.8389]}},
{"zip_code":"14112","country":"US","city":"North Evans","state":"New York","state_ab":"NY","county":"Erie","geo_location":{"type": "Point", "coordinates": [42.6917,-78.9927]}},
{"zip_code":"14202","country":"US","city":"Buffalo","state":"New York","state_ab":"NY","county":"Erie","geo_location":{"type": "Point", "coordinates": [42.887,-78.8779]}},
{"zip_code":"14215","country":"US","city":"Buffalo","state":"New York","state_ab":"NY","county":"Erie","geo_location":{"type": "Point", "coordinates": [42.9335,-78.8115]}},
{"zip_code":"14228","country":"US","city":"Buffalo","state":"New York","state_ab":"NY","county":"Erie","geo_location":{"type": "Point", "coordinates": [43.0408,-78.7812]}},
{"zip_code":"12855","country":"US","city":"North Hudson","state":"New York","state_ab":"NY","county":"Essex","geo_location":{"type": "Point", "coordinates": [43.9869,-73.7121]}},
{"zip_code":"12932","country":"US","city":"Elizabethtown","state":"New York","state_ab":"NY","county":"Essex","geo_location":{"type": "Point", "coordinates": [44.2245,-73.6011]}},
{"zip_code":"12998","country":"US","city":"Witherbee","state":"New York","state_ab":"NY","county":"Essex","geo_location":{"type": "Point", "coordinates": [44.0827,-73.5306]}},
{"zip_code":"12945","country":"US","city":"Lake Clear","state":"New York","state_ab":"NY","county":"Franklin","geo_location":{"type": "Point", "coordinates": [44.3375,-74.2381]}},
{"zip_code":"12095","country":"US","city":"Johnstown","state":"New York","state_ab":"NY","county":"Fulton","geo_location":{"type": "Point", "coordinates": [43.0069,-74.3715]}},
{"zip_code":"14125","country":"US","city":"Oakfield","state":"New York","state_ab":"NY","county":"Genesee","geo_location":{"type": "Point", "coordinates": [43.0717,-78.2702]}},
{"zip_code":"14422","country":"US","city":"Byron","state":"New York","state_ab":"NY","county":"Genesee","geo_location":{"type": "Point", "coordinates": [43.0738,-78.0629]}},
{"zip_code":"14525","country":"US","city":"Pavilion","state":"New York","state_ab":"NY","county":"Genesee","geo_location":{"type": "Point", "coordinates": [42.9102,-78.0269]}},
{"zip_code":"12015","country":"US","city":"Athens","state":"New York","state_ab":"NY","county":"Greene","geo_location":{"type": "Point", "coordinates": [42.2736,-73.8152]}},
{"zip_code":"12042","country":"US","city":"Climax","state":"New York","state_ab":"NY","county":"Greene","geo_location":{"type": "Point", "coordinates": [42.3708,-73.8625]}},
{"zip_code":"12442","country":"US","city":"Hunter","state":"New York","state_ab":"NY","county":"Greene","geo_location":{"type": "Point", "coordinates": [42.2333,-74.2416]}},
{"zip_code":"12468","country":"US","city":"Prattsville","state":"New York","state_ab":"NY","county":"Greene","geo_location":{"type": "Point", "coordinates": [42.2979,-74.3895]}},
{"zip_code":"12482","country":"US","city":"South Cairo","state":"New York","state_ab":"NY","county":"Greene","geo_location":{"type": "Point", "coordinates": [42.2681,-73.9554]}},
{"zip_code":"12842","country":"US","city":"Indian Lake","state":"New York","state_ab":"NY","county":"Hamilton","geo_location":{"type": "Point", "coordinates": [43.7606,-74.2766]}},
{"zip_code":"13472","country":"US","city":"Thendara","state":"New York","state_ab":"NY","county":"Herkimer","geo_location":{"type": "Point", "coordinates": [43.461,-74.9571]}},
{"zip_code":"13612","country":"US","city":"Black River","state":"New York","state_ab":"NY","county":"Jefferson","geo_location":{"type": "Point", "coordinates": [44.0042,-75.7958]}},
{"zip_code":"13638","country":"US","city":"Felts Mills","state":"New York","state_ab":"NY","county":"Jefferson","geo_location":{"type": "Point", "coordinates": [44.0204,-75.7524]}},
{"zip_code":"13665","country":"US","city":"Natural Bridge","state":"New York","state_ab":"NY","county":"Jefferson","geo_location":{"type": "Point", "coordinates": [44.063,-75.5039]}},
{"zip_code":"13692","country":"US","city":"Thousand Island Park","state":"New York","state_ab":"NY","county":"Jefferson","geo_location":{"type": "Point", "coordinates": [44.2898,-76.0262]}},
{"zip_code":"11205","country":"US","city":"Brooklyn","state":"New York","state_ab":"NY","county":"Kings","geo_location":{"type": "Point", "coordinates": [40.6924,-73.9666]}},
{"zip_code":"11218","country":"US","city":"Brooklyn","state":"New York","state_ab":"NY","county":"Kings","geo_location":{"type": "Point", "coordinates": [40.6424,-73.9758]}},
{"zip_code":"11232","country":"US","city":"Brooklyn","state":"New York","state_ab":"NY","county":"Kings","geo_location":{"type": "Point", "coordinates": [40.6521,-74.0018]}},
{"zip_code":"11245","country":"US","city":"Brooklyn","state":"New York","state_ab":"NY","county":"Kings","geo_location":{"type": "Point", "coordinates": [40.6451,-73.945]}},
{"zip_code":"13368","country":"US","city":"Lyons Falls","state":"New York","state_ab":"NY","county":"Lewis","geo_location":{"type": "Point", "coordinates": [43.6262,-75.3553]}},
{"zip_code":"14435","country":"US","city":"Conesus","state":"New York","state_ab":"NY","county":"Livingston","geo_location":{"type": "Point", "coordinates": [42.7216,-77.6747]}},
{"zip_code":"14462","country":"US","city":"Groveland","state":"New York","state_ab":"NY","county":"Livingston","geo_location":{"type": "Point", "coordinates": [42.676,-77.7573]}},
{"zip_code":"14488","country":"US","city":"Livonia Center","state":"New York","state_ab":"NY","county":"Livingston","geo_location":{"type": "Point", "coordinates": [42.7298,-77.7739]}},
{"zip_code":"14592","country":"US","city":"York","state":"New York","state_ab":"NY","county":"Livingston","geo_location":{"type": "Point", "coordinates": [42.8757,-77.8835]}},
{"zip_code":"13032","country":"US","city":"Canastota","state":"New York","state_ab":"NY","county":"Madison","geo_location":{"type": "Point", "coordinates": [43.0878,-75.7602]}},
{"zip_code":"13072","country":"US","city":"Georgetown","state":"New York","state_ab":"NY","county":"Madison","geo_location":{"type": "Point", "coordinates": [42.7631,-75.7443]}},
{"zip_code":"13085","country":"US","city":"Lebanon","state":"New York","state_ab":"NY","county":"Madison County","geo_location":{"type": "Point", "coordinates": [42.7745,-75.6776]}},
{"zip_code":"13122","country":"US","city":"New Woodstock","state":"New York","state_ab":"NY","county":"Madison","geo_location":{"type": "Point", "coordinates": [42.8441,-75.8635]}},
{"zip_code":"13355","country":"US","city":"Hubbardsville","state":"New York","state_ab":"NY","county":"Madison","geo_location":{"type": "Point", "coordinates": [42.8237,-75.4367]}},
{"zip_code":"13418","country":"US","city":"North Brookfield","state":"New York","state_ab":"NY","county":"Madison","geo_location":{"type": "Point", "coordinates": [42.8501,-75.3815]}},
{"zip_code":"14602","country":"US","city":"Rochester","state":"New York","state_ab":"NY","county":"Monroe","geo_location":{"type": "Point", "coordinates": [43.286,-77.6843]}},
{"zip_code":"14615","country":"US","city":"Rochester","state":"New York","state_ab":"NY","county":"Monroe","geo_location":{"type": "Point", "coordinates": [43.2058,-77.6521]}},
{"zip_code":"14642","country":"US","city":"Rochester","state":"New York","state_ab":"NY","county":"Monroe","geo_location":{"type": "Point", "coordinates": [43.286,-77.6843]}},
{"zip_code":"12068","country":"US","city":"Fonda","state":"New York","state_ab":"NY","county":"Montgomery","geo_location":{"type": "Point", "coordinates": [42.9571,-74.4021]}},
{"zip_code":"11025","country":"US","city":"Great Neck","state":"New York","state_ab":"NY","county":"Nassau","geo_location":{"type": "Point", "coordinates": [40.7548,-73.6018]}},
{"zip_code":"11052","country":"US","city":"Port Washington","state":"New York","state_ab":"NY","county":"Nassau","geo_location":{"type": "Point", "coordinates": [40.7548,-73.6018]}},
{"zip_code":"11542","country":"US","city":"Glen Cove","state":"New York","state_ab":"NY","county":"Nassau","geo_location":{"type": "Point", "coordinates": [40.865,-73.6277]}},
{"zip_code":"11555","country":"US","city":"Uniondale","state":"New York","state_ab":"NY","county":"Nassau","geo_location":{"type": "Point", "coordinates": [40.7548,-73.6018]}},
{"zip_code":"11568","country":"US","city":"Old Westbury","state":"New York","state_ab":"NY","county":"Nassau","geo_location":{"type": "Point", "coordinates": [40.7882,-73.5875]}},
{"zip_code":"11582","country":"US","city":"Valley Stream","state":"New York","state_ab":"NY","county":"Nassau","geo_location":{"type": "Point", "coordinates": [40.7548,-73.6018]}},
{"zip_code":"11595","country":"US","city":"Westbury","state":"New York","state_ab":"NY","county":"Nassau","geo_location":{"type": "Point", "coordinates": [40.7548,-73.6018]}},
{"zip_code":"11735","country":"US","city":"Farmingdale","state":"New York","state_ab":"NY","county":"Nassau","geo_location":{"type": "Point", "coordinates": [40.7315,-73.4327]}},
{"zip_code":"11762","country":"US","city":"Massapequa Park","state":"New York","state_ab":"NY","county":"Nassau","geo_location":{"type": "Point", "coordinates": [40.6807,-73.4444]}},
{"zip_code":"10008","country":"US","city":"New York City","state":"New York","state_ab":"NY","county":"New York","geo_location":{"type": "Point", "coordinates": [40.7808,-73.9772]}},
{"zip_code":"10022","country":"US","city":"New York City","state":"New York","state_ab":"NY","county":"New York","geo_location":{"type": "Point", "coordinates": [40.7571,-73.9657]}},
{"zip_code":"10035","country":"US","city":"New York City","state":"New York","state_ab":"NY","county":"New York","geo_location":{"type": "Point", "coordinates": [40.8011,-73.9371]}},
{"zip_code":"10048","country":"US","city":"New York City","state":"New York","state_ab":"NY","county":"New York","geo_location":{"type": "Point", "coordinates": [40.7125,-74.0133]}},
{"zip_code":"10075","country":"US","city":"New York City","state":"New York","state_ab":"NY","county":"New York County","geo_location":{"type": "Point", "coordinates": [40.773,-73.9566]}},
{"zip_code":"10112","country":"US","city":"New York City","state":"New York","state_ab":"NY","county":"New York","geo_location":{"type": "Point", "coordinates": [40.7593,-73.9798]}},
{"zip_code":"10125","country":"US","city":"New York City","state":"New York","state_ab":"NY","county":"New York","geo_location":{"type": "Point", "coordinates": [40.7808,-73.9772]}},
{"zip_code":"10138","country":"US","city":"New York City","state":"New York","state_ab":"NY","county":"New York","geo_location":{"type": "Point", "coordinates": [40.7808,-73.9772]}},
{"zip_code":"10152","country":"US","city":"New York City","state":"New York","state_ab":"NY","county":"New York","geo_location":{"type": "Point", "coordinates": [40.7589,-73.973]}},
{"zip_code":"10165","country":"US","city":"New York City","state":"New York","state_ab":"NY","county":"New York","geo_location":{"type": "Point", "coordinates": [40.7524,-73.9791]}},
{"zip_code":"10178","country":"US","city":"New York City","state":"New York","state_ab":"NY","county":"New York","geo_location":{"type": "Point", "coordinates": [40.7514,-73.9785]}},
{"zip_code":"10242","country":"US","city":"New York City","state":"New York","state_ab":"NY","county":"New York","geo_location":{"type": "Point", "coordinates": [40.7808,-73.9772]}},
{"zip_code":"10268","country":"US","city":"New York City","state":"New York","state_ab":"NY","county":"New York","geo_location":{"type": "Point", "coordinates": [40.7808,-73.9772]}},
{"zip_code":"10282","country":"US","city":"New York City","state":"New York","state_ab":"NY","county":"New York","geo_location":{"type": "Point", "coordinates": [40.7166,-74.0146]}},
{"zip_code":"14008","country":"US","city":"Appleton","state":"New York","state_ab":"NY","county":"Niagara","geo_location":{"type": "Point", "coordinates": [43.3105,-78.6372]}},
{"zip_code":"14305","country":"US","city":"Niagara Falls","state":"New York","state_ab":"NY","county":"Niagara","geo_location":{"type": "Point", "coordinates": [43.1146,-79.0378]}},
{"zip_code":"13162","country":"US","city":"Verona Beach","state":"New York","state_ab":"NY","county":"Oneida","geo_location":{"type": "Point", "coordinates": [43.1885,-75.7126]}},
{"zip_code":"13328","country":"US","city":"Deansboro","state":"New York","state_ab":"NY","county":"Oneida","geo_location":{"type": "Point", "coordinates": [42.9818,-75.4383]}},
{"zip_code":"2128","country":"US","city":"Boston","state":"Massachusetts","state_ab":"MA","county":"Suffolk","geo_location":{"type": "Point", "coordinates": [42.3642,-71.0257]}},
{"zip_code":"2205","country":"US","city":"Boston","state":"Massachusetts","state_ab":"MA","county":"Suffolk","geo_location":{"type": "Point", "coordinates": [42.3503,-71.0539]}},
{"zip_code":"2298","country":"US","city":"Boston","state":"Massachusetts","state_ab":"MA","county":"Suffolk County","geo_location":{"type": "Point", "coordinates": [42.3823,-71.0323]}},
{"zip_code":"1462","country":"US","city":"Lunenburg","state":"Massachusetts","state_ab":"MA","county":"Worcester","geo_location":{"type": "Point", "coordinates": [42.5884,-71.7266]}},
{"zip_code":"1475","country":"US","city":"Winchendon","state":"Massachusetts","state_ab":"MA","county":"Worcester","geo_location":{"type": "Point", "coordinates": [42.6789,-72.0475]}},
{"zip_code":"1525","country":"US","city":"Linwood","state":"Massachusetts","state_ab":"MA","county":"Worcester","geo_location":{"type": "Point", "coordinates": [42.3648,-71.8969]}},
{"zip_code":"1538","country":"US","city":"North Uxbridge","state":"Massachusetts","state_ab":"MA","county":"Worcester","geo_location":{"type": "Point", "coordinates": [42.3648,-71.8969]}},
{"zip_code":"1602","country":"US","city":"Worcester","state":"Massachusetts","state_ab":"MA","county":"Worcester","geo_location":{"type": "Point", "coordinates": [42.2703,-71.8417]}},
{"zip_code":"1615","country":"US","city":"Worcester","state":"Massachusetts","state_ab":"MA","county":"Worcester","geo_location":{"type": "Point", "coordinates": [42.3648,-71.8969]}},
{"zip_code":"1655","country":"US","city":"Worcester","state":"Massachusetts","state_ab":"MA","county":"Worcester","geo_location":{"type": "Point", "coordinates": [42.3648,-71.8969]}},
{"zip_code":"1745","country":"US","city":"Fayville","state":"Massachusetts","state_ab":"MA","county":"Worcester","geo_location":{"type": "Point", "coordinates": [42.2934,-71.5028]}},
{"zip_code":"1772","country":"US","city":"Southborough","state":"Massachusetts","state_ab":"MA","county":"Worcester","geo_location":{"type": "Point", "coordinates": [42.2939,-71.532]}},
{"zip_code":"21505","country":"US","city":"Cumberland","state":"Maryland","state_ab":"MD","county":"Allegany","geo_location":{"type": "Point", "coordinates": [39.594,-78.8434]}},
{"zip_code":"21532","country":"US","city":"Frostburg","state":"Maryland","state_ab":"MD","county":"Allegany","geo_location":{"type": "Point", "coordinates": [39.6494,-78.9306]}},
{"zip_code":"21545","country":"US","city":"Mount Savage","state":"Maryland","state_ab":"MD","county":"Allegany","geo_location":{"type": "Point", "coordinates": [39.6991,-78.8739]}},
{"zip_code":"21402","country":"US","city":"Annapolis","state":"Maryland","state_ab":"MD","county":"Anne Arundel","geo_location":{"type": "Point", "coordinates": [38.9871,-76.4715]}},
{"zip_code":"21055","country":"US","city":"Garrison","state":"Maryland","state_ab":"MD","county":"Baltimore","geo_location":{"type": "Point", "coordinates": [39.439,-76.5921]}},
{"zip_code":"21082","country":"US","city":"Hydes","state":"Maryland","state_ab":"MD","county":"Baltimore","geo_location":{"type": "Point", "coordinates": [39.474,-76.4695]}},
{"zip_code":"21105","country":"US","city":"Maryland Line","state":"Maryland","state_ab":"MD","county":"Baltimore","geo_location":{"type": "Point", "coordinates": [39.7114,-76.6595]}},
{"zip_code":"21208","country":"US","city":"Pikesville","state":"Maryland","state_ab":"MD","county":"Baltimore","geo_location":{"type": "Point", "coordinates": [39.3764,-76.729]}},
{"zip_code":"21222","country":"US","city":"Dundalk","state":"Maryland","state_ab":"MD","county":"Baltimore","geo_location":{"type": "Point", "coordinates": [39.2655,-76.4935]}},
{"zip_code":"20685","country":"US","city":"Saint Leonard","state":"Maryland","state_ab":"MD","county":"Calvert","geo_location":{"type": "Point", "coordinates": [38.4501,-76.511]}},
{"zip_code":"21688","country":"US","city":"Ridgely","state":"Maryland","state_ab":"MD","county":"Caroline","geo_location":{"type": "Point", "coordinates": [38.8893,-75.8612]}},
{"zip_code":"21158","country":"US","city":"Westminster","state":"Maryland","state_ab":"MD","county":"Carroll","geo_location":{"type": "Point", "coordinates": [39.607,-77.0294]}},
{"zip_code":"21725","country":"US","city":"Detour","state":"Maryland","state_ab":"MD","county":"Carroll County","geo_location":{"type": "Point", "coordinates": [39.6147,-77.2483]}},
{"zip_code":"21918","country":"US","city":"Conowingo","state":"Maryland","state_ab":"MD","county":"Cecil","geo_location":{"type": "Point", "coordinates": [39.6778,-76.1572]}},
{"zip_code":"20632","country":"US","city":"Faulkner","state":"Maryland","state_ab":"MD","county":"Charles","geo_location":{"type": "Point", "coordinates": [38.4382,-76.9729]}},
{"zip_code":"20645","country":"US","city":"Issue","state":"Maryland","state_ab":"MD","county":"Charles","geo_location":{"type": "Point", "coordinates": [38.2926,-76.9059]}},
{"zip_code":"20658","country":"US","city":"Marbury","state":"Maryland","state_ab":"MD","county":"Charles","geo_location":{"type": "Point", "coordinates": [38.5633,-77.1596]}},
{"zip_code":"21622","country":"US","city":"Church Creek","state":"Maryland","state_ab":"MD","county":"Dorchester","geo_location":{"type": "Point", "coordinates": [38.4278,-76.1696]}},
{"zip_code":"21648","country":"US","city":"Madison","state":"Maryland","state_ab":"MD","county":"Dorchester","geo_location":{"type": "Point", "coordinates": [38.4782,-76.2412]}},
{"zip_code":"21675","country":"US","city":"Wingate","state":"Maryland","state_ab":"MD","county":"Dorchester","geo_location":{"type": "Point", "coordinates": [38.2899,-76.0863]}},
{"zip_code":"21778","country":"US","city":"Rocky Ridge","state":"Maryland","state_ab":"MD","county":"Frederick","geo_location":{"type": "Point", "coordinates": [39.6057,-77.3296]}},
{"zip_code":"21792","country":"US","city":"Unionville","state":"Maryland","state_ab":"MD","county":"Frederick","geo_location":{"type": "Point", "coordinates": [39.47,-77.3921]}},
{"zip_code":"21015","country":"US","city":"Bel Air","state":"Maryland","state_ab":"MD","county":"Harford","geo_location":{"type": "Point", "coordinates": [39.5303,-76.3153]}},
{"zip_code":"21028","country":"US","city":"Churchville","state":"Maryland","state_ab":"MD","county":"Harford","geo_location":{"type": "Point", "coordinates": [39.5648,-76.249]}},
{"zip_code":"21132","country":"US","city":"Pylesville","state":"Maryland","state_ab":"MD","county":"Harford","geo_location":{"type": "Point", "coordinates": [39.6959,-76.4113]}},
{"zip_code":"21042","country":"US","city":"Ellicott City","state":"Maryland","state_ab":"MD","county":"Howard","geo_location":{"type": "Point", "coordinates": [39.2726,-76.8614]}},
{"zip_code":"21738","country":"US","city":"Glenwood","state":"Maryland","state_ab":"MD","county":"Howard","geo_location":{"type": "Point", "coordinates": [39.2795,-77.0148]}},
{"zip_code":"21765","country":"US","city":"Lisbon","state":"Maryland","state_ab":"MD","county":"Howard","geo_location":{"type": "Point", "coordinates": [39.3378,-77.072]}},
{"zip_code":"21635","country":"US","city":"Galena","state":"Maryland","state_ab":"MD","county":"Kent","geo_location":{"type": "Point", "coordinates": [39.3374,-75.8717]}},
{"zip_code":"20812","country":"US","city":"Glen Echo","state":"Maryland","state_ab":"MD","county":"Montgomery","geo_location":{"type": "Point", "coordinates": [38.9693,-77.1435]}},
{"zip_code":"20825","country":"US","city":"Chevy Chase","state":"Maryland","state_ab":"MD","county":"Montgomery","geo_location":{"type": "Point", "coordinates": [39.144,-77.2076]}},
{"zip_code":"20838","country":"US","city":"Barnesville","state":"Maryland","state_ab":"MD","county":"Montgomery","geo_location":{"type": "Point", "coordinates": [39.2233,-77.3764]}},
{"zip_code":"20852","country":"US","city":"Rockville","state":"Maryland","state_ab":"MD","county":"Montgomery","geo_location":{"type": "Point", "coordinates": [39.0496,-77.1204]}},
{"zip_code":"20878","country":"US","city":"Gaithersburg","state":"Maryland","state_ab":"MD","county":"Montgomery","geo_location":{"type": "Point", "coordinates": [39.1125,-77.2515]}},
{"zip_code":"20892","country":"US","city":"Bethesda","state":"Maryland","state_ab":"MD","county":"Montgomery","geo_location":{"type": "Point", "coordinates": [39.0024,-77.1034]}},
{"zip_code":"20902","country":"US","city":"Silver Spring","state":"Maryland","state_ab":"MD","county":"Montgomery","geo_location":{"type": "Point", "coordinates": [39.04,-77.0444]}},
{"zip_code":"20915","country":"US","city":"Silver Spring","state":"Maryland","state_ab":"MD","county":"Montgomery","geo_location":{"type": "Point", "coordinates": [39.144,-77.2076]}},
{"zip_code":"20708","country":"US","city":"Laurel","state":"Maryland","state_ab":"MD","county":"Prince George's","geo_location":{"type": "Point", "coordinates": [39.0499,-76.8345]}},
{"zip_code":"20722","country":"US","city":"Brentwood","state":"Maryland","state_ab":"MD","county":"Prince George's","geo_location":{"type": "Point", "coordinates": [38.9407,-76.9531]}},
{"zip_code":"20735","country":"US","city":"Clinton","state":"Maryland","state_ab":"MD","county":"Prince George's","geo_location":{"type": "Point", "coordinates": [38.7549,-76.9026]}},
{"zip_code":"20748","country":"US","city":"Temple Hills","state":"Maryland","state_ab":"MD","county":"Prince George's","geo_location":{"type": "Point", "coordinates": [38.8222,-76.9478]}},
{"zip_code":"20762","country":"US","city":"Andrews Air Force Base","state":"Maryland","state_ab":"MD","county":"Prince George's","geo_location":{"type": "Point", "coordinates": [38.8062,-76.8756]}},
{"zip_code":"20775","country":"US","city":"Upper Marlboro","state":"Maryland","state_ab":"MD","county":"Prince George's","geo_location":{"type": "Point", "coordinates": [38.8336,-76.8777]}},
{"zip_code":"20788","country":"US","city":"Hyattsville","state":"Maryland","state_ab":"MD","county":"Prince George's","geo_location":{"type": "Point", "coordinates": [38.9694,-76.9509]}},
{"zip_code":"20618","country":"US","city":"Bushwood","state":"Maryland","state_ab":"MD","county":"St. Mary's","geo_location":{"type": "Point", "coordinates": [38.2844,-76.7929]}},
{"zip_code":"21868","country":"US","city":"Upper Hill","state":"Maryland","state_ab":"MD","county":"Somerset County","geo_location":{"type": "Point", "coordinates": [38.1117,-75.7906]}},
{"zip_code":"21662","country":"US","city":"Royal Oak","state":"Maryland","state_ab":"MD","county":"Talbot","geo_location":{"type": "Point", "coordinates": [38.714,-76.2097]}},
{"zip_code":"21802","country":"US","city":"Salisbury","state":"Maryland","state_ab":"MD","county":"Wicomico","geo_location":{"type": "Point", "coordinates": [38.3884,-75.6276]}},
{"zip_code":"21842","country":"US","city":"Ocean City","state":"Maryland","state_ab":"MD","county":"Worcester","geo_location":{"type": "Point", "coordinates": [38.3811,-75.1138]}},
{"zip_code":"21235","country":"US","city":"Baltimore","state":"Maryland","state_ab":"MD","county":"Baltimore (city)","geo_location":{"type": "Point", "coordinates": [39.2847,-76.6205]}},
{"zip_code":"21275","country":"US","city":"Baltimore","state":"Maryland","state_ab":"MD","county":"Baltimore (city)","geo_location":{"type": "Point", "coordinates": [39.2847,-76.6205]}},
{"zip_code":"21288","country":"US","city":"Baltimore","state":"Maryland","state_ab":"MD","county":"Baltimore (city)","geo_location":{"type": "Point", "coordinates": [39.2847,-76.6205]}},
{"zip_code":"4212","country":"US","city":"Auburn","state":"Maine","state_ab":"ME","county":"Androscoggin","geo_location":{"type": "Point", "coordinates": [44.197,-70.2395]}},
{"zip_code":"4252","country":"US","city":"Lisbon Falls","state":"Maine","state_ab":"ME","county":"Androscoggin","geo_location":{"type": "Point", "coordinates": [43.9978,-70.0734]}},
{"zip_code":"4742","country":"US","city":"Fort Fairfield","state":"Maine","state_ab":"ME","county":"Aroostook","geo_location":{"type": "Point", "coordinates": [46.7623,-67.8402]}},
{"zip_code":"4768","country":"US","city":"Portage","state":"Maine","state_ab":"ME","county":"Aroostook","geo_location":{"type": "Point", "coordinates": [46.7753,-68.4877]}},
{"zip_code":"4032","country":"US","city":"Freeport","state":"Maine","state_ab":"ME","county":"Cumberland","geo_location":{"type": "Point", "coordinates": [43.857,-70.1031]}},
{"zip_code":"4058","country":"US","city":"North Fryeburg","state":"Maine","state_ab":"ME","county":"Cumberland County","geo_location":{"type": "Point", "coordinates": [44.1341,-70.9821]}},
{"zip_code":"4085","country":"US","city":"Steep Falls","state":"Maine","state_ab":"ME","county":"Cumberland","geo_location":{"type": "Point", "coordinates": [43.7719,-70.6396]}},
{"zip_code":"4098","country":"US","city":"Westbrook","state":"Maine","state_ab":"ME","county":"Cumberland","geo_location":{"type": "Point", "coordinates": [44.4081,-70.4707]}},
{"zip_code":"4108","country":"US","city":"Peaks Island","state":"Maine","state_ab":"ME","county":"Cumberland","geo_location":{"type": "Point", "coordinates": [43.6589,-70.194]}},
{"zip_code":"4122","country":"US","city":"Portland","state":"Maine","state_ab":"ME","county":"Cumberland","geo_location":{"type": "Point", "coordinates": [44.4081,-70.4707]}},
{"zip_code":"4225","country":"US","city":"Dryden","state":"Maine","state_ab":"ME","county":"Franklin","geo_location":{"type": "Point", "coordinates": [44.6027,-70.2265]}},
{"zip_code":"4472","country":"US","city":"Orland","state":"Maine","state_ab":"ME","county":"Hancock","geo_location":{"type": "Point", "coordinates": [44.5458,-68.7313]}},
{"zip_code":"4612","country":"US","city":"Bernard","state":"Maine","state_ab":"ME","county":"Hancock","geo_location":{"type": "Point", "coordinates": [44.2415,-68.358]}},
{"zip_code":"4625","country":"US","city":"Cranberry Isles","state":"Maine","state_ab":"ME","county":"Hancock","geo_location":{"type": "Point", "coordinates": [44.6419,-68.3915]}}]}