{"value": [{"zip_code":"39813","country":"US","city":"Arlington","state":"Georgia","state_ab":"GA","county":"Columbia County","geo_location":{ "type": "Point", "coordinates": [-84.7241, 31.442] }},
{"zip_code":"31620","country":"US","city":"Adel","state":"Georgia","state_ab":"GA","county":"Cook","geo_location":{ "type": "Point", "coordinates": [-83.4213, 31.1251] }},
{"zip_code":"30229","country":"US","city":"Haralson","state":"Georgia","state_ab":"GA","county":"Coweta","geo_location":{ "type": "Point", "coordinates": [-84.5685, 33.2322] }},
{"zip_code":"31066","country":"US","city":"Musella","state":"Georgia","state_ab":"GA","county":"Crawford","geo_location":{ "type": "Point", "coordinates": [-84.0456, 32.8202] }},
{"zip_code":"30036","country":"US","city":"Decatur","state":"Georgia","state_ab":"GA","county":"DeKalb","geo_location":{ "type": "Point", "coordinates": [-84.0746, 33.8913] }},
{"zip_code":"30319","country":"US","city":"Atlanta","state":"Georgia","state_ab":"GA","county":"DeKalb","geo_location":{ "type": "Point", "coordinates": [-84.3351, 33.8687] }},
{"zip_code":"30333","country":"US","city":"Atlanta","state":"Georgia","state_ab":"GA","county":"DeKalb","geo_location":{ "type": "Point", "coordinates": [-84.0746, 33.8913] }},
{"zip_code":"30346","country":"US","city":"Atlanta","state":"Georgia","state_ab":"GA","county":"DeKalb","geo_location":{ "type": "Point", "coordinates": [-84.3334, 33.9267] }},
{"zip_code":"30359","country":"US","city":"Atlanta","state":"Georgia","state_ab":"GA","county":"DeKalb","geo_location":{ "type": "Point", "coordinates": [-84.0746, 33.8913] }},
{"zip_code":"30360","country":"US","city":"Atlanta","state":"Georgia","state_ab":"GA","county":"DeKalb","geo_location":{ "type": "Point", "coordinates": [-84.2716, 33.9378] }},
{"zip_code":"31723","country":"US","city":"Blakely","state":"Georgia","state_ab":"GA","county":"Early","geo_location":{ "type": "Point", "coordinates": [-84.9353, 31.3719] }},
{"zip_code":"30423","country":"US","city":"Daisy","state":"Georgia","state_ab":"GA","county":"Evans","geo_location":{ "type": "Point", "coordinates": [-81.8719, 32.1634] }},
{"zip_code":"30513","country":"US","city":"Blue Ridge","state":"Georgia","state_ab":"GA","county":"Fannin","geo_location":{ "type": "Point", "coordinates": [-84.3281, 34.8555] }},
{"zip_code":"30269","country":"US","city":"Peachtree City","state":"Georgia","state_ab":"GA","county":"Fayette","geo_location":{ "type": "Point", "coordinates": [-84.5635, 33.3915] }},
{"zip_code":"30553","country":"US","city":"Lavonia","state":"Georgia","state_ab":"GA","county":"Franklin","geo_location":{ "type": "Point", "coordinates": [-83.113, 34.4528] }},
{"zip_code":"30009","country":"US","city":"Alpharetta","state":"Georgia","state_ab":"GA","county":"Fulton","geo_location":{ "type": "Point", "coordinates": [-84.3033, 34.077] }},
{"zip_code":"30023","country":"US","city":"Alpharetta","state":"Georgia","state_ab":"GA","county":"Fulton","geo_location":{ "type": "Point", "coordinates": [-84.4741, 33.8444] }},
{"zip_code":"30076","country":"US","city":"Roswell","state":"Georgia","state_ab":"GA","county":"Fulton","geo_location":{ "type": "Point", "coordinates": [-84.3104, 34.0213] }},
{"zip_code":"30306","country":"US","city":"Atlanta","state":"Georgia","state_ab":"GA","county":"Fulton","geo_location":{ "type": "Point", "coordinates": [-84.3514, 33.786] }},
{"zip_code":"30320","country":"US","city":"Atlanta","state":"Georgia","state_ab":"GA","county":"Fulton","geo_location":{ "type": "Point", "coordinates": [-84.4236, 33.6568] }},
{"zip_code":"30386","country":"US","city":"Atlanta","state":"Georgia","state_ab":"GA","county":"Fulton","geo_location":{ "type": "Point", "coordinates": [-84.4741, 33.8444] }},
{"zip_code":"30399","country":"US","city":"Atlanta","state":"Georgia","state_ab":"GA","county":"Fulton","geo_location":{ "type": "Point", "coordinates": [-84.4741, 33.8444] }},
{"zip_code":"31156","country":"US","city":"Atlanta","state":"Georgia","state_ab":"GA","county":"Fulton","geo_location":{ "type": "Point", "coordinates": [-84.4741, 33.8444] }},
{"zip_code":"31170","country":"US","city":"Atlanta","state":"Georgia","state_ab":"GA","county":"Fulton County","geo_location":{ "type": "Point", "coordinates": [-84.4226, 33.7629] }},
{"zip_code":"31196","country":"US","city":"Atlanta","state":"Georgia","state_ab":"GA","county":"Fulton","geo_location":{ "type": "Point", "coordinates": [-84.4741, 33.8444] }},
{"zip_code":"30539","country":"US","city":"East Ellijay","state":"Georgia","state_ab":"GA","county":"Gilmer","geo_location":{ "type": "Point", "coordinates": [-84.4932, 34.6585] }},
{"zip_code":"30540","country":"US","city":"Ellijay","state":"Georgia","state_ab":"GA","county":"Gilmer","geo_location":{ "type": "Point", "coordinates": [-84.4812, 34.6775] }},
{"zip_code":"30810","country":"US","city":"Gibson","state":"Georgia","state_ab":"GA","county":"Glascock","geo_location":{ "type": "Point", "coordinates": [-82.5766, 33.2471] }},
{"zip_code":"30139","country":"US","city":"Fairmount","state":"Georgia","state_ab":"GA","county":"Gordon","geo_location":{ "type": "Point", "coordinates": [-84.7669, 34.4652] }},
{"zip_code":"30733","country":"US","city":"Plainville","state":"Georgia","state_ab":"GA","county":"Gordon","geo_location":{ "type": "Point", "coordinates": [-85.0312, 34.4145] }},
{"zip_code":"30746","country":"US","city":"Sugar Valley","state":"Georgia","state_ab":"GA","county":"Gordon","geo_location":{ "type": "Point", "coordinates": [-85.026, 34.5519] }},
{"zip_code":"30669","country":"US","city":"Union Point","state":"Georgia","state_ab":"GA","county":"Greene","geo_location":{ "type": "Point", "coordinates": [-83.0879, 33.6345] }},
{"zip_code":"30010","country":"US","city":"Norcross","state":"Georgia","state_ab":"GA","county":"Gwinnett","geo_location":{ "type": "Point", "coordinates": [-84.0379, 33.9604] }},
{"zip_code":"30049","country":"US","city":"Lawrenceville","state":"Georgia","state_ab":"GA","county":"Gwinnett County","geo_location":{ "type": "Point", "coordinates": [-83.9922, 33.9495] }},
{"zip_code":"30580","country":"US","city":"Turnerville","state":"Georgia","state_ab":"GA","county":"Habersham","geo_location":{ "type": "Point", "coordinates": [-83.4358, 34.6766] }},
{"zip_code":"30566","country":"US","city":"Oakwood","state":"Georgia","state_ab":"GA","county":"Hall","geo_location":{ "type": "Point", "coordinates": [-83.894, 34.2372] }},
{"zip_code":"3256","country":"US","city":"New Hampton","state":"New Hampshire","state_ab":"NH","county":"Belknap","geo_location":{ "type": "Point", "coordinates": [-71.6435, 43.6184] }},
{"zip_code":"3269","country":"US","city":"Sanbornton","state":"New Hampshire","state_ab":"NH","county":"Belknap","geo_location":{ "type": "Point", "coordinates": [-71.6003, 43.5496] }},
{"zip_code":"3809","country":"US","city":"Alton","state":"New Hampshire","state_ab":"NH","county":"Belknap","geo_location":{ "type": "Point", "coordinates": [-71.2297, 43.463] }},
{"zip_code":"3810","country":"US","city":"Alton Bay","state":"New Hampshire","state_ab":"NH","county":"Belknap","geo_location":{ "type": "Point", "coordinates": [-71.2489, 43.4845] }},
{"zip_code":"3836","country":"US","city":"Freedom","state":"New Hampshire","state_ab":"NH","county":"Carroll","geo_location":{ "type": "Point", "coordinates": [-71.0628, 43.8172] }},
{"zip_code":"3849","country":"US","city":"Madison","state":"New Hampshire","state_ab":"NH","county":"Carroll","geo_location":{ "type": "Point", "coordinates": [-71.1254, 43.9152] }},
{"zip_code":"3850","country":"US","city":"Melvin Village","state":"New Hampshire","state_ab":"NH","county":"Carroll","geo_location":{ "type": "Point", "coordinates": [-71.3017, 43.7077] }},
{"zip_code":"3890","country":"US","city":"West Ossipee","state":"New Hampshire","state_ab":"NH","county":"Carroll","geo_location":{ "type": "Point", "coordinates": [-71.1946, 43.8118] }},
{"zip_code":"3450","country":"US","city":"Harrisville","state":"New Hampshire","state_ab":"NH","county":"Cheshire","geo_location":{ "type": "Point", "coordinates": [-72.0972, 42.9399] }},
{"zip_code":"3579","country":"US","city":"Errol","state":"New Hampshire","state_ab":"NH","county":"Coos","geo_location":{ "type": "Point", "coordinates": [-71.1436, 44.8003] }},
{"zip_code":"3593","country":"US","city":"Randolph","state":"New Hampshire","state_ab":"NH","county":"Coos County","geo_location":{ "type": "Point", "coordinates": [-71.1777, 44.4753] }},
{"zip_code":"3580","country":"US","city":"Franconia","state":"New Hampshire","state_ab":"NH","county":"Grafton","geo_location":{ "type": "Point", "coordinates": [-71.7518, 44.2053] }},
{"zip_code":"3049","country":"US","city":"Hollis","state":"New Hampshire","state_ab":"NH","county":"Hillsborough","geo_location":{ "type": "Point", "coordinates": [-71.5772, 42.7485] }},
{"zip_code":"3063","country":"US","city":"Nashua","state":"New Hampshire","state_ab":"NH","county":"Hillsborough","geo_location":{ "type": "Point", "coordinates": [-71.5132, 42.7717] }},
{"zip_code":"3076","country":"US","city":"Pelham","state":"New Hampshire","state_ab":"NH","county":"Hillsborough","geo_location":{ "type": "Point", "coordinates": [-71.3046, 42.7288] }},
{"zip_code":"3449","country":"US","city":"Hancock","state":"New Hampshire","state_ab":"NH","county":"Hillsborough","geo_location":{ "type": "Point", "coordinates": [-71.9819, 42.9768] }},
{"zip_code":"3216","country":"US","city":"Andover","state":"New Hampshire","state_ab":"NH","county":"Merrimack","geo_location":{ "type": "Point", "coordinates": [-71.783, 43.4287] }},
{"zip_code":"3229","country":"US","city":"Contoocook","state":"New Hampshire","state_ab":"NH","county":"Merrimack","geo_location":{ "type": "Point", "coordinates": [-71.6968, 43.1978] }},
{"zip_code":"3230","country":"US","city":"Danbury","state":"New Hampshire","state_ab":"NH","county":"Merrimack","geo_location":{ "type": "Point", "coordinates": [-71.8691, 43.5115] }},
{"zip_code":"3243","country":"US","city":"Hill","state":"New Hampshire","state_ab":"NH","county":"Merrimack","geo_location":{ "type": "Point", "coordinates": [-71.7292, 43.5274] }},
{"zip_code":"3306","country":"US","city":"Concord","state":"New Hampshire","state_ab":"NH","county":"Merrimack County","geo_location":{ "type": "Point", "coordinates": [-71.5378, 43.208] }},
{"zip_code":"215","country":"US","city":"Portsmouth","state":"New Hampshire","state_ab":"NH","county":"Rockingham","geo_location":{ "type": "Point", "coordinates": [-71.0132, 43.0059] }},
{"zip_code":"3036","country":"US","city":"Chester","state":"New Hampshire","state_ab":"NH","county":"Rockingham","geo_location":{ "type": "Point", "coordinates": [-71.245, 42.9678] }},
{"zip_code":"3823","country":"US","city":"Madbury","state":"New Hampshire","state_ab":"NH","county":"Strafford County","geo_location":{ "type": "Point", "coordinates": [-70.9412, 43.1729] }},
{"zip_code":"3603","country":"US","city":"Charlestown","state":"New Hampshire","state_ab":"NH","county":"Sullivan","geo_location":{ "type": "Point", "coordinates": [-72.4064, 43.2573] }},
{"zip_code":"3746","country":"US","city":"Cornish Flat","state":"New Hampshire","state_ab":"NH","county":"Sullivan","geo_location":{ "type": "Point", "coordinates": [-72.194, 43.3645] }},
{"zip_code":"3773","country":"US","city":"Newport","state":"New Hampshire","state_ab":"NH","county":"Sullivan","geo_location":{ "type": "Point", "coordinates": [-72.1838, 43.3532] }},
{"zip_code":"8220","country":"US","city":"Leeds Point","state":"New Jersey","state_ab":"NJ","county":"Atlantic","geo_location":{ "type": "Point", "coordinates": [-74.6086, 39.5092] }},
{"zip_code":"8310","country":"US","city":"Buena","state":"New Jersey","state_ab":"NJ","county":"Atlantic","geo_location":{ "type": "Point", "coordinates": [-74.8895, 39.537] }},
{"zip_code":"8350","country":"US","city":"Richland","state":"New Jersey","state_ab":"NJ","county":"Atlantic","geo_location":{ "type": "Point", "coordinates": [-74.8776, 39.485] }},
{"zip_code":"8400","country":"US","city":"Atlantic City","state":"New Jersey","state_ab":"NJ","county":"Atlantic County","geo_location":{ "type": "Point", "coordinates": [-74.4233, 39.3642] }},
{"zip_code":"7010","country":"US","city":"Cliffside Park","state":"New Jersey","state_ab":"NJ","county":"Bergen","geo_location":{ "type": "Point", "coordinates": [-73.988, 40.8222] }},
{"zip_code":"7410","country":"US","city":"Fair Lawn","state":"New Jersey","state_ab":"NJ","county":"Bergen","geo_location":{ "type": "Point", "coordinates": [-74.1166, 40.9343] }},
{"zip_code":"7423","country":"US","city":"Ho Ho Kus","state":"New Jersey","state_ab":"NJ","county":"Bergen","geo_location":{ "type": "Point", "coordinates": [-74.1025, 41.0004] }},
{"zip_code":"7436","country":"US","city":"Oakland","state":"New Jersey","state_ab":"NJ","county":"Bergen","geo_location":{ "type": "Point", "coordinates": [-74.2338, 41.0294] }},
{"zip_code":"7450","country":"US","city":"Ridgewood","state":"New Jersey","state_ab":"NJ","county":"Bergen","geo_location":{ "type": "Point", "coordinates": [-74.1131, 40.982] }},
{"zip_code":"7463","country":"US","city":"Waldwick","state":"New Jersey","state_ab":"NJ","county":"Bergen","geo_location":{ "type": "Point", "coordinates": [-74.1243, 41.013] }},
{"zip_code":"7603","country":"US","city":"Bogota","state":"New Jersey","state_ab":"NJ","county":"Bergen","geo_location":{ "type": "Point", "coordinates": [-74.0281, 40.8744] }},
{"zip_code":"7630","country":"US","city":"Emerson","state":"New Jersey","state_ab":"NJ","county":"Bergen","geo_location":{ "type": "Point", "coordinates": [-74.0285, 40.9755] }},
{"zip_code":"7643","country":"US","city":"Little Ferry","state":"New Jersey","state_ab":"NJ","county":"Bergen","geo_location":{ "type": "Point", "coordinates": [-74.0405, 40.8493] }},
{"zip_code":"7656","country":"US","city":"Park Ridge","state":"New Jersey","state_ab":"NJ","county":"Bergen","geo_location":{ "type": "Point", "coordinates": [-74.0396, 41.0343] }},
{"zip_code":"7670","country":"US","city":"Tenafly","state":"New Jersey","state_ab":"NJ","county":"Bergen","geo_location":{ "type": "Point", "coordinates": [-73.9659, 40.9216] }},
{"zip_code":"8053","country":"US","city":"Marlton","state":"New Jersey","state_ab":"NJ","county":"Burlington","geo_location":{ "type": "Point", "coordinates": [-74.9067, 39.8845] }},
{"zip_code":"8026","country":"US","city":"Gibbsboro","state":"New Jersey","state_ab":"NJ","county":"Camden","geo_location":{ "type": "Point", "coordinates": [-74.971, 39.8365] }},
{"zip_code":"8103","country":"US","city":"Camden","state":"New Jersey","state_ab":"NJ","county":"Camden","geo_location":{ "type": "Point", "coordinates": [-75.1117, 39.9351] }},
{"zip_code":"8219","country":"US","city":"Green Creek","state":"New Jersey","state_ab":"NJ","county":"Cape May","geo_location":{ "type": "Point", "coordinates": [-74.8166, 39.0565] }},
{"zip_code":"8233","country":"US","city":"Pleasantville","state":"New Jersey","state_ab":"NJ","county":"Cape May County","geo_location":{ "type": "Point", "coordinates": [-74.5188, 39.3905] }},
{"zip_code":"8246","country":"US","city":"South Seaville","state":"New Jersey","state_ab":"NJ","county":"Cape May","geo_location":{ "type": "Point", "coordinates": [-74.8166, 39.0565] }},
{"zip_code":"8260","country":"US","city":"Wildwood","state":"New Jersey","state_ab":"NJ","county":"Cape May","geo_location":{ "type": "Point", "coordinates": [-74.838, 38.9949] }},
{"zip_code":"8323","country":"US","city":"Greenwich","state":"New Jersey","state_ab":"NJ","county":"Cumberland","geo_location":{ "type": "Point", "coordinates": [-75.3209, 39.4055] }},
{"zip_code":"8349","country":"US","city":"Port Norris","state":"New Jersey","state_ab":"NJ","county":"Cumberland","geo_location":{ "type": "Point", "coordinates": [-75.0506, 39.2563] }},
{"zip_code":"7009","country":"US","city":"Cedar Grove","state":"New Jersey","state_ab":"NJ","county":"Essex","geo_location":{ "type": "Point", "coordinates": [-74.2297, 40.8534] }},
{"zip_code":"7050","country":"US","city":"Orange","state":"New Jersey","state_ab":"NJ","county":"Essex","geo_location":{ "type": "Point", "coordinates": [-74.2355, 40.7692] }},
{"zip_code":"7193","country":"US","city":"Newark","state":"New Jersey","state_ab":"NJ","county":"Essex","geo_location":{ "type": "Point", "coordinates": [-74.2452, 40.7918] }},
{"zip_code":"8039","country":"US","city":"Harrisonville","state":"New Jersey","state_ab":"NJ","county":"Gloucester","geo_location":{ "type": "Point", "coordinates": [-75.2711, 39.6931] }},
{"zip_code":"8066","country":"US","city":"Paulsboro","state":"New Jersey","state_ab":"NJ","county":"Gloucester","geo_location":{ "type": "Point", "coordinates": [-75.2242, 39.8312] }},
{"zip_code":"8080","country":"US","city":"Sewell","state":"New Jersey","state_ab":"NJ","county":"Gloucester","geo_location":{ "type": "Point", "coordinates": [-75.0899, 39.7473] }},
{"zip_code":"8093","country":"US","city":"Westville","state":"New Jersey","state_ab":"NJ","county":"Gloucester","geo_location":{ "type": "Point", "coordinates": [-75.1323, 39.8605] }},
{"zip_code":"7306","country":"US","city":"Jersey City","state":"New Jersey","state_ab":"NJ","county":"Hudson","geo_location":{ "type": "Point", "coordinates": [-74.066, 40.7321] }},
{"zip_code":"7399","country":"US","city":"Jersey City","state":"New Jersey","state_ab":"NJ","county":"Hudson","geo_location":{ "type": "Point", "coordinates": [-74.0754, 40.7323] }},
{"zip_code":"7979","country":"US","city":"Pottersville","state":"New Jersey","state_ab":"NJ","county":"Hunterdon","geo_location":{ "type": "Point", "coordinates": [-74.7276, 40.7026] }},
{"zip_code":"8530","country":"US","city":"Lambertville","state":"New Jersey","state_ab":"NJ","county":"Hunterdon","geo_location":{ "type": "Point", "coordinates": [-74.9266, 40.3731] }},
{"zip_code":"8556","country":"US","city":"Rosemont","state":"New Jersey","state_ab":"NJ","county":"Hunterdon","geo_location":{ "type": "Point", "coordinates": [-74.9886, 40.42] }},
{"zip_code":"8826","country":"US","city":"Glen Gardner","state":"New Jersey","state_ab":"NJ","county":"Hunterdon","geo_location":{ "type": "Point", "coordinates": [-74.9162, 40.7134] }},
{"zip_code":"8543","country":"US","city":"Princeton","state":"New Jersey","state_ab":"NJ","county":"Mercer","geo_location":{ "type": "Point", "coordinates": [-74.712, 40.2805] }},
{"zip_code":"8606","country":"US","city":"Trenton","state":"New Jersey","state_ab":"NJ","county":"Mercer","geo_location":{ "type": "Point", "coordinates": [-74.712, 40.2805] }},
{"zip_code":"8619","country":"US","city":"Trenton","state":"New Jersey","state_ab":"NJ","county":"Mercer","geo_location":{ "type": "Point", "coordinates": [-74.6962, 40.2418] }},
{"zip_code":"8620","country":"US","city":"Trenton","state":"New Jersey","state_ab":"NJ","county":"Mercer","geo_location":{ "type": "Point", "coordinates": [-74.6488, 40.167] }},
{"zip_code":"8646","country":"US","city":"Trenton","state":"New Jersey","state_ab":"NJ","county":"Mercer","geo_location":{ "type": "Point", "coordinates": [-74.712, 40.2805] }},
{"zip_code":"8570","country":"US","city":"Cranbury","state":"New Jersey","state_ab":"NJ","county":"Middlesex","geo_location":{ "type": "Point", "coordinates": [-74.4173, 40.43] }},
{"zip_code":"8840","country":"US","city":"Metuchen","state":"New Jersey","state_ab":"NJ","county":"Middlesex","geo_location":{ "type": "Point", "coordinates": [-74.3517, 40.5449] }},
{"zip_code":"8879","country":"US","city":"South Amboy","state":"New Jersey","state_ab":"NJ","county":"Middlesex","geo_location":{ "type": "Point", "coordinates": [-74.2742, 40.464] }},
{"zip_code":"8903","country":"US","city":"New Brunswick","state":"New Jersey","state_ab":"NJ","county":"Middlesex","geo_location":{ "type": "Point", "coordinates": [-74.4451, 40.5139] }},
{"zip_code":"7719","country":"US","city":"Belmar","state":"New Jersey","state_ab":"NJ","county":"Monmouth","geo_location":{ "type": "Point", "coordinates": [-74.072, 40.1688] }},
{"zip_code":"7720","country":"US","city":"Bradley Beach","state":"New Jersey","state_ab":"NJ","county":"Monmouth","geo_location":{ "type": "Point", "coordinates": [-74.0132, 40.2023] }},
{"zip_code":"7733","country":"US","city":"Holmdel","state":"New Jersey","state_ab":"NJ","county":"Monmouth","geo_location":{ "type": "Point", "coordinates": [-74.174, 40.3859] }},
{"zip_code":"7746","country":"US","city":"Marlboro","state":"New Jersey","state_ab":"NJ","county":"Monmouth","geo_location":{ "type": "Point", "coordinates": [-74.2639, 40.3182] }},
{"zip_code":"7760","country":"US","city":"Rumson","state":"New Jersey","state_ab":"NJ","county":"Monmouth","geo_location":{ "type": "Point", "coordinates": [-74.0084, 40.3707] }},
{"zip_code":"7799","country":"US","city":"Eatontown","state":"New Jersey","state_ab":"NJ","county":"Monmouth","geo_location":{ "type": "Point", "coordinates": [-74.2493, 40.3027] }},
{"zip_code":"8736","country":"US","city":"Manasquan","state":"New Jersey","state_ab":"NJ","county":"Monmouth","geo_location":{ "type": "Point", "coordinates": [-74.0611, 40.1217] }},
{"zip_code":"8750","country":"US","city":"Sea Girt","state":"New Jersey","state_ab":"NJ","county":"Monmouth","geo_location":{ "type": "Point", "coordinates": [-74.0436, 40.1345] }},
{"zip_code":"7836","country":"US","city":"Flanders","state":"New Jersey","state_ab":"NJ","county":"Morris","geo_location":{ "type": "Point", "coordinates": [-74.7019, 40.8453] }},
{"zip_code":"7849","country":"US","city":"Lake Hopatcong","state":"New Jersey","state_ab":"NJ","county":"Morris","geo_location":{ "type": "Point", "coordinates": [-74.6129, 40.9506] }},
{"zip_code":"7850","country":"US","city":"Landing","state":"New Jersey","state_ab":"NJ","county":"Morris","geo_location":{ "type": "Point", "coordinates": [-74.6554, 40.9087] }},
{"zip_code":"7876","country":"US","city":"Succasunna","state":"New Jersey","state_ab":"NJ","county":"Morris","geo_location":{ "type": "Point", "coordinates": [-74.6536, 40.8539] }},
{"zip_code":"7926","country":"US","city":"Brookside","state":"New Jersey","state_ab":"NJ","county":"Morris","geo_location":{ "type": "Point", "coordinates": [-74.5718, 40.8004] }},
{"zip_code":"7940","country":"US","city":"Madison","state":"New Jersey","state_ab":"NJ","county":"Morris","geo_location":{ "type": "Point", "coordinates": [-74.4179, 40.7599] }},
{"zip_code":"7980","country":"US","city":"Stirling","state":"New Jersey","state_ab":"NJ","county":"Morris","geo_location":{ "type": "Point", "coordinates": [-74.4968, 40.6774] }},
{"zip_code":"8723","country":"US","city":"Brick","state":"New Jersey","state_ab":"NJ","county":"Ocean","geo_location":{ "type": "Point", "coordinates": [-74.1109, 40.0389] }},
{"zip_code":"7513","country":"US","city":"Paterson","state":"New Jersey","state_ab":"NJ","county":"Passaic","geo_location":{ "type": "Point", "coordinates": [-74.1529, 40.907] }},
{"zip_code":"8079","country":"US","city":"Salem","state":"New Jersey","state_ab":"NJ","county":"Salem","geo_location":{ "type": "Point", "coordinates": [-75.4521, 39.5591] }},
{"zip_code":"7939","country":"US","city":"Lyons","state":"New Jersey","state_ab":"NJ","county":"Somerset","geo_location":{ "type": "Point", "coordinates": [-74.5539, 40.6674] }},
{"zip_code":"8853","country":"US","city":"Neshanic Station","state":"New Jersey","state_ab":"NJ","county":"Somerset","geo_location":{ "type": "Point", "coordinates": [-74.7401, 40.5293] }},
{"zip_code":"8880","country":"US","city":"South Bound Brook","state":"New Jersey","state_ab":"NJ","county":"Somerset","geo_location":{ "type": "Point", "coordinates": [-74.5311, 40.5523] }},
{"zip_code":"7890","country":"US","city":"Branchville","state":"New Jersey","state_ab":"NJ","county":"Sussex","geo_location":{ "type": "Point", "coordinates": [-74.679, 41.1283] }},
{"zip_code":"7023","country":"US","city":"Fanwood","state":"New Jersey","state_ab":"NJ","county":"Union","geo_location":{ "type": "Point", "coordinates": [-74.3868, 40.6419] }},
{"zip_code":"7036","country":"US","city":"Linden","state":"New Jersey","state_ab":"NJ","county":"Union","geo_location":{ "type": "Point", "coordinates": [-74.2556, 40.6354] }},
{"zip_code":"7063","country":"US","city":"Plainfield","state":"New Jersey","state_ab":"NJ","county":"Union","geo_location":{ "type": "Point", "coordinates": [-74.4427, 40.6048] }},
{"zip_code":"7076","country":"US","city":"Scotch Plains","state":"New Jersey","state_ab":"NJ","county":"Union","geo_location":{ "type": "Point", "coordinates": [-74.3682, 40.6379] }},
{"zip_code":"7090","country":"US","city":"Westfield","state":"New Jersey","state_ab":"NJ","county":"Union","geo_location":{ "type": "Point", "coordinates": [-74.3451, 40.6479] }},
{"zip_code":"7203","country":"US","city":"Roselle","state":"New Jersey","state_ab":"NJ","county":"Union","geo_location":{ "type": "Point", "coordinates": [-74.261, 40.653] }},
{"zip_code":"7216","country":"US","city":"Elizabeth","state":"New Jersey","state_ab":"NJ","county":"Union County","geo_location":{ "type": "Point", "coordinates": [-74.2109, 40.6638] }},
{"zip_code":"7823","country":"US","city":"Belvidere","state":"New Jersey","state_ab":"NJ","county":"Warren","geo_location":{ "type": "Point", "coordinates": [-75.0503, 40.8308] }},
{"zip_code":"7863","country":"US","city":"Oxford","state":"New Jersey","state_ab":"NJ","county":"Warren","geo_location":{ "type": "Point", "coordinates": [-75.0019, 40.8105] }},
{"zip_code":"87113","country":"US","city":"Albuquerque","state":"New Mexico","state_ab":"NM","county":"Bernalillo","geo_location":{ "type": "Point", "coordinates": [-106.6015, 35.1759] }},
{"zip_code":"87140","country":"US","city":"Albuquerque","state":"New Mexico","state_ab":"NM","county":"Bernalillo","geo_location":{ "type": "Point", "coordinates": [-106.6729, 35.0443] }},
{"zip_code":"87153","country":"US","city":"Albuquerque","state":"New Mexico","state_ab":"NM","county":"Bernalillo","geo_location":{ "type": "Point", "coordinates": [-106.6729, 35.0443] }},
{"zip_code":"87180","country":"US","city":"Albuquerque","state":"New Mexico","state_ab":"NM","county":"Bernalillo","geo_location":{ "type": "Point", "coordinates": [-106.6729, 35.0443] }},
{"zip_code":"87193","country":"US","city":"Albuquerque","state":"New Mexico","state_ab":"NM","county":"Bernalillo","geo_location":{ "type": "Point", "coordinates": [-106.6729, 35.0443] }},
{"zip_code":"88039","country":"US","city":"Glenwood","state":"New Mexico","state_ab":"NM","county":"Catron","geo_location":{ "type": "Point", "coordinates": [-108.7743, 33.3048] }},
{"zip_code":"87049","country":"US","city":"San Fidel","state":"New Mexico","state_ab":"NM","county":"Cibola","geo_location":{ "type": "Point", "coordinates": [-107.8373, 35.1454] }},
{"zip_code":"88103","country":"US","city":"Cannon Afb","state":"New Mexico","state_ab":"NM","county":"Curry","geo_location":{ "type": "Point", "coordinates": [-103.3154, 34.3841] }},
{"zip_code":"87940","country":"US","city":"Rincon","state":"New Mexico","state_ab":"NM","county":"Doña Ana","geo_location":{ "type": "Point", "coordinates": [-107.0643, 32.6597] }},
{"zip_code":"88220","country":"US","city":"Carlsbad","state":"New Mexico","state_ab":"NM","county":"Eddy","geo_location":{ "type": "Point", "coordinates": [-104.2395, 32.4119] }},
{"zip_code":"88026","country":"US","city":"Santa Clara","state":"New Mexico","state_ab":"NM","county":"Grant","geo_location":{ "type": "Point", "coordinates": [-108.0752, 32.7936] }},
{"zip_code":"88040","country":"US","city":"Hachita","state":"New Mexico","state_ab":"NM","county":"Grant","geo_location":{ "type": "Point", "coordinates": [-108.3316, 31.8904] }},
{"zip_code":"88053","country":"US","city":"Pinos Altos","state":"New Mexico","state_ab":"NM","county":"Grant","geo_location":{ "type": "Point", "coordinates": [-108.2192, 32.8614] }},
{"zip_code":"87733","country":"US","city":"Mosquero","state":"New Mexico","state_ab":"NM","county":"Harding","geo_location":{ "type": "Point", "coordinates": [-103.9021, 35.8041] }},
{"zip_code":"87746","country":"US","city":"Solano","state":"New Mexico","state_ab":"NM","county":"Harding","geo_location":{ "type": "Point", "coordinates": [-103.9021, 35.8041] }},
{"zip_code":"88260","country":"US","city":"Lovington","state":"New Mexico","state_ab":"NM","county":"Lea","geo_location":{ "type": "Point", "coordinates": [-103.3488, 32.9512] }},
{"zip_code":"88323","country":"US","city":"Fort Stanton","state":"New Mexico","state_ab":"NM","county":"Lincoln","geo_location":{ "type": "Point", "coordinates": [-105.874, 33.6444] }},
{"zip_code":"88336","country":"US","city":"Hondo","state":"New Mexico","state_ab":"NM","county":"Lincoln","geo_location":{ "type": "Point", "coordinates": [-105.6294, 33.7397] }},
{"zip_code":"87319","country":"US","city":"Mentmore","state":"New Mexico","state_ab":"NM","county":"McKinley","geo_location":{ "type": "Point", "coordinates": [-108.8317, 35.5042] }},
{"zip_code":"87320","country":"US","city":"Mexican Springs","state":"New Mexico","state_ab":"NM","county":"McKinley","geo_location":{ "type": "Point", "coordinates": [-108.819, 35.7837] }},
{"zip_code":"88310","country":"US","city":"Alamogordo","state":"New Mexico","state_ab":"NM","county":"Otero","geo_location":{ "type": "Point", "coordinates": [-105.9485, 32.8932] }},
{"zip_code":"88349","country":"US","city":"Sunspot","state":"New Mexico","state_ab":"NM","county":"Otero","geo_location":{ "type": "Point", "coordinates": [-105.7811, 32.8672] }},
{"zip_code":"88350","country":"US","city":"Timberon","state":"New Mexico","state_ab":"NM","county":"Otero","geo_location":{ "type": "Point", "coordinates": [-105.6945, 32.6295] }},
{"zip_code":"88426","country":"US","city":"Logan","state":"New Mexico","state_ab":"NM","county":"Quay","geo_location":{ "type": "Point", "coordinates": [-103.4383, 35.3681] }},
{"zip_code":"87539","country":"US","city":"La Madera","state":"New Mexico","state_ab":"NM","county":"Rio Arriba","geo_location":{ "type": "Point", "coordinates": [-106.5785, 36.4654] }},
{"zip_code":"87566","country":"US","city":"San Juan Pueblo","state":"New Mexico","state_ab":"NM","county":"Rio Arriba","geo_location":{ "type": "Point", "coordinates": [-106.0793, 36.0489] }},
{"zip_code":"88116","country":"US","city":"Elida","state":"New Mexico","state_ab":"NM","county":"Roosevelt","geo_location":{ "type": "Point", "coordinates": [-103.6323, 33.9405] }},
{"zip_code":"88130","country":"US","city":"Portales","state":"New Mexico","state_ab":"NM","county":"Roosevelt","geo_location":{ "type": "Point", "coordinates": [-103.3363, 34.1799] }},
{"zip_code":"87410","country":"US","city":"Aztec","state":"New Mexico","state_ab":"NM","county":"San Juan","geo_location":{ "type": "Point", "coordinates": [-108.011, 36.8205] }},
{"zip_code":"88439","country":"US","city":"Trementina","state":"New Mexico","state_ab":"NM","county":"San Miguel","geo_location":{ "type": "Point", "coordinates": [-104.6796, 35.4563] }},
{"zip_code":"87010","country":"US","city":"Cerrillos","state":"New Mexico","state_ab":"NM","county":"Santa Fe","geo_location":{ "type": "Point", "coordinates": [-106.1317, 35.423] }},
{"zip_code":"87540","country":"US","city":"Lamy","state":"New Mexico","state_ab":"NM","county":"Santa Fe","geo_location":{ "type": "Point", "coordinates": [-105.9409, 35.4311] }},
{"zip_code":"87939","country":"US","city":"Monticello","state":"New Mexico","state_ab":"NM","county":"Sierra","geo_location":{ "type": "Point", "coordinates": [-107.4886, 33.4127] }},
{"zip_code":"87823","country":"US","city":"Lemitar","state":"New Mexico","state_ab":"NM","county":"Socorro","geo_location":{ "type": "Point", "coordinates": [-106.9044, 34.156] }},
{"zip_code":"87513","country":"US","city":"Arroyo Hondo","state":"New Mexico","state_ab":"NM","county":"Taos","geo_location":{ "type": "Point", "coordinates": [-105.6873, 36.5796] }},
{"zip_code":"87553","country":"US","city":"Penasco","state":"New Mexico","state_ab":"NM","county":"Taos","geo_location":{ "type": "Point", "coordinates": [-105.7105, 36.1763] }},
{"zip_code":"87579","country":"US","city":"Vadito","state":"New Mexico","state_ab":"NM","county":"Taos","geo_location":{ "type": "Point", "coordinates": [-105.5712, 36.1338] }},
{"zip_code":"87580","country":"US","city":"Valdez","state":"New Mexico","state_ab":"NM","county":"Taos","geo_location":{ "type": "Point", "coordinates": [-105.5658, 36.5701] }},
{"zip_code":"87009","country":"US","city":"Cedarvale","state":"New Mexico","state_ab":"NM","county":"Torrance","geo_location":{ "type": "Point", "coordinates": [-105.8806, 34.6509] }},
{"zip_code":"87036","country":"US","city":"Mountainair","state":"New Mexico","state_ab":"NM","county":"Torrance","geo_location":{ "type": "Point", "coordinates": [-106.2577, 34.5158] }},
{"zip_code":"87063","country":"US","city":"Willard","state":"New Mexico","state_ab":"NM","county":"Torrance","geo_location":{ "type": "Point", "coordinates": [-106.0307, 34.5754] }},
{"zip_code":"87023","country":"US","city":"Jarales","state":"New Mexico","state_ab":"NM","county":"Valencia","geo_location":{ "type": "Point", "coordinates": [-106.7611, 34.592] }},
{"zip_code":"89496","country":"US","city":"Fallon","state":"Nevada","state_ab":"NV","county":"Churchill","geo_location":{ "type": "Point", "coordinates": [-118.3436, 39.538] }},
{"zip_code":"88903","country":"US","city":"Winchester","state":"Nevada","state_ab":"NV","county":"Clark County","geo_location":{ "type": "Point", "coordinates": [-115.1363, 36.1749] }},
{"zip_code":"89016","country":"US","city":"Henderson","state":"Nevada","state_ab":"NV","county":"Clark","geo_location":{ "type": "Point", "coordinates": [-114.9721, 35.9279] }},
{"zip_code":"89029","country":"US","city":"Laughlin","state":"Nevada","state_ab":"NV","county":"Clark","geo_location":{ "type": "Point", "coordinates": [-114.6368, 35.1321] }},
{"zip_code":"89030","country":"US","city":"North Las Vegas","state":"Nevada","state_ab":"NV","county":"Clark","geo_location":{ "type": "Point", "coordinates": [-115.1241, 36.2115] }},
{"zip_code":"89070","country":"US","city":"Indian Springs","state":"Nevada","state_ab":"NV","county":"Clark","geo_location":{ "type": "Point", "coordinates": [-114.9721, 35.9279] }},
{"zip_code":"89106","country":"US","city":"Las Vegas","state":"Nevada","state_ab":"NV","county":"Clark","geo_location":{ "type": "Point", "coordinates": [-115.1617, 36.1847] }},
{"zip_code":"89119","country":"US","city":"Las Vegas","state":"Nevada","state_ab":"NV","county":"Clark","geo_location":{ "type": "Point", "coordinates": [-115.1365, 36.1008] }},
{"zip_code":"89120","country":"US","city":"Las Vegas","state":"Nevada","state_ab":"NV","county":"Clark","geo_location":{ "type": "Point", "coordinates": [-115.0885, 36.0914] }},
{"zip_code":"89133","country":"US","city":"Las Vegas","state":"Nevada","state_ab":"NV","county":"Clark","geo_location":{ "type": "Point", "coordinates": [-114.9721, 35.9279] }},
{"zip_code":"89146","country":"US","city":"Las Vegas","state":"Nevada","state_ab":"NV","county":"Clark","geo_location":{ "type": "Point", "coordinates": [-115.2242, 36.1424] }},
{"zip_code":"89159","country":"US","city":"Las Vegas","state":"Nevada","state_ab":"NV","county":"Clark","geo_location":{ "type": "Point", "coordinates": [-114.9721, 35.9279] }},
{"zip_code":"89160","country":"US","city":"Las Vegas","state":"Nevada","state_ab":"NV","county":"Clark","geo_location":{ "type": "Point", "coordinates": [-114.9721, 35.9279] }},
{"zip_code":"89173","country":"US","city":"Las Vegas","state":"Nevada","state_ab":"NV","county":"Clark","geo_location":{ "type": "Point", "coordinates": [-114.9721, 35.9279] }},
{"zip_code":"89199","country":"US","city":"Las Vegas","state":"Nevada","state_ab":"NV","county":"Clark","geo_location":{ "type": "Point", "coordinates": [-114.9721, 35.9279] }},
{"zip_code":"89803","country":"US","city":"Elko","state":"Nevada","state_ab":"NV","county":"Elko","geo_location":{ "type": "Point", "coordinates": [-115.5296, 41.0594] }},
{"zip_code":"89830","country":"US","city":"Montello","state":"Nevada","state_ab":"NV","county":"Elko","geo_location":{ "type": "Point", "coordinates": [-115.5296, 41.0594] }},
{"zip_code":"89883","country":"US","city":"West Wendover","state":"Nevada","state_ab":"NV","county":"Elko","geo_location":{ "type": "Point", "coordinates": [-114.4126, 40.5045] }},
{"zip_code":"89043","country":"US","city":"Pioche","state":"Nevada","state_ab":"NV","county":"Lincoln","geo_location":{ "type": "Point", "coordinates": [-114.3968, 37.8981] }},
{"zip_code":"89403","country":"US","city":"Dayton","state":"Nevada","state_ab":"NV","county":"Lyon","geo_location":{ "type": "Point", "coordinates": [-119.5287, 39.2806] }},
{"zip_code":"89429","country":"US","city":"Silver Springs","state":"Nevada","state_ab":"NV","county":"Lyon","geo_location":{ "type": "Point", "coordinates": [-119.2705, 39.38] }},
{"zip_code":"89430","country":"US","city":"Smith","state":"Nevada","state_ab":"NV","county":"Lyon","geo_location":{ "type": "Point", "coordinates": [-119.3029, 38.7733] }},
{"zip_code":"89416","country":"US","city":"Hawthorne","state":"Nevada","state_ab":"NV","county":"Mineral County","geo_location":{ "type": "Point", "coordinates": [-118.627, 38.5252] }},
{"zip_code":"89003","country":"US","city":"Beatty","state":"Nevada","state_ab":"NV","county":"Nye","geo_location":{ "type": "Point", "coordinates": [-116.6094, 36.8199] }},
{"zip_code":"89506","country":"US","city":"Reno","state":"Nevada","state_ab":"NV","county":"Washoe","geo_location":{ "type": "Point", "coordinates": [-119.8735, 39.6412] }},
{"zip_code":"89519","country":"US","city":"Reno","state":"Nevada","state_ab":"NV","county":"Washoe County","geo_location":{ "type": "Point", "coordinates": [-119.8591, 39.4814] }},
{"zip_code":"89520","country":"US","city":"Reno","state":"Nevada","state_ab":"NV","county":"Washoe","geo_location":{ "type": "Point", "coordinates": [-119.5869, 40.5412] }},
{"zip_code":"89533","country":"US","city":"Reno","state":"Nevada","state_ab":"NV","county":"Washoe","geo_location":{ "type": "Point", "coordinates": [-119.9061, 39.5439] }},
{"zip_code":"89599","country":"US","city":"Reno","state":"Nevada","state_ab":"NV","county":"Washoe","geo_location":{ "type": "Point", "coordinates": [-119.5869, 40.5412] }},
{"zip_code":"89713","country":"US","city":"Carson City","state":"Nevada","state_ab":"NV","county":"Carson City (city)","geo_location":{ "type": "Point", "coordinates": [-119.7764, 39.1678] }},
{"zip_code":"12009","country":"US","city":"Altamont","state":"New York","state_ab":"NY","county":"Albany","geo_location":{ "type": "Point", "coordinates": [-74.0193, 42.7063] }},
{"zip_code":"12023","country":"US","city":"Berne","state":"New York","state_ab":"NY","county":"Albany","geo_location":{ "type": "Point", "coordinates": [-74.1466, 42.6108] }},
{"zip_code":"12193","country":"US","city":"Westerlo","state":"New York","state_ab":"NY","county":"Albany","geo_location":{ "type": "Point", "coordinates": [-74.0394, 42.5156] }},
{"zip_code":"12203","country":"US","city":"Albany","state":"New York","state_ab":"NY","county":"Albany","geo_location":{ "type": "Point", "coordinates": [-73.8575, 42.7003] }},
{"zip_code":"12229","country":"US","city":"Albany","state":"New York","state_ab":"NY","county":"Albany","geo_location":{ "type": "Point", "coordinates": [-73.9708, 42.6149] }},
{"zip_code":"12230","country":"US","city":"Albany","state":"New York","state_ab":"NY","county":"Albany","geo_location":{ "type": "Point", "coordinates": [-73.9708, 42.6149] }},
{"zip_code":"12243","country":"US","city":"Albany","state":"New York","state_ab":"NY","county":"Albany","geo_location":{ "type": "Point", "coordinates": [-73.9708, 42.6149] }},
{"zip_code":"12256","country":"US","city":"Albany","state":"New York","state_ab":"NY","county":"Albany","geo_location":{ "type": "Point", "coordinates": [-73.9708, 42.6149] }},
{"zip_code":"14029","country":"US","city":"Centerville","state":"New York","state_ab":"NY","county":"Allegany","geo_location":{ "type": "Point", "coordinates": [-78.2474, 42.4743] }},
{"zip_code":"14739","country":"US","city":"Friendship","state":"New York","state_ab":"NY","county":"Allegany","geo_location":{ "type": "Point", "coordinates": [-78.1359, 42.1907] }},
{"zip_code":"14803","country":"US","city":"Alfred Station","state":"New York","state_ab":"NY","county":"Allegany","geo_location":{ "type": "Point", "coordinates": [-77.7781, 42.2558] }},
{"zip_code":"14896","country":"US","city":"West Danby","state":"New York","state_ab":"NY","county":"Allegany County","geo_location":{ "type": "Point", "coordinates": [-76.5256, 42.3188] }},
{"zip_code":"10456","country":"US","city":"Bronx","state":"New York","state_ab":"NY","county":"Bronx","geo_location":{ "type": "Point", "coordinates": [-73.9099, 40.8316] }},
{"zip_code":"10469","country":"US","city":"Bronx","state":"New York","state_ab":"NY","county":"Bronx","geo_location":{ "type": "Point", "coordinates": [-73.8495, 40.8702] }},
{"zip_code":"10470","country":"US","city":"Bronx","state":"New York","state_ab":"NY","county":"Bronx","geo_location":{ "type": "Point", "coordinates": [-73.8622, 40.9] }},
{"zip_code":"13749","country":"US","city":"Corbettsville","state":"New York","state_ab":"NY","county":"Broome","geo_location":{ "type": "Point", "coordinates": [-75.7449, 42.2067] }},
{"zip_code":"13763","country":"US","city":"Endicott","state":"New York","state_ab":"NY","county":"Broome","geo_location":{ "type": "Point", "coordinates": [-75.7449, 42.2067] }},
{"zip_code":"13790","country":"US","city":"Johnson City","state":"New York","state_ab":"NY","county":"Broome","geo_location":{ "type": "Point", "coordinates": [-75.9685, 42.1267] }},
{"zip_code":"13813","country":"US","city":"Nineveh","state":"New York","state_ab":"NY","county":"Broome","geo_location":{ "type": "Point", "coordinates": [-75.5484, 42.1625] }},
{"zip_code":"13826","country":"US","city":"Ouaquaga","state":"New York","state_ab":"NY","county":"Broome","geo_location":{ "type": "Point", "coordinates": [-75.6396, 42.1121] }},
{"zip_code":"13903","country":"US","city":"Binghamton","state":"New York","state_ab":"NY","county":"Broome","geo_location":{ "type": "Point", "coordinates": [-75.8977, 42.0811] }},
{"zip_code":"14070","country":"US","city":"Gowanda","state":"New York","state_ab":"NY","county":"Cattaraugus","geo_location":{ "type": "Point", "coordinates": [-78.9339, 42.4712] }},
{"zip_code":"14133","country":"US","city":"Sandusky","state":"New York","state_ab":"NY","county":"Cattaraugus","geo_location":{ "type": "Point", "coordinates": [-78.367, 42.4891] }},
{"zip_code":"14173","country":"US","city":"Yorkshire","state":"New York","state_ab":"NY","county":"Cattaraugus","geo_location":{ "type": "Point", "coordinates": [-78.4755, 42.5247] }},
{"zip_code":"14726","country":"US","city":"Conewango Valley","state":"New York","state_ab":"NY","county":"Cattaraugus","geo_location":{ "type": "Point", "coordinates": [-79.022, 42.2625] }},
{"zip_code":"14753","country":"US","city":"Limestone","state":"New York","state_ab":"NY","county":"Cattaraugus","geo_location":{ "type": "Point", "coordinates": [-78.632, 42.0639] }},
{"zip_code":"14766","country":"US","city":"Otto","state":"New York","state_ab":"NY","county":"Cattaraugus","geo_location":{ "type": "Point", "coordinates": [-78.8073, 42.3575] }},
{"zip_code":"14779","country":"US","city":"Salamanca","state":"New York","state_ab":"NY","county":"Cattaraugus","geo_location":{ "type": "Point", "coordinates": [-78.7304, 42.1604] }},
{"zip_code":"13026","country":"US","city":"Aurora","state":"New York","state_ab":"NY","county":"Cayuga","geo_location":{ "type": "Point", "coordinates": [-76.6775, 42.7472] }},
{"zip_code":"13130","country":"US","city":"Owasco","state":"New York","state_ab":"NY","county":"Cayuga County","geo_location":{ "type": "Point", "coordinates": [-76.4629, 42.8548] }},
{"zip_code":"13156","country":"US","city":"Sterling","state":"New York","state_ab":"NY","county":"Cayuga","geo_location":{ "type": "Point", "coordinates": [-76.6747, 43.3296] }},
{"zip_code":"14740","country":"US","city":"Gerry","state":"New York","state_ab":"NY","county":"Chautauqua","geo_location":{ "type": "Point", "coordinates": [-79.1649, 42.2147] }},
{"zip_code":"28909","country":"US","city":"Warne","state":"North Carolina","state_ab":"NC","county":"Clay","geo_location":{ "type": "Point", "coordinates": [-83.9045, 35.0024] }},
{"zip_code":"28020","country":"US","city":"Casar","state":"North Carolina","state_ab":"NC","county":"Cleveland","geo_location":{ "type": "Point", "coordinates": [-81.6357, 35.5145] }},
{"zip_code":"28073","country":"US","city":"Grover","state":"North Carolina","state_ab":"NC","county":"Cleveland","geo_location":{ "type": "Point", "coordinates": [-81.4552, 35.1836] }},
{"zip_code":"28086","country":"US","city":"Kings Mountain","state":"North Carolina","state_ab":"NC","county":"Cleveland","geo_location":{ "type": "Point", "coordinates": [-81.3806, 35.2516] }},
{"zip_code":"28136","country":"US","city":"Polkville","state":"North Carolina","state_ab":"NC","county":"Cleveland","geo_location":{ "type": "Point", "coordinates": [-81.6303, 35.3961] }},
{"zip_code":"28150","country":"US","city":"Shelby","state":"North Carolina","state_ab":"NC","county":"Cleveland","geo_location":{ "type": "Point", "coordinates": [-81.5568, 35.312] }},
{"zip_code":"28523","country":"US","city":"Cove City","state":"North Carolina","state_ab":"NC","county":"Craven","geo_location":{ "type": "Point", "coordinates": [-77.2963, 35.2023] }},
{"zip_code":"28563","country":"US","city":"New Bern","state":"North Carolina","state_ab":"NC","county":"Craven","geo_location":{ "type": "Point", "coordinates": [-77.0634, 35.1109] }},
{"zip_code":"28303","country":"US","city":"Fayetteville","state":"North Carolina","state_ab":"NC","county":"Cumberland","geo_location":{ "type": "Point", "coordinates": [-78.965, 35.0742] }},
{"zip_code":"28356","country":"US","city":"Linden","state":"North Carolina","state_ab":"NC","county":"Cumberland","geo_location":{ "type": "Point", "coordinates": [-78.8004, 35.2276] }},
{"zip_code":"27973","country":"US","city":"Shawboro","state":"North Carolina","state_ab":"NC","county":"Currituck","geo_location":{ "type": "Point", "coordinates": [-76.0945, 36.3779] }},
{"zip_code":"27920","country":"US","city":"Buxton","state":"North Carolina","state_ab":"NC","county":"Dare","geo_location":{ "type": "Point", "coordinates": [-75.5722, 35.2525] }},
{"zip_code":"27959","country":"US","city":"Nags Head","state":"North Carolina","state_ab":"NC","county":"Dare","geo_location":{ "type": "Point", "coordinates": [-75.6038, 35.8865] }},
{"zip_code":"27713","country":"US","city":"Durham","state":"North Carolina","state_ab":"NC","county":"Durham","geo_location":{ "type": "Point", "coordinates": [-78.9178, 35.9112] }},
{"zip_code":"27106","country":"US","city":"Winston Salem","state":"North Carolina","state_ab":"NC","county":"Forsyth","geo_location":{ "type": "Point", "coordinates": [-80.3069, 36.1428] }},
{"zip_code":"27120","country":"US","city":"Winston Salem","state":"North Carolina","state_ab":"NC","county":"Forsyth","geo_location":{ "type": "Point", "coordinates": [-80.2073, 36.0275] }},
{"zip_code":"27199","country":"US","city":"Winston Salem","state":"North Carolina","state_ab":"NC","county":"Forsyth","geo_location":{ "type": "Point", "coordinates": [-80.2073, 36.0275] }},
{"zip_code":"28006","country":"US","city":"Alexis","state":"North Carolina","state_ab":"NC","county":"Gaston","geo_location":{ "type": "Point", "coordinates": [-81.0947, 35.4069] }},
{"zip_code":"27946","country":"US","city":"Hobbsville","state":"North Carolina","state_ab":"NC","county":"Gates","geo_location":{ "type": "Point", "coordinates": [-76.6178, 36.3543] }},
{"zip_code":"27249","country":"US","city":"Gibsonville","state":"North Carolina","state_ab":"NC","county":"Guilford","geo_location":{ "type": "Point", "coordinates": [-79.5685, 36.1183] }},
{"zip_code":"27263","country":"US","city":"High Point","state":"North Carolina","state_ab":"NC","county":"Guilford","geo_location":{ "type": "Point", "coordinates": [-79.9395, 35.9359] }},
{"zip_code":"27313","country":"US","city":"Pleasant Garden","state":"North Carolina","state_ab":"NC","county":"Guilford","geo_location":{ "type": "Point", "coordinates": [-79.7549, 35.9522] }},
{"zip_code":"27403","country":"US","city":"Greensboro","state":"North Carolina","state_ab":"NC","county":"Guilford","geo_location":{ "type": "Point", "coordinates": [-79.8202, 36.0641] }},
{"zip_code":"27416","country":"US","city":"Greensboro","state":"North Carolina","state_ab":"NC","county":"Guilford","geo_location":{ "type": "Point", "coordinates": [-80.0244, 36.0807] }},
{"zip_code":"27429","country":"US","city":"Greensboro","state":"North Carolina","state_ab":"NC","county":"Guilford","geo_location":{ "type": "Point", "coordinates": [-80.0244, 36.0807] }},
{"zip_code":"27843","country":"US","city":"Hobgood","state":"North Carolina","state_ab":"NC","county":"Halifax","geo_location":{ "type": "Point", "coordinates": [-77.4061, 36.0594] }},
{"zip_code":"27870","country":"US","city":"Roanoke Rapids","state":"North Carolina","state_ab":"NC","county":"Halifax","geo_location":{ "type": "Point", "coordinates": [-77.6731, 36.4461] }},
{"zip_code":"27506","country":"US","city":"Buies Creek","state":"North Carolina","state_ab":"NC","county":"Harnett","geo_location":{ "type": "Point", "coordinates": [-78.7137, 35.4205] }},
{"zip_code":"27546","country":"US","city":"Lillington","state":"North Carolina","state_ab":"NC","county":"Harnett","geo_location":{ "type": "Point", "coordinates": [-78.9212, 35.332] }},
{"zip_code":"28716","country":"US","city":"Canton","state":"North Carolina","state_ab":"NC","county":"Haywood","geo_location":{ "type": "Point", "coordinates": [-82.8413, 35.5127] }},
{"zip_code":"28729","country":"US","city":"Etowah","state":"North Carolina","state_ab":"NC","county":"Henderson","geo_location":{ "type": "Point", "coordinates": [-82.5977, 35.3172] }},
{"zip_code":"27986","country":"US","city":"Winton","state":"North Carolina","state_ab":"NC","county":"Hertford","geo_location":{ "type": "Point", "coordinates": [-76.936, 36.3826] }},
{"zip_code":"27960","country":"US","city":"Ocracoke","state":"North Carolina","state_ab":"NC","county":"Hyde","geo_location":{ "type": "Point", "coordinates": [-75.8931, 35.1397] }},
{"zip_code":"28123","country":"US","city":"Mount Mourne","state":"North Carolina","state_ab":"NC","county":"Iredell","geo_location":{ "type": "Point", "coordinates": [-80.947, 35.5298] }},
{"zip_code":"28783","country":"US","city":"Tuckasegee","state":"North Carolina","state_ab":"NC","county":"Jackson","geo_location":{ "type": "Point", "coordinates": [-83.0749, 35.2599] }},
{"zip_code":"27520","country":"US","city":"Clayton","state":"North Carolina","state_ab":"NC","county":"Johnston","geo_location":{ "type": "Point", "coordinates": [-78.451, 35.6348] }},
{"zip_code":"28033","country":"US","city":"Crouse","state":"North Carolina","state_ab":"NC","county":"Lincoln","geo_location":{ "type": "Point", "coordinates": [-81.3385, 35.4359] }},
{"zip_code":"28703","country":"US","city":"Aquone","state":"North Carolina","state_ab":"NC","county":"Macon County","geo_location":{ "type": "Point", "coordinates": [-83.5749, 35.2354] }},
{"zip_code":"28743","country":"US","city":"Hot Springs","state":"North Carolina","state_ab":"NC","county":"Madison","geo_location":{ "type": "Point", "coordinates": [-82.9005, 35.8082] }},
{"zip_code":"28213","country":"US","city":"Charlotte","state":"North Carolina","state_ab":"NC","county":"Mecklenburg","geo_location":{ "type": "Point", "coordinates": [-80.7638, 35.2836] }},
{"zip_code":"28226","country":"US","city":"Charlotte","state":"North Carolina","state_ab":"NC","county":"Mecklenburg","geo_location":{ "type": "Point", "coordinates": [-80.8167, 35.0869] }},
{"zip_code":"28240","country":"US","city":"Charlotte","state":"North Carolina","state_ab":"NC","county":"Mecklenburg","geo_location":{ "type": "Point", "coordinates": [-80.8042, 35.26] }},
{"zip_code":"28253","country":"US","city":"Charlotte","state":"North Carolina","state_ab":"NC","county":"Mecklenburg","geo_location":{ "type": "Point", "coordinates": [-80.8042, 35.26] }},
{"zip_code":"28266","country":"US","city":"Charlotte","state":"North Carolina","state_ab":"NC","county":"Mecklenburg","geo_location":{ "type": "Point", "coordinates": [-80.8582, 35.2845] }},
{"zip_code":"28280","country":"US","city":"Charlotte","state":"North Carolina","state_ab":"NC","county":"Mecklenburg","geo_location":{ "type": "Point", "coordinates": [-80.8042, 35.26] }},
{"zip_code":"27209","country":"US","city":"Biscoe","state":"North Carolina","state_ab":"NC","county":"Montgomery","geo_location":{ "type": "Point", "coordinates": [-79.7596, 35.3257] }},
{"zip_code":"28370","country":"US","city":"Pinehurst","state":"North Carolina","state_ab":"NC","county":"Moore","geo_location":{ "type": "Point", "coordinates": [-79.4524, 35.2162] }},
{"zip_code":"27803","country":"US","city":"Rocky Mount","state":"North Carolina","state_ab":"NC","county":"Nash","geo_location":{ "type": "Point", "coordinates": [-77.835, 35.9238] }},
{"zip_code":"27816","country":"US","city":"Castalia","state":"North Carolina","state_ab":"NC","county":"Nash","geo_location":{ "type": "Point", "coordinates": [-78.0705, 36.0901] }},
{"zip_code":"27856","country":"US","city":"Nashville","state":"North Carolina","state_ab":"NC","county":"Nash","geo_location":{ "type": "Point", "coordinates": [-77.9595, 35.9843] }},
{"zip_code":"28406","country":"US","city":"Wilmington","state":"North Carolina","state_ab":"NC","county":"New Hanover","geo_location":{ "type": "Point", "coordinates": [-77.8526, 34.0881] }},
{"zip_code":"27869","country":"US","city":"Rich Square","state":"North Carolina","state_ab":"NC","county":"Northampton","geo_location":{ "type": "Point", "coordinates": [-77.2969, 36.2773] }},
{"zip_code":"28460","country":"US","city":"Sneads Ferry","state":"North Carolina","state_ab":"NC","county":"Onslow","geo_location":{ "type": "Point", "coordinates": [-77.4038, 34.5426] }},
{"zip_code":"27599","country":"US","city":"Chapel Hill","state":"North Carolina","state_ab":"NC","county":"Orange","geo_location":{ "type": "Point", "coordinates": [-79.1077, 36.0525] }},
{"zip_code":"28509","country":"US","city":"Alliance","state":"North Carolina","state_ab":"NC","county":"Pamlico","geo_location":{ "type": "Point", "coordinates": [-76.6323, 35.1561] }},
{"zip_code":"28510","country":"US","city":"Arapahoe","state":"North Carolina","state_ab":"NC","county":"Pamlico","geo_location":{ "type": "Point", "coordinates": [-76.8149, 35.0055] }},
{"zip_code":"27906","country":"US","city":"Elizabeth City","state":"North Carolina","state_ab":"NC","county":"Pasquotank","geo_location":{ "type": "Point", "coordinates": [-76.2133, 36.2854] }},
{"zip_code":"27919","country":"US","city":"Belvidere","state":"North Carolina","state_ab":"NC","county":"Perquimans","geo_location":{ "type": "Point", "coordinates": [-76.5436, 36.3096] }},
{"zip_code":"27573","country":"US","city":"Roxboro","state":"North Carolina","state_ab":"NC","county":"Person","geo_location":{ "type": "Point", "coordinates": [-78.9737, 36.4059] }},
{"zip_code":"27829","country":"US","city":"Fountain","state":"North Carolina","state_ab":"NC","county":"Pitt","geo_location":{ "type": "Point", "coordinates": [-77.6214, 35.6694] }},
{"zip_code":"28590","country":"US","city":"Winterville","state":"North Carolina","state_ab":"NC","county":"Pitt","geo_location":{ "type": "Point", "coordinates": [-77.391, 35.5336] }},
{"zip_code":"28756","country":"US","city":"Mill Spring","state":"North Carolina","state_ab":"NC","county":"Polk","geo_location":{ "type": "Point", "coordinates": [-82.1557, 35.3338] }},
{"zip_code":"28330","country":"US","city":"Cordova","state":"North Carolina","state_ab":"NC","county":"Richmond","geo_location":{ "type": "Point", "coordinates": [-79.7985, 34.9744] }},
{"zip_code":"28369","country":"US","city":"Orrum","state":"North Carolina","state_ab":"NC","county":"Robeson","geo_location":{ "type": "Point", "coordinates": [-79.031, 34.4473] }},
{"zip_code":"28383","country":"US","city":"Rowland","state":"North Carolina","state_ab":"NC","county":"Robeson","geo_location":{ "type": "Point", "coordinates": [-79.2618, 34.5887] }},
{"zip_code":"27289","country":"US","city":"Eden","state":"North Carolina","state_ab":"NC","county":"Rockingham","geo_location":{ "type": "Point", "coordinates": [-79.7731, 36.3921] }},
{"zip_code":"27326","country":"US","city":"Ruffin","state":"North Carolina","state_ab":"NC","county":"Rockingham","geo_location":{ "type": "Point", "coordinates": [-79.5606, 36.4428] }},
{"zip_code":"28019","country":"US","city":"Caroleen","state":"North Carolina","state_ab":"NC","county":"Rutherford","geo_location":{ "type": "Point", "coordinates": [-81.8319, 35.3168] }},
{"zip_code":"28329","country":"US","city":"Clinton","state":"North Carolina","state_ab":"NC","county":"Sampson","geo_location":{ "type": "Point", "coordinates": [-78.2777, 34.994] }},
{"zip_code":"28446","country":"US","city":"Ingold","state":"North Carolina","state_ab":"NC","county":"Sampson","geo_location":{ "type": "Point", "coordinates": [-78.3481, 34.8366] }},
{"zip_code":"28343","country":"US","city":"Gibson","state":"North Carolina","state_ab":"NC","county":"Scotland","geo_location":{ "type": "Point", "coordinates": [-79.5839, 34.7549] }},
{"zip_code":"28396","country":"US","city":"Wagram","state":"North Carolina","state_ab":"NC","county":"Scotland","geo_location":{ "type": "Point", "coordinates": [-79.3959, 34.9044] }},
{"zip_code":"28109","country":"US","city":"Misenheimer","state":"North Carolina","state_ab":"NC","county":"Stanly","geo_location":{ "type": "Point", "coordinates": [-80.2704, 35.4801] }},
{"zip_code":"28163","country":"US","city":"Stanfield","state":"North Carolina","state_ab":"NC","county":"Stanly","geo_location":{ "type": "Point", "coordinates": [-80.4407, 35.2106] }},
{"zip_code":"27016","country":"US","city":"Danbury","state":"North Carolina","state_ab":"NC","county":"Stokes","geo_location":{ "type": "Point", "coordinates": [-80.2194, 36.4559] }},
{"zip_code":"27043","country":"US","city":"Pinnacle","state":"North Carolina","state_ab":"NC","county":"Stokes","geo_location":{ "type": "Point", "coordinates": [-80.4391, 36.3339] }},
{"zip_code":"27030","country":"US","city":"Mount Airy","state":"North Carolina","state_ab":"NC","county":"Surry","geo_location":{ "type": "Point", "coordinates": [-80.6119, 36.5007] }},
{"zip_code":"28110","country":"US","city":"Monroe","state":"North Carolina","state_ab":"NC","county":"Union","geo_location":{ "type": "Point", "coordinates": [-80.5372, 35.0178] }},
{"zip_code":"27519","country":"US","city":"Cary","state":"North Carolina","state_ab":"NC","county":"Wake","geo_location":{ "type": "Point", "coordinates": [-78.887, 35.8072] }},
{"zip_code":"27560","country":"US","city":"Morrisville","state":"North Carolina","state_ab":"NC","county":"Wake","geo_location":{ "type": "Point", "coordinates": [-78.8466, 35.8344] }},
{"zip_code":"27609","country":"US","city":"Raleigh","state":"North Carolina","state_ab":"NC","county":"Wake","geo_location":{ "type": "Point", "coordinates": [-78.6317, 35.848] }},
{"zip_code":"27610","country":"US","city":"Raleigh","state":"North Carolina","state_ab":"NC","county":"Wake","geo_location":{ "type": "Point", "coordinates": [-78.6008, 35.7667] }},
{"zip_code":"27623","country":"US","city":"Raleigh","state":"North Carolina","state_ab":"NC","county":"Wake","geo_location":{ "type": "Point", "coordinates": [-78.6253, 35.7977] }},
{"zip_code":"27636","country":"US","city":"Raleigh","state":"North Carolina","state_ab":"NC","county":"Wake","geo_location":{ "type": "Point", "coordinates": [-78.6253, 35.7977] }},
{"zip_code":"27650","country":"US","city":"Raleigh","state":"North Carolina","state_ab":"NC","county":"Wake","geo_location":{ "type": "Point", "coordinates": [-78.6253, 35.7977] }},
{"zip_code":"27676","country":"US","city":"Raleigh","state":"North Carolina","state_ab":"NC","county":"Wake","geo_location":{ "type": "Point", "coordinates": [-78.6253, 35.7977] }},
{"zip_code":"27690","country":"US","city":"Raleigh","state":"North Carolina","state_ab":"NC","county":"Wake","geo_location":{ "type": "Point", "coordinates": [-78.6253, 35.7977] }},
{"zip_code":"27586","country":"US","city":"Vaughan","state":"North Carolina","state_ab":"NC","county":"Warren","geo_location":{ "type": "Point", "coordinates": [-78.1109, 36.3737] }},
{"zip_code":"28679","country":"US","city":"Sugar Grove","state":"North Carolina","state_ab":"NC","county":"Watauga","geo_location":{ "type": "Point", "coordinates": [-81.8441, 36.2627] }},
{"zip_code":"27533","country":"US","city":"Goldsboro","state":"North Carolina","state_ab":"NC","county":"Wayne","geo_location":{ "type": "Point", "coordinates": [-78.0524, 35.372] }},
{"zip_code":"27830","country":"US","city":"Fremont","state":"North Carolina","state_ab":"NC","county":"Wayne","geo_location":{ "type": "Point", "coordinates": [-77.958, 35.5553] }},
{"zip_code":"27883","country":"US","city":"Stantonsburg","state":"North Carolina","state_ab":"NC","county":"Wilson","geo_location":{ "type": "Point", "coordinates": [-77.8378, 35.594] }},
{"zip_code":"27896","country":"US","city":"Wilson","state":"North Carolina","state_ab":"NC","county":"Wilson","geo_location":{ "type": "Point", "coordinates": [-77.973, 35.7715] }},
{"zip_code":"58649","country":"US","city":"Reeder","state":"North Dakota","state_ab":"ND","county":"Adams","geo_location":{ "type": "Point", "coordinates": [-102.9405, 46.1116] }},
{"zip_code":"58429","country":"US","city":"Dazey","state":"North Dakota","state_ab":"ND","county":"Barnes","geo_location":{ "type": "Point", "coordinates": [-98.1616, 47.1828] }},
{"zip_code":"58379","country":"US","city":"Tokio","state":"North Dakota","state_ab":"ND","county":"Benson","geo_location":{ "type": "Point", "coordinates": [-99.1868, 48.1088] }},
{"zip_code":"58739","country":"US","city":"Gardena","state":"North Dakota","state_ab":"ND","county":"Bottineau County","geo_location":{ "type": "Point", "coordinates": [-100.4843, 48.6836] }},
{"zip_code":"58793","country":"US","city":"Westhope","state":"North Dakota","state_ab":"ND","county":"Bottineau","geo_location":{ "type": "Point", "coordinates": [-101.0338, 48.9051] }},
{"zip_code":"58623","country":"US","city":"Bowman","state":"North Dakota","state_ab":"ND","county":"Bowman","geo_location":{ "type": "Point", "coordinates": [-103.402, 46.1733] }},
{"zip_code":"58506","country":"US","city":"Bismarck","state":"North Dakota","state_ab":"ND","county":"Burleigh","geo_location":{ "type": "Point", "coordinates": [-100.5201, 46.9805] }},
{"zip_code":"58560","country":"US","city":"Moffit","state":"North Dakota","state_ab":"ND","county":"Burleigh","geo_location":{ "type": "Point", "coordinates": [-100.2975, 46.6757] }},
{"zip_code":"58003","country":"US","city":"Alice","state":"North Dakota","state_ab":"ND","county":"Cass County","geo_location":{ "type": "Point", "coordinates": [-97.5318, 46.7689] }},
{"zip_code":"58029","country":"US","city":"Erie","state":"North Dakota","state_ab":"ND","county":"Cass","geo_location":{ "type": "Point", "coordinates": [-97.3849, 47.1128] }},
{"zip_code":"58106","country":"US","city":"Fargo","state":"North Dakota","state_ab":"ND","county":"Cass","geo_location":{ "type": "Point", "coordinates": [-97.2297, 46.9346] }},
{"zip_code":"58249","country":"US","city":"Langdon","state":"North Dakota","state_ab":"ND","county":"Cavalier","geo_location":{ "type": "Point", "coordinates": [-98.3566, 48.7866] }},
{"zip_code":"58636","country":"US","city":"Halliday","state":"North Dakota","state_ab":"ND","county":"Dunn","geo_location":{ "type": "Point", "coordinates": [-102.3368, 47.3517] }},
{"zip_code":"58573","country":"US","city":"Strasburg","state":"North Dakota","state_ab":"ND","county":"Emmons","geo_location":{ "type": "Point", "coordinates": [-100.2119, 46.0979] }},
{"zip_code":"58443","country":"US","city":"Glenfield","state":"North Dakota","state_ab":"ND","county":"Foster","geo_location":{ "type": "Point", "coordinates": [-98.6916, 47.4569] }},
{"zip_code":"58533","country":"US","city":"Elgin","state":"North Dakota","state_ab":"ND","county":"Grant","geo_location":{ "type": "Point", "coordinates": [-101.7558, 46.3679] }},
{"zip_code":"58416","country":"US","city":"Binford","state":"North Dakota","state_ab":"ND","county":"Griggs","geo_location":{ "type": "Point", "coordinates": [-98.3546, 47.5739] }},
{"zip_code":"58650","country":"US","city":"Regent","state":"North Dakota","state_ab":"ND","county":"Hettinger","geo_location":{ "type": "Point", "coordinates": [-102.5684, 46.4235] }},
{"zip_code":"58456","country":"US","city":"Kulm","state":"North Dakota","state_ab":"ND","county":"LaMoure","geo_location":{ "type": "Point", "coordinates": [-98.9427, 46.3073] }},
{"zip_code":"58713","country":"US","city":"Bantry","state":"North Dakota","state_ab":"ND","county":"McHenry","geo_location":{ "type": "Point", "coordinates": [-100.5954, 48.5351] }},
{"zip_code":"58559","country":"US","city":"Mercer","state":"North Dakota","state_ab":"ND","county":"McLean","geo_location":{ "type": "Point", "coordinates": [-100.7171, 47.4858] }},
{"zip_code":"58520","country":"US","city":"Almont","state":"North Dakota","state_ab":"ND","county":"Morton","geo_location":{ "type": "Point", "coordinates": [-101.5221, 46.7046] }},
{"zip_code":"58380","country":"US","city":"Tolna","state":"North Dakota","state_ab":"ND","county":"Nelson","geo_location":{ "type": "Point", "coordinates": [-98.4512, 47.8462] }},
{"zip_code":"58236","country":"US","city":"Glasston","state":"North Dakota","state_ab":"ND","county":"Pembina","geo_location":{ "type": "Point", "coordinates": [-97.4696, 48.7201] }},
{"zip_code":"58276","country":"US","city":"Saint Thomas","state":"North Dakota","state_ab":"ND","county":"Pembina","geo_location":{ "type": "Point", "coordinates": [-97.4545, 48.6252] }},
{"zip_code":"58313","country":"US","city":"Balta","state":"North Dakota","state_ab":"ND","county":"Pierce","geo_location":{ "type": "Point", "coordinates": [-99.9921, 48.1042] }},
{"zip_code":"58740","country":"US","city":"Glenburn","state":"North Dakota","state_ab":"ND","county":"Renville","geo_location":{ "type": "Point", "coordinates": [-101.2297, 48.4718] }},
{"zip_code":"58030","country":"US","city":"Fairmount","state":"North Dakota","state_ab":"ND","county":"Richland","geo_location":{ "type": "Point", "coordinates": [-96.6308, 46.0427] }},
{"zip_code":"58353","country":"US","city":"Mylo","state":"North Dakota","state_ab":"ND","county":"Rolette","geo_location":{ "type": "Point", "coordinates": [-99.5957, 48.6329] }},
{"zip_code":"58366","country":"US","city":"Rolette","state":"North Dakota","state_ab":"ND","county":"Rolette","geo_location":{ "type": "Point", "coordinates": [-99.8785, 48.7009] }},
{"zip_code":"58043","country":"US","city":"Havana","state":"North Dakota","state_ab":"ND","county":"Sargent","geo_location":{ "type": "Point", "coordinates": [-97.6094, 45.9644] }},
{"zip_code":"58069","country":"US","city":"Stirum","state":"North Dakota","state_ab":"ND","county":"Sargent","geo_location":{ "type": "Point", "coordinates": [-97.8326, 46.2519] }},
{"zip_code":"58430","country":"US","city":"Denhoff","state":"North Dakota","state_ab":"ND","county":"Sheridan","geo_location":{ "type": "Point", "coordinates": [-100.263, 47.5709] }},
{"zip_code":"58056","country":"US","city":"Luverne","state":"North Dakota","state_ab":"ND","county":"Steele","geo_location":{ "type": "Point", "coordinates": [-97.9314, 47.2319] }},
{"zip_code":"58483","country":"US","city":"Streeter","state":"North Dakota","state_ab":"ND","county":"Stutsman","geo_location":{ "type": "Point", "coordinates": [-99.2971, 46.695] }},
{"zip_code":"58496","country":"US","city":"Woodworth","state":"North Dakota","state_ab":"ND","county":"Stutsman","geo_location":{ "type": "Point", "coordinates": [-99.3406, 47.1636] }},
{"zip_code":"58339","country":"US","city":"Hansboro","state":"North Dakota","state_ab":"ND","county":"Towner","geo_location":{ "type": "Point", "coordinates": [-99.4278, 48.9001] }},
{"zip_code":"58016","country":"US","city":"Clifford","state":"North Dakota","state_ab":"ND","county":"Traill","geo_location":{ "type": "Point", "coordinates": [-97.41, 47.3569] }},
{"zip_code":"58223","country":"US","city":"Cummings","state":"North Dakota","state_ab":"ND","county":"Traill","geo_location":{ "type": "Point", "coordinates": [-96.9913, 47.537] }},
{"zip_code":"58210","country":"US","city":"Adams","state":"North Dakota","state_ab":"ND","county":"Walsh","geo_location":{ "type": "Point", "coordinates": [-98.0867, 48.4223] }},
{"zip_code":"58250","country":"US","city":"Lankin","state":"North Dakota","state_ab":"ND","county":"Walsh","geo_location":{ "type": "Point", "coordinates": [-98.007, 48.2952] }},
{"zip_code":"58779","country":"US","city":"Ryder","state":"North Dakota","state_ab":"ND","county":"Ward","geo_location":{ "type": "Point", "coordinates": [-101.6683, 47.9788] }},
{"zip_code":"58830","country":"US","city":"Alamo","state":"North Dakota","state_ab":"ND","county":"Williams","geo_location":{ "type": "Point", "coordinates": [-103.4734, 48.5387] }},
{"zip_code":"58843","country":"US","city":"Epping","state":"North Dakota","state_ab":"ND","county":"Williams","geo_location":{ "type": "Point", "coordinates": [-103.3763, 48.2764] }},
{"zip_code":"58856","country":"US","city":"Zahl","state":"North Dakota","state_ab":"ND","county":"Williams","geo_location":{ "type": "Point", "coordinates": [-103.6599, 48.5787] }},
{"zip_code":"68950","country":"US","city":"Holstein","state":"Nebraska","state_ab":"NE","county":"Adams","geo_location":{ "type": "Point", "coordinates": [-98.6538, 40.4542] }},
{"zip_code":"68756","country":"US","city":"Neligh","state":"Nebraska","state_ab":"NE","county":"Antelope","geo_location":{ "type": "Point", "coordinates": [-98.0151, 42.1389] }},
{"zip_code":"68833","country":"US","city":"Dunning","state":"Nebraska","state_ab":"NE","county":"Blaine","geo_location":{ "type": "Point", "coordinates": [-100.0873, 41.8131] }},
{"zip_code":"68019","country":"US","city":"Craig","state":"Nebraska","state_ab":"NE","county":"Burt","geo_location":{ "type": "Point", "coordinates": [-96.3924, 41.7715] }},
{"zip_code":"68020","country":"US","city":"Decatur","state":"Nebraska","state_ab":"NE","county":"Burt","geo_location":{ "type": "Point", "coordinates": [-96.2595, 41.9966] }},
{"zip_code":"68626","country":"US","city":"Brainard","state":"Nebraska","state_ab":"NE","county":"Butler","geo_location":{ "type": "Point", "coordinates": [-96.9882, 41.1832] }},
{"zip_code":"69023","country":"US","city":"Champion","state":"Nebraska","state_ab":"NE","county":"Chase","geo_location":{ "type": "Point", "coordinates": [-101.7485, 40.46] }},
{"zip_code":"69216","country":"US","city":"Kilgore","state":"Nebraska","state_ab":"NE","county":"Cherry","geo_location":{ "type": "Point", "coordinates": [-100.9884, 42.9146] }},
{"zip_code":"68716","country":"US","city":"Beemer","state":"Nebraska","state_ab":"NE","county":"Cuming","geo_location":{ "type": "Point", "coordinates": [-96.815, 41.9374] }},
{"zip_code":"68819","country":"US","city":"Berwyn","state":"Nebraska","state_ab":"NE","county":"Custer","geo_location":{ "type": "Point", "coordinates": [-99.5016, 41.347] }},
{"zip_code":"68860","country":"US","city":"Oconto","state":"Nebraska","state_ab":"NE","county":"Custer","geo_location":{ "type": "Point", "coordinates": [-99.6951, 41.1381] }},
{"zip_code":"68743","country":"US","city":"Jackson","state":"Nebraska","state_ab":"NE","county":"Dakota","geo_location":{ "type": "Point", "coordinates": [-96.5743, 42.4529] }},
{"zip_code":"68770","country":"US","city":"Ponca","state":"Nebraska","state_ab":"NE","county":"Dixon","geo_location":{ "type": "Point", "coordinates": [-96.7128, 42.5693] }},
{"zip_code":"68109","country":"US","city":"Omaha","state":"Nebraska","state_ab":"NE","county":"Douglas","geo_location":{ "type": "Point", "coordinates": [-96.1711, 41.2917] }},
{"zip_code":"68110","country":"US","city":"Omaha","state":"Nebraska","state_ab":"NE","county":"Douglas","geo_location":{ "type": "Point", "coordinates": [-95.9361, 41.2933] }},
{"zip_code":"68176","country":"US","city":"Omaha","state":"Nebraska","state_ab":"NE","county":"Douglas","geo_location":{ "type": "Point", "coordinates": [-96.1711, 41.2917] }},
{"zip_code":"68406","country":"US","city":"Milligan","state":"Nebraska","state_ab":"NE","county":"Fillmore","geo_location":{ "type": "Point", "coordinates": [-97.3997, 40.4952] }},
{"zip_code":"68936","country":"US","city":"Edison","state":"Nebraska","state_ab":"NE","county":"Furnas","geo_location":{ "type": "Point", "coordinates": [-99.786, 40.2802] }},
{"zip_code":"68976","country":"US","city":"Smithfield","state":"Nebraska","state_ab":"NE","county":"Gosper","geo_location":{ "type": "Point", "coordinates": [-99.7285, 40.5832] }},
{"zip_code":"69333","country":"US","city":"Ashby","state":"Nebraska","state_ab":"NE","county":"Grant","geo_location":{ "type": "Point", "coordinates": [-101.9636, 41.9776] }},
{"zip_code":"68846","country":"US","city":"Hordville","state":"Nebraska","state_ab":"NE","county":"Hamilton","geo_location":{ "type": "Point", "coordinates": [-97.8881, 41.0813] }},
{"zip_code":"68820","country":"US","city":"Boelus","state":"Nebraska","state_ab":"NE","county":"Howard","geo_location":{ "type": "Point", "coordinates": [-98.6976, 41.1003] }},
{"zip_code":"68873","country":"US","city":"Saint Paul","state":"Nebraska","state_ab":"NE","county":"Howard","geo_location":{ "type": "Point", "coordinates": [-98.444, 41.2242] }},
{"zip_code":"68329","country":"US","city":"Cook","state":"Nebraska","state_ab":"NE","county":"Johnson","geo_location":{ "type": "Point", "coordinates": [-96.1526, 40.4986] }},
{"zip_code":"68963","country":"US","city":"Norman","state":"Nebraska","state_ab":"NE","county":"Kearney","geo_location":{ "type": "Point", "coordinates": [-98.7927, 40.4789] }},
{"zip_code":"69153","country":"US","city":"Ogallala","state":"Nebraska","state_ab":"NE","county":"Keith","geo_location":{ "type": "Point", "coordinates": [-101.7107, 41.1275] }},
{"zip_code":"68729","country":"US","city":"Creighton","state":"Nebraska","state_ab":"NE","county":"Knox","geo_location":{ "type": "Point", "coordinates": [-97.8932, 42.4681] }},
{"zip_code":"68730","country":"US","city":"Crofton","state":"Nebraska","state_ab":"NE","county":"Knox","geo_location":{ "type": "Point", "coordinates": [-97.5406, 42.737] }},
{"zip_code":"68783","country":"US","city":"Verdigre","state":"Nebraska","state_ab":"NE","county":"Knox","geo_location":{ "type": "Point", "coordinates": [-98.0793, 42.6101] }},
{"zip_code":"68419","country":"US","city":"Panama","state":"Nebraska","state_ab":"NE","county":"Lancaster","geo_location":{ "type": "Point", "coordinates": [-96.5129, 40.5998] }},
{"zip_code":"68509","country":"US","city":"Lincoln","state":"Nebraska","state_ab":"NE","county":"Lancaster","geo_location":{ "type": "Point", "coordinates": [-96.6888, 40.7845] }},
{"zip_code":"68510","country":"US","city":"Lincoln","state":"Nebraska","state_ab":"NE","county":"Lancaster","geo_location":{ "type": "Point", "coordinates": [-96.6545, 40.8063] }},
{"zip_code":"68523","country":"US","city":"Lincoln","state":"Nebraska","state_ab":"NE","county":"Lancaster","geo_location":{ "type": "Point", "coordinates": [-96.7583, 40.7408] }},
{"zip_code":"68640","country":"US","city":"Genoa","state":"Nebraska","state_ab":"NE","county":"Nance","geo_location":{ "type": "Point", "coordinates": [-97.764, 41.4468] }},
{"zip_code":"68446","country":"US","city":"Syracuse","state":"Nebraska","state_ab":"NE","county":"Otoe","geo_location":{ "type": "Point", "coordinates": [-96.1824, 40.6614] }},
{"zip_code":"68420","country":"US","city":"Pawnee City","state":"Nebraska","state_ab":"NE","county":"Pawnee","geo_location":{ "type": "Point", "coordinates": [-96.1509, 40.1093] }},
{"zip_code":"69140","country":"US","city":"Grant","state":"Nebraska","state_ab":"NE","county":"Perkins","geo_location":{ "type": "Point", "coordinates": [-101.7196, 40.8511] }},
{"zip_code":"68923","country":"US","city":"Atlanta","state":"Nebraska","state_ab":"NE","county":"Phelps","geo_location":{ "type": "Point", "coordinates": [-99.4844, 40.3849] }},
{"zip_code":"68949","country":"US","city":"Holdrege","state":"Nebraska","state_ab":"NE","county":"Phelps","geo_location":{ "type": "Point", "coordinates": [-99.3672, 40.4475] }},
{"zip_code":"68769","country":"US","city":"Plainview","state":"Nebraska","state_ab":"NE","county":"Pierce","geo_location":{ "type": "Point", "coordinates": [-97.7786, 42.3467] }},
{"zip_code":"68653","country":"US","city":"Platte Center","state":"Nebraska","state_ab":"NE","county":"Platte","geo_location":{ "type": "Point", "coordinates": [-97.4576, 41.5241] }},
{"zip_code":"68666","country":"US","city":"Stromsburg","state":"Nebraska","state_ab":"NE","county":"Polk","geo_location":{ "type": "Point", "coordinates": [-97.5742, 41.1118] }},
{"zip_code":"69036","country":"US","city":"Lebanon","state":"Nebraska","state_ab":"NE","county":"Red Willow","geo_location":{ "type": "Point", "coordinates": [-100.2612, 40.0752] }},
{"zip_code":"68433","country":"US","city":"Salem","state":"Nebraska","state_ab":"NE","county":"Richardson","geo_location":{ "type": "Point", "coordinates": [-95.7273, 40.062] }},
{"zip_code":"68343","country":"US","city":"Dorchester","state":"Nebraska","state_ab":"NE","county":"Saline","geo_location":{ "type": "Point", "coordinates": [-97.1056, 40.6499] }},
{"zip_code":"68046","country":"US","city":"Papillion","state":"Nebraska","state_ab":"NE","county":"Sarpy","geo_location":{ "type": "Point", "coordinates": [-96.0371, 41.1523] }},
{"zip_code":"68059","country":"US","city":"Springfield","state":"Nebraska","state_ab":"NE","county":"Sarpy","geo_location":{ "type": "Point", "coordinates": [-96.1438, 41.0765] }},
{"zip_code":"68123","country":"US","city":"Bellevue","state":"Nebraska","state_ab":"NE","county":"Sarpy","geo_location":{ "type": "Point", "coordinates": [-95.9393, 41.1156] }},
{"zip_code":"68136","country":"US","city":"Omaha","state":"Nebraska","state_ab":"NE","county":"Sarpy","geo_location":{ "type": "Point", "coordinates": [-96.2096, 41.1683] }},
{"zip_code":"68033","country":"US","city":"Ithaca","state":"Nebraska","state_ab":"NE","county":"Saunders","geo_location":{ "type": "Point", "coordinates": [-96.5298, 41.1748] }},
{"zip_code":"68073","country":"US","city":"Yutan","state":"Nebraska","state_ab":"NE","county":"Saunders","geo_location":{ "type": "Point", "coordinates": [-96.3932, 41.234] }},
{"zip_code":"68330","country":"US","city":"Cordova","state":"Nebraska","state_ab":"NE","county":"Seward","geo_location":{ "type": "Point", "coordinates": [-97.3407, 40.7185] }},
{"zip_code":"69360","country":"US","city":"Rushville","state":"Nebraska","state_ab":"NE","county":"Sheridan","geo_location":{ "type": "Point", "coordinates": [-102.4657, 42.7379] }},
{"zip_code":"69346","country":"US","city":"Harrison","state":"Nebraska","state_ab":"NE","county":"Sioux","geo_location":{ "type": "Point", "coordinates": [-103.8318, 42.3946] }},
{"zip_code":"68303","country":"US","city":"Alexandria","state":"Nebraska","state_ab":"NE","county":"Thayer","geo_location":{ "type": "Point", "coordinates": [-97.4039, 40.2614] }},
{"zip_code":"68370","country":"US","city":"Hebron","state":"Nebraska","state_ab":"NE","county":"Thayer","geo_location":{ "type": "Point", "coordinates": [-97.6052, 40.1728] }},
{"zip_code":"69166","country":"US","city":"Thedford","state":"Nebraska","state_ab":"NE","county":"Thomas","geo_location":{ "type": "Point", "coordinates": [-100.5574, 41.9794] }},
{"zip_code":"68859","country":"US","city":"North Loup","state":"Nebraska","state_ab":"NE","county":"Valley","geo_location":{ "type": "Point", "coordinates": [-98.7858, 41.4972] }},
{"zip_code":"68316","country":"US","city":"Benedict","state":"Nebraska","state_ab":"NE","county":"York","geo_location":{ "type": "Point", "coordinates": [-97.6029, 41.0033] }},
{"zip_code":"68460","country":"US","city":"Waco","state":"Nebraska","state_ab":"NE","county":"York","geo_location":{ "type": "Point", "coordinates": [-97.4534, 40.9198] }},
{"zip_code":"4259","country":"US","city":"Monmouth","state":"Maine","state_ab":"ME","county":"Kennebec","geo_location":{ "type": "Point", "coordinates": [-70.0263, 44.2208] }},
{"zip_code":"4336","country":"US","city":"Augusta","state":"Maine","state_ab":"ME","county":"Kennebec","geo_location":{ "type": "Point", "coordinates": [-69.818, 44.3157] }},
{"zip_code":"4349","country":"US","city":"Kents Hill","state":"Maine","state_ab":"ME","county":"Kennebec","geo_location":{ "type": "Point", "coordinates": [-70.0748, 44.4383] }},
{"zip_code":"4350","country":"US","city":"Litchfield","state":"Maine","state_ab":"ME","county":"Kennebec","geo_location":{ "type": "Point", "coordinates": [-69.9581, 44.1634] }},
{"zip_code":"4363","country":"US","city":"Windsor","state":"Maine","state_ab":"ME","county":"Kennebec","geo_location":{ "type": "Point", "coordinates": [-69.5806, 44.3009] }},
{"zip_code":"4903","country":"US","city":"Waterville","state":"Maine","state_ab":"ME","county":"Kennebec","geo_location":{ "type": "Point", "coordinates": [-69.7132, 44.5492] }},
{"zip_code":"4853","country":"US","city":"North Haven","state":"Maine","state_ab":"ME","county":"Knox","geo_location":{ "type": "Point", "coordinates": [-68.8667, 44.1436] }},
{"zip_code":"4543","country":"US","city":"Damariscotta","state":"Maine","state_ab":"ME","county":"Lincoln","geo_location":{ "type": "Point", "coordinates": [-69.5042, 44.0293] }},
{"zip_code":"4556","country":"US","city":"Edgecomb","state":"Maine","state_ab":"ME","county":"Lincoln","geo_location":{ "type": "Point", "coordinates": [-69.6197, 43.9792] }},
{"zip_code":"4570","country":"US","city":"Squirrel Island","state":"Maine","state_ab":"ME","county":"Lincoln","geo_location":{ "type": "Point", "coordinates": [-69.5233, 44.0213] }},
{"zip_code":"4080","country":"US","city":"South Hiram","state":"Maine","state_ab":"ME","county":"Oxford County","geo_location":{ "type": "Point", "coordinates": [-70.8351, 43.8772] }},
{"zip_code":"4219","country":"US","city":"Bryant Pond","state":"Maine","state_ab":"ME","county":"Oxford","geo_location":{ "type": "Point", "coordinates": [-70.6435, 44.3957] }},
{"zip_code":"4220","country":"US","city":"Buckfield","state":"Maine","state_ab":"ME","county":"Oxford","geo_location":{ "type": "Point", "coordinates": [-70.3683, 44.2877] }},
{"zip_code":"4233","country":"US","city":"East Waterford","state":"Maine","state_ab":"ME","county":"Oxford County","geo_location":{ "type": "Point", "coordinates": [-70.7205, 44.2076] }},
{"zip_code":"4286","country":"US","city":"West Bethel","state":"Maine","state_ab":"ME","county":"Oxford","geo_location":{ "type": "Point", "coordinates": [-70.8601, 44.4021] }},
{"zip_code":"4453","country":"US","city":"Lagrange","state":"Maine","state_ab":"ME","county":"Penobscot","geo_location":{ "type": "Point", "coordinates": [-68.8345, 45.1789] }},
{"zip_code":"4493","country":"US","city":"West Enfield","state":"Maine","state_ab":"ME","county":"Penobscot","geo_location":{ "type": "Point", "coordinates": [-68.5338, 45.2378] }},
{"zip_code":"4930","country":"US","city":"Dexter","state":"Maine","state_ab":"ME","county":"Penobscot","geo_location":{ "type": "Point", "coordinates": [-69.2797, 45.0203] }},
{"zip_code":"4969","country":"US","city":"Plymouth","state":"Maine","state_ab":"ME","county":"Penobscot","geo_location":{ "type": "Point", "coordinates": [-69.2266, 44.7699] }},
{"zip_code":"4426","country":"US","city":"Dover Foxcroft","state":"Maine","state_ab":"ME","county":"Piscataquis","geo_location":{ "type": "Point", "coordinates": [-69.2045, 45.1877] }},
{"zip_code":"4479","country":"US","city":"Sangerville","state":"Maine","state_ab":"ME","county":"Piscataquis","geo_location":{ "type": "Point", "coordinates": [-69.3218, 45.1406] }},
{"zip_code":"4530","country":"US","city":"Bath","state":"Maine","state_ab":"ME","county":"Sagadahoc","geo_location":{ "type": "Point", "coordinates": [-69.8266, 43.9062] }},
{"zip_code":"4929","country":"US","city":"Detroit","state":"Maine","state_ab":"ME","county":"Somerset","geo_location":{ "type": "Point", "coordinates": [-69.3227, 44.7615] }},
{"zip_code":"4943","country":"US","city":"Hartland","state":"Maine","state_ab":"ME","county":"Somerset","geo_location":{ "type": "Point", "coordinates": [-69.4718, 44.8782] }},
{"zip_code":"4413","country":"US","city":"Brookton","state":"Maine","state_ab":"ME","county":"Washington","geo_location":{ "type": "Point", "coordinates": [-67.7436, 45.5507] }},
{"zip_code":"4606","country":"US","city":"Addison","state":"Maine","state_ab":"ME","county":"Washington","geo_location":{ "type": "Point", "coordinates": [-67.7146, 44.583] }},
{"zip_code":"4619","country":"US","city":"Calais","state":"Maine","state_ab":"ME","county":"Washington","geo_location":{ "type": "Point", "coordinates": [-67.2641, 45.1715] }},
{"zip_code":"4686","country":"US","city":"Wesley","state":"Maine","state_ab":"ME","county":"Washington","geo_location":{ "type": "Point", "coordinates": [-67.6991, 44.9854] }},
{"zip_code":"4093","country":"US","city":"West Buxton","state":"Maine","state_ab":"ME","county":"York","geo_location":{ "type": "Point", "coordinates": [-70.5376, 43.6428] }},
{"zip_code":"49816","country":"US","city":"Chatham","state":"Michigan","state_ab":"MI","county":"Alger","geo_location":{ "type": "Point", "coordinates": [-86.9936, 46.337] }},
{"zip_code":"49843","country":"US","city":"K I Sawyer A F B","state":"Michigan","state_ab":"MI","county":"Alger County","geo_location":{ "type": "Point", "coordinates": [-87.363, 46.3289] }},
{"zip_code":"49070","country":"US","city":"Martin","state":"Michigan","state_ab":"MI","county":"Allegan","geo_location":{ "type": "Point", "coordinates": [-85.6106, 42.5483] }},
{"zip_code":"49416","country":"US","city":"Glenn","state":"Michigan","state_ab":"MI","county":"Allegan","geo_location":{ "type": "Point", "coordinates": [-86.072, 42.6305] }},
{"zip_code":"49753","country":"US","city":"Lachine","state":"Michigan","state_ab":"MI","county":"Alpena","geo_location":{ "type": "Point", "coordinates": [-83.7491, 45.0429] }},
{"zip_code":"49766","country":"US","city":"Ossineke","state":"Michigan","state_ab":"MI","county":"Alpena","geo_location":{ "type": "Point", "coordinates": [-83.4592, 44.9104] }},
{"zip_code":"48659","country":"US","city":"Sterling","state":"Michigan","state_ab":"MI","county":"Arenac","geo_location":{ "type": "Point", "coordinates": [-84.0505, 44.0669] }},
{"zip_code":"48749","country":"US","city":"Omer","state":"Michigan","state_ab":"MI","county":"Arenac","geo_location":{ "type": "Point", "coordinates": [-83.843, 44.0499] }},
{"zip_code":"49919","country":"US","city":"Covington","state":"Michigan","state_ab":"MI","county":"Baraga","geo_location":{ "type": "Point", "coordinates": [-88.5846, 46.5265] }},
{"zip_code":"49946","country":"US","city":"Lanse","state":"Michigan","state_ab":"MI","county":"Baraga","geo_location":{ "type": "Point", "coordinates": [-88.421, 46.7704] }},
{"zip_code":"48710","country":"US","city":"University Center","state":"Michigan","state_ab":"MI","county":"Bay","geo_location":{ "type": "Point", "coordinates": [-83.9943, 43.5566] }},
{"zip_code":"49650","country":"US","city":"Lake Ann","state":"Michigan","state_ab":"MI","county":"Benzie","geo_location":{ "type": "Point", "coordinates": [-85.8528, 44.7317] }},
{"zip_code":"49106","country":"US","city":"Bridgman","state":"Michigan","state_ab":"MI","county":"Berrien","geo_location":{ "type": "Point", "coordinates": [-86.5543, 41.9362] }},
{"zip_code":"49119","country":"US","city":"New Troy","state":"Michigan","state_ab":"MI","county":"Berrien","geo_location":{ "type": "Point", "coordinates": [-86.549, 41.8744] }},
{"zip_code":"49120","country":"US","city":"Niles","state":"Michigan","state_ab":"MI","county":"Berrien","geo_location":{ "type": "Point", "coordinates": [-86.2368, 41.8202] }},
{"zip_code":"49016","country":"US","city":"Battle Creek","state":"Michigan","state_ab":"MI","county":"Calhoun","geo_location":{ "type": "Point", "coordinates": [-85.0045, 42.2464] }},
{"zip_code":"49029","country":"US","city":"Burlington","state":"Michigan","state_ab":"MI","county":"Calhoun","geo_location":{ "type": "Point", "coordinates": [-85.105, 42.1239] }},
{"zip_code":"49069","country":"US","city":"Marshall","state":"Michigan","state_ab":"MI","county":"Calhoun","geo_location":{ "type": "Point", "coordinates": [-84.9499, 42.2045] }},
{"zip_code":"49713","country":"US","city":"Boyne Falls","state":"Michigan","state_ab":"MI","county":"Charlevoix","geo_location":{ "type": "Point", "coordinates": [-84.8916, 45.2116] }},
{"zip_code":"49726","country":"US","city":"Drummond Island","state":"Michigan","state_ab":"MI","county":"Chippewa","geo_location":{ "type": "Point", "coordinates": [-83.7367, 46.0055] }},
{"zip_code":"49780","country":"US","city":"Rudyard","state":"Michigan","state_ab":"MI","county":"Chippewa","geo_location":{ "type": "Point", "coordinates": [-84.8004, 46.2585] }},
{"zip_code":"49793","country":"US","city":"Trout Lake","state":"Michigan","state_ab":"MI","county":"Chippewa","geo_location":{ "type": "Point", "coordinates": [-85.0068, 46.2159] }},
{"zip_code":"48633","country":"US","city":"Lake George","state":"Michigan","state_ab":"MI","county":"Clare","geo_location":{ "type": "Point", "coordinates": [-84.9193, 43.9583] }},
{"zip_code":"48853","country":"US","city":"Maple Rapids","state":"Michigan","state_ab":"MI","county":"Clinton","geo_location":{ "type": "Point", "coordinates": [-84.6898, 43.0992] }},
{"zip_code":"48866","country":"US","city":"Ovid","state":"Michigan","state_ab":"MI","county":"Clinton","geo_location":{ "type": "Point", "coordinates": [-84.3649, 42.9969] }},
{"zip_code":"48879","country":"US","city":"Saint Johns","state":"Michigan","state_ab":"MI","county":"Clinton","geo_location":{ "type": "Point", "coordinates": [-84.5719, 43.0059] }},
{"zip_code":"49739","country":"US","city":"Grayling","state":"Michigan","state_ab":"MI","county":"Crawford","geo_location":{ "type": "Point", "coordinates": [-84.6104, 44.683] }},
{"zip_code":"49829","country":"US","city":"Escanaba","state":"Michigan","state_ab":"MI","county":"Delta","geo_location":{ "type": "Point", "coordinates": [-87.089, 45.7659] }},
{"zip_code":"49870","country":"US","city":"Norway","state":"Michigan","state_ab":"MI","county":"Dickinson","geo_location":{ "type": "Point", "coordinates": [-87.9047, 45.7862] }}]}